# 3ds Max Wavefront OBJ Exporter v0.99 - (c)2007 guruware
# File Created: 23.06.2025 12:40:50

mtllib DinoLow0.mtl

#
# object DinoBody
#

v  -1.1066 11.8704 6.2042
v  -1.2732 11.9883 6.2963
v  -1.2764 11.9661 6.0793
v  -1.1125 11.9114 6.1370
v  -1.1575 11.8010 6.0080
v  -1.0786 11.8574 6.1378
v  -0.9922 11.6581 6.5211
v  -1.0498 11.8087 6.6950
v  -0.9155 11.5735 6.2116
v  -0.9075 11.6565 6.3272
v  -1.0204 11.9092 6.1721
v  -0.8673 11.6668 6.4500
v  -0.6244 11.5067 6.6657
v  -0.7161 11.4661 6.7780
v  -0.2901 11.3372 6.8286
v  -0.3359 11.3063 6.9447
v  0.0000 11.2807 6.8667
v  0.0000 11.2489 6.9905
v  -0.7580 11.6273 6.9590
v  -0.3779 11.4225 7.1749
v  0.0000 11.3510 7.2518
v  -0.6731 11.9407 7.5066
v  -0.7629 11.8829 7.2822
v  -0.4064 11.5516 7.3963
v  -0.4692 11.6657 7.4793
v  -0.7293 12.2447 7.6338
v  -0.8262 12.4280 7.5491
v  -0.6809 12.4655 7.8017
v  -0.6939 12.6565 7.8558
v  -0.2784 11.6916 7.7743
v  -0.4941 11.8410 7.7001
v  -0.4158 12.3069 8.0676
v  -0.6052 12.1956 7.8330
v  0.0000 11.6774 7.8659
v  0.0000 12.2969 8.2066
v  0.0000 12.9777 8.2860
v  -0.4504 12.9821 8.1541
v  -0.7188 13.0094 7.9152
v  0.0000 11.4624 7.5191
v  -0.8725 12.9901 7.5912
v  -0.4209 13.8378 8.0151
v  -0.7365 13.7730 7.7903
v  0.0000 13.8399 8.1095
v  -0.9218 13.6337 7.4522
v  0.0000 14.5344 7.6867
v  -0.4267 14.5289 7.6473
v  -0.8485 14.4373 7.5304
v  -1.0369 14.1951 7.1938
v  -0.9766 15.0577 6.9866
v  -1.2941 14.7267 6.7218
v  -0.4589 15.1585 7.0285
v  0.0000 15.1656 7.0469
v  -1.0956 12.0974 6.8094
v  -1.3685 12.2672 6.3344
v  -1.4338 12.0514 5.9836
v  -1.2449 11.7830 5.8711
v  -0.8875 11.4990 6.0522
v  -1.0691 12.5855 7.0603
v  -0.6878 11.3313 6.3761
v  -0.6966 11.4201 6.4967
v  -0.3881 11.1825 6.5022
v  -0.4077 11.2512 6.6300
v  0.0000 11.1165 6.5488
v  0.0000 11.1844 6.6822
v  -0.6491 11.2607 6.2249
v  -0.3788 11.1225 6.3276
v  0.0000 11.0532 6.3852
v  -1.2542 12.8486 6.6646
v  -1.0122 12.9670 7.2173
v  -1.0831 13.3147 6.9994
v  -1.7401 12.2853 5.6774
v  -1.5844 12.0313 5.4155
v  -1.6798 12.6876 5.9436
v  -1.4593 13.2457 6.2616
v  -1.2219 13.7735 6.6714
v  -2.1036 12.6192 5.2314
v  -1.8812 12.2983 4.9163
v  -2.0346 13.0892 5.5869
v  -1.7281 13.6416 5.8680
v  -1.4513 14.2005 6.2445
v  -2.4274 12.9210 4.7239
v  -2.1038 12.6048 4.4116
v  -0.3335 11.1526 6.1694
v  0.0000 11.0929 6.2077
v  -0.5794 11.3022 6.0493
v  -0.8143 11.4888 5.9011
v  -1.1020 11.7334 5.6093
v  -1.2790 11.9906 5.1806
v  -1.5032 12.1990 4.6941
v  -1.7061 12.4745 4.2167
v  -1.2641 12.5439 4.0940
v  -1.0917 12.2935 4.5616
v  -0.8893 12.1421 5.0257
v  -0.7190 11.9536 5.3459
v  -0.5549 11.7148 5.6526
v  -0.4166 11.5067 5.8446
v  -0.2348 11.3767 5.9517
v  0.0000 11.3102 6.0063
v  -1.0284 12.8074 4.1688
v  -0.9079 12.5779 4.5995
v  -2.4321 13.4356 5.1674
v  -2.0756 14.0149 5.4713
v  -1.7129 14.5501 5.7842
v  -1.5030 15.0631 6.1890
v  -1.0943 15.4556 6.4508
v  -0.5146 15.5741 6.4965
v  0.0000 15.5965 6.4983
v  -0.7239 12.4199 4.9868
v  -0.5452 12.2495 5.3313
v  -0.3872 12.0732 5.6151
v  -0.2872 11.9590 5.7913
v  -0.1541 11.8958 5.8925
v  0.0000 11.8593 5.9361
v  0.0000 11.2751 6.6451
v  -0.3694 11.3347 6.5890
v  -0.6286 11.4889 6.4556
v  -0.8349 11.7079 6.3062
v  -1.0080 11.9069 6.1219
v  -1.0463 11.9578 6.1061
v  -1.3983 12.9333 3.7401
v  -1.0547 13.1086 3.8296
v  -1.8451 12.8775 3.8891
v  -1.6181 13.4274 3.5569
v  -1.1218 13.3838 3.6013
v  -2.1323 12.8864 4.1470
v  -2.3803 13.2038 4.3091
v  -2.5662 13.7489 4.6266
v  -2.0725 13.3388 3.9097
v  -2.2521 13.9043 4.0779
v  -1.8697 13.9931 3.4768
v  -2.4010 14.3591 5.0395
v  -2.3081 14.5301 4.4063
v  -2.0663 14.6334 3.8121
v  -2.0308 14.8781 5.3439
v  -2.1088 15.0722 4.7080
v  -1.9844 15.1286 4.0906
v  -1.6941 15.3764 5.6369
v  -1.7843 15.5535 4.9125
v  -1.7844 15.5919 4.1755
v  -1.2040 15.7718 5.8503
v  -1.3214 15.9975 5.0786
v  -1.3954 16.0531 4.2101
v  -0.5668 15.9137 5.9639
v  -0.6929 16.2567 5.1785
v  -0.8242 16.4570 4.2749
v  0.0000 15.9277 5.9661
v  0.0000 16.2588 5.2022
v  0.0000 16.5263 4.2359
v  -1.2344 13.7534 3.2603
v  -1.8671 14.3822 2.9174
v  -1.2498 14.1669 2.7775
v  -1.8645 14.7822 2.3375
v  -1.2930 14.5411 2.2620
v  -1.7772 15.0775 1.6782
v  -1.1384 14.8676 1.6614
v  -1.6068 15.2634 0.8629
v  -1.1335 15.0676 0.9348
v  -1.4420 15.2629 0.0196
v  -0.9214 14.9940 0.1429
v  -1.2872 15.0919 -0.6311
v  -0.9285 14.8773 -0.4970
v  -1.1409 14.8035 -1.1655
v  -0.7768 14.5889 -1.0050
v  -1.0337 14.5116 -1.5874
v  -0.7598 14.3436 -1.3940
v  -0.9528 14.1809 -1.9422
v  -0.6003 14.0187 -1.7668
v  -0.9296 13.8471 -2.2550
v  -0.6750 13.6817 -2.0254
v  -0.8889 13.5619 -2.6051
v  -0.5690 13.3687 -2.3755
v  -0.7696 13.2646 -3.1096
v  -0.5199 13.0577 -2.8914
v  -0.5239 12.9575 -3.6271
v  -0.3154 12.7844 -3.3920
v  0.0000 12.8638 -3.8684
v  0.0000 12.6787 -3.5813
v  -0.5232 13.2605 -3.8136
v  0.0000 13.1817 -4.0582
v  -0.7061 13.5833 -3.3374
v  -0.8044 13.8979 -2.8942
v  -0.9121 14.2264 -2.5929
v  -1.0401 14.5938 -2.2894
v  -1.1238 14.9650 -1.8815
v  -1.2047 15.2943 -1.4109
v  -1.3641 15.6301 -0.8288
v  -1.5194 15.8665 -0.0427
v  -0.3616 13.5460 -3.7387
v  0.0000 13.5470 -3.8403
v  -0.4366 13.7729 -3.4219
v  0.0000 13.8357 -3.4734
v  -0.4650 14.0677 -3.0303
v  0.0000 14.1220 -3.0721
v  -0.4936 14.4291 -2.7273
v  0.0000 14.4806 -2.7474
v  -0.5802 14.8862 -2.4703
v  0.0000 14.9549 -2.4964
v  -0.6439 15.3106 -2.0550
v  0.0000 15.3916 -2.0875
v  -1.6610 15.9487 0.9503
v  -1.7954 15.8502 2.1530
v  -2.0002 15.2793 2.8062
v  -2.0515 14.8708 3.2838
v  -0.9702 16.5533 0.9423
v  -1.0134 16.5780 2.0917
v  -0.8916 16.4012 -0.0847
v  -0.6975 15.6762 -1.5409
v  -0.7902 16.0767 -0.9137
v  -1.9690 15.1815 3.6169
v  0.0000 15.7752 -1.5492
v  0.0000 16.1861 -0.9023
v  0.0000 16.5157 -0.0590
v  0.0000 16.6823 0.9563
v  0.0000 16.7120 2.0609
v  -0.9668 16.5513 3.2174
v  0.0000 16.6764 3.1493
v  -1.5362 16.0350 3.2885
v  -1.8455 15.5351 3.4743
v  -0.8730 14.4135 0.6850
v  -0.8817 14.3018 1.2849
v  -1.0978 14.5136 1.4159
v  -1.0847 14.6624 0.7693
v  -0.7923 14.7491 0.1309
v  -0.6518 14.5934 0.1157
v  0.0000 12.5478 -3.2277
v  -0.2531 12.6569 -3.1478
v  -0.2905 12.7045 -3.2789
v  0.0000 12.5585 -3.4359
v  -0.4102 12.8758 -2.6650
v  -0.4726 12.9586 -2.7797
v  0.0000 12.6128 -3.0117
v  -0.1765 12.6510 -2.9929
v  -0.2552 12.7963 -2.5306
v  0.0000 12.7556 -2.4768
v  -0.4922 13.1678 -2.1704
v  -0.5437 13.2664 -2.2957
v  -0.3059 13.0816 -2.0558
v  0.0000 13.0577 -2.0205
v  -0.5385 13.4588 -1.8193
v  -0.6276 13.5669 -1.9342
v  -0.3074 13.3672 -1.7159
v  0.0000 13.3191 -1.6946
v  -0.5047 13.8159 -1.5168
v  -0.5656 13.9124 -1.6283
v  -0.2850 13.7421 -1.4115
v  0.0000 13.7146 -1.3967
v  -0.6037 14.0517 -1.1557
v  -0.7108 14.1754 -1.2642
v  -0.3513 13.9431 -1.0653
v  0.0000 13.9028 -1.0305
v  -0.6045 14.3092 -0.7515
v  -0.7239 14.4470 -0.8686
v  -0.3462 14.1901 -0.7000
v  0.0000 14.1466 -0.6939
v  -0.6760 14.4406 -0.3218
v  -0.8430 14.6095 -0.3873
v  -0.3794 14.3101 -0.3043
v  0.0000 14.2529 -0.3469
v  -0.3962 14.4587 0.1139
v  0.0000 14.3935 0.0995
v  -0.5026 14.2417 0.6287
v  0.0000 14.1833 0.6149
v  -0.5069 14.1258 1.1701
v  0.0000 14.0852 1.1589
v  -1.1191 13.9214 1.6868
v  -1.3638 14.2093 1.9244
v  -0.6191 13.7215 1.5159
v  0.0000 13.6736 1.4634
v  -1.1032 13.6659 2.2019
v  -1.3020 13.8538 2.4632
v  -0.6287 13.4975 2.0069
v  0.0000 13.4584 1.9253
v  -1.3376 13.3251 2.3389
v  -1.5031 13.5714 2.8220
v  -1.3850 12.9209 2.5850
v  -1.4339 13.1658 3.1119
v  -1.1969 12.7336 2.7368
v  -1.2163 12.8954 3.1697
v  -0.7852 12.8227 2.2341
v  -0.6926 12.6224 2.3855
v  0.0000 12.7943 2.1299
v  0.0000 12.5798 2.3013
v  -0.7615 13.1742 2.0809
v  0.0000 13.0972 1.9812
v  -1.0044 13.0232 3.7913
v  -1.0215 13.0291 3.5198
v  -0.9777 12.7532 3.9074
v  -1.0586 12.6247 3.6496
v  -1.0078 12.1959 3.7115
v  -0.9195 12.1627 4.0056
v  -0.8804 11.7999 3.6903
v  -0.8346 11.7729 4.0656
v  -0.5876 12.2876 4.1851
v  -0.5075 12.0176 4.2168
v  -0.5583 12.4854 4.5649
v  -0.4483 11.7159 4.2402
v  -0.8577 11.4373 3.8565
v  -0.7231 11.3993 4.0950
v  -0.7698 11.0240 3.8292
v  -0.6340 11.0037 4.0819
v  -0.6795 10.6060 3.7422
v  -0.5457 10.5624 4.0691
v  -0.3951 11.3790 4.2422
v  -0.3352 10.9919 4.1861
v  -0.2805 10.5515 4.1225
v  -0.6201 10.1051 3.7888
v  -0.4498 10.0537 4.0115
v  -0.5745 9.5486 3.6968
v  -0.3506 9.4820 3.8708
v  -0.5559 9.1192 3.5857
v  -0.3101 8.8919 3.7166
v  -0.2155 10.0717 4.0389
v  -0.1459 9.5110 3.8525
v  -0.0930 9.0464 3.6487
v  0.0000 9.0490 3.6426
v  0.0000 9.4992 3.8660
v  0.0000 10.0811 4.0928
v  0.0000 10.5494 4.2126
v  0.0000 11.0076 4.3142
v  0.0000 11.3879 4.3552
v  0.0000 11.6782 4.3479
v  0.0000 11.8875 4.3330
v  0.0000 12.0999 4.3396
v  0.0000 12.3417 4.7587
v  -0.4621 12.4010 4.7859
v  0.0000 12.2881 4.9314
v  -0.3743 12.2920 5.0608
v  0.0000 12.2156 5.1464
v  -0.2831 12.1849 5.3570
v  0.0000 12.1324 5.4131
v  -0.2055 12.0500 5.6419
v  0.0000 11.9961 5.7122
v  -1.2915 12.5642 3.2914
v  -1.3280 12.1029 2.7546
v  -1.2224 12.1610 3.3625
v  -1.3414 12.4859 2.7247
v  -1.0637 11.7550 2.8329
v  -1.0450 11.7822 3.3200
v  -1.2198 11.4485 2.7761
v  -1.0912 11.4381 3.4077
v  -1.1567 10.9666 2.7343
v  -1.0313 10.9769 3.3381
v  -1.0807 10.4811 2.6177
v  -0.9038 10.5447 3.2363
v  -0.9136 11.0314 2.2988
v  -1.0283 10.7076 2.2622
v  -0.6262 11.4482 2.3138
v  -0.6167 11.7021 2.4458
v  0.0000 11.6709 2.3445
v  0.0000 11.3203 2.2703
v  -0.7753 12.0030 2.3380
v  -0.7421 12.3674 2.3195
v  0.0000 11.9545 2.2781
v  0.0000 12.3029 2.2585
v  -1.0835 12.2349 6.0692
v  -0.9000 12.0706 6.3069
v  -0.5993 11.8955 6.5404
v  -0.2299 11.7350 6.7068
v  0.0000 11.7258 6.7261
v  0.0000 11.4010 6.3726
v  -0.3118 11.4582 6.3415
v  -0.6123 11.6222 6.2165
v  -0.8689 11.8514 6.0539
v  -1.0670 12.0783 5.9032
v  -1.1255 12.2189 5.9217
v  -1.0833 12.4760 5.9781
v  -0.9185 12.5070 6.0572
v  -0.6314 12.5002 6.1341
v  -0.3217 12.4721 6.1781
v  0.0000 12.4726 6.1760
v  0.0000 12.1376 5.8150
v  -0.3232 12.1377 5.8134
v  -0.6283 12.1886 5.7978
v  -0.8895 12.2525 5.7842
v  -1.0531 12.2943 5.7887
v  -1.1182 12.4188 5.8453
v  -0.9818 12.4937 5.8190
v  -0.7203 12.5185 5.8119
v  -0.3918 12.5179 5.8114
v  0.0000 12.5185 5.8100
v  -0.5845 12.1103 7.5811
v  -0.5005 12.1646 7.6212
v  -0.4380 11.9216 7.5322
v  -0.5479 11.9986 7.5293
v  -0.5066 11.9246 7.6399
v  -0.5547 12.1051 7.6996
v  -7.2435 3.7235 3.1511
v  -7.2593 4.3157 3.3945
v  -6.8788 4.1846 3.2224
v  -6.8872 3.9602 3.0754
v  -6.7357 3.7871 2.9744
v  -6.8788 3.5375 2.9285
v  -6.1782 3.5503 2.8225
v  -6.2007 3.4868 2.7932
v  -6.0992 3.5347 2.8389
v  -6.1331 3.3984 2.8162
v  -6.5427 3.7540 3.1388
v  -6.6213 3.8385 3.2130
v  -6.6890 3.9753 3.3161
v  -6.1516 3.4979 2.9263
v  -6.1997 3.3834 2.9166
v  -6.6071 3.5427 3.2554
v  -6.7791 3.3142 3.2502
v  -6.9435 3.2698 3.0841
v  -7.3145 3.5657 3.3596
v  -7.3589 4.1676 3.6360
v  -7.0769 3.5491 3.5344
v  -6.7265 3.6526 3.4290
v  -7.1299 3.9307 3.7672
v  -6.7710 3.8668 3.5859
v  -6.4854 4.1718 3.3429
v  -6.6003 4.0945 3.7235
v  -6.7555 4.3984 3.2087
v  -7.2393 4.5718 3.4424
v  -7.0591 4.2002 4.0300
v  -6.4722 4.5303 3.4758
v  -6.5546 4.4329 3.9584
v  -6.8513 4.5576 4.2302
v  -6.6843 4.6647 3.3318
v  -7.0645 4.8645 3.5039
v  -7.3977 4.4071 3.7988
v  -7.1702 4.8770 3.9335
v  -3.0933 9.9448 -0.9624
v  -3.3889 10.4316 -1.3897
v  -3.1260 10.3440 -1.5460
v  -2.8560 9.8052 -1.1613
v  -2.5649 9.4688 -0.6267
v  -2.8354 9.5728 -0.4127
v  -2.4163 9.2480 -0.2654
v  -2.6689 9.3721 -0.0398
v  -2.2471 9.1731 0.2195
v  -2.5300 9.2622 0.4254
v  -1.9622 9.1249 -0.4057
v  -1.8368 9.0734 0.2034
v  -1.5212 9.3411 -0.4165
v  -1.4366 9.2659 0.2427
v  -1.3450 9.7943 -0.3933
v  -1.2252 9.5898 0.2377
v  -2.2244 9.4286 -0.8328
v  -1.8503 9.6422 -0.9116
v  -1.6077 10.0537 -0.8298
v  -2.5045 9.7444 -1.4919
v  -2.0887 10.0244 -1.5298
v  -1.9000 10.4498 -1.2632
v  -2.4468 10.5570 -1.7615
v  -2.2416 10.8878 -1.5898
v  -2.8312 10.3669 -1.7168
v  -1.2805 10.2426 -0.2612
v  -1.0703 10.0961 0.3195
v  -1.5361 10.4198 -0.7163
v  -1.8562 10.7183 -1.0771
v  -2.1768 11.1047 -1.4090
v  -1.6978 10.6757 -0.0150
v  -1.4317 10.6975 0.4785
v  -2.1373 10.6362 0.2213
v  -2.0485 10.7544 0.7925
v  -2.7861 9.6711 0.6838
v  -2.8342 9.8430 0.2000
v  -2.5952 10.3241 0.9913
v  -2.5474 10.3564 0.2803
v  -2.9348 10.0213 -0.2148
v  -2.6831 10.5279 -0.1522
v  -2.3027 10.8005 -0.2592
v  -1.8752 10.8066 -0.4661
v  -3.1248 10.2878 -0.6560
v  -2.8627 10.7732 -0.5085
v  -2.0452 10.9985 -0.8027
v  -2.4711 11.0352 -0.5642
v  -3.4109 10.7085 -1.0527
v  -3.1194 11.0724 -0.8247
v  -2.6909 11.3346 -0.8888
v  -2.3384 11.3008 -1.1435
v  -3.0161 10.8071 -2.1675
v  -2.6542 11.0164 -2.1638
v  -3.3319 11.4196 -2.3149
v  -3.0114 11.6017 -2.3039
v  -3.6347 11.9513 -2.6856
v  -3.2589 12.1056 -2.6573
v  -3.9459 12.7903 -3.1039
v  -3.6266 12.9397 -3.0998
v  -4.2182 13.6119 -3.8447
v  -3.9313 13.7292 -3.8214
v  -4.3584 14.2966 -4.8725
v  -4.0979 14.4147 -4.8228
v  -4.2788 14.7817 -6.1289
v  -4.0111 14.9070 -6.0481
v  -4.1635 15.1028 -7.4978
v  -3.8961 15.2480 -7.4351
v  -4.1208 15.2566 -8.9529
v  -3.8862 15.3963 -8.9165
v  -4.2006 15.1669 -10.0539
v  -4.0320 15.2777 -10.0837
v  -4.4197 14.9695 -10.8922
v  -4.2840 15.0648 -10.9295
v  -4.6062 14.8536 -11.4538
v  -4.5096 14.9306 -11.4878
v  -3.3858 10.8032 -1.9326
v  -3.6619 11.3877 -2.1475
v  -3.9574 11.9496 -2.4462
v  -4.2429 12.7898 -2.9400
v  -4.5403 13.6097 -3.6849
v  -4.7262 14.3027 -4.8139
v  -4.5373 14.7920 -6.1274
v  -4.3735 15.0896 -7.4791
v  -4.2803 15.2126 -8.9166
v  -4.3776 15.1594 -9.9902
v  -4.5870 14.9528 -10.8306
v  -4.7442 14.8260 -11.4363
v  -4.2001 15.1944 -10.9676
v  -4.4767 15.0273 -11.5578
v  -3.9402 15.3878 -10.1053
v  -3.7858 15.5275 -8.8671
v  -3.7749 15.3948 -7.3859
v  -3.8538 15.1232 -5.9222
v  -3.9256 14.6034 -4.6882
v  -3.7252 13.8764 -3.6585
v  -3.3920 13.0837 -2.8845
v  -2.4611 11.2907 -1.8637
v  -2.8316 11.7743 -2.1320
v  -3.0904 12.3580 -2.4428
v  -2.4124 11.4212 -1.6228
v  -2.7580 11.9402 -1.8709
v  -3.0486 12.5225 -2.1982
v  -3.3127 13.2689 -2.6818
v  -3.6152 14.0889 -3.4634
v  -3.8449 14.8407 -4.5408
v  -3.7715 15.3688 -5.8314
v  -3.6380 15.6916 -7.3152
v  -3.6801 15.8374 -8.8473
v  -3.8838 15.6909 -10.1626
v  -4.1748 15.4037 -11.0398
v  -4.4598 15.1564 -11.6566
v  -3.5962 10.8119 -1.6826
v  -3.8806 11.3792 -1.9392
v  -4.1668 12.0069 -2.2313
v  -4.4843 12.8505 -2.7531
v  -4.7932 13.7024 -3.5140
v  -4.9775 14.4754 -4.6778
v  -4.8535 14.9779 -6.1157
v  -4.6467 15.2812 -7.4312
v  -4.5105 15.4148 -8.8214
v  -4.5655 15.2566 -9.9423
v  -4.7787 15.0316 -10.7878
v  -4.9293 14.8573 -11.4359
v  -3.6187 11.0297 -1.2593
v  -3.3520 11.4183 -1.0470
v  -2.9511 11.6272 -1.1053
v  -2.5903 11.5859 -1.3358
v  -2.9313 12.0680 -1.6022
v  -3.2410 12.0917 -1.3645
v  -3.9173 11.5577 -1.4907
v  -3.6244 11.9036 -1.2688
v  -3.5214 12.7205 -1.6434
v  -3.9439 12.5844 -1.5686
v  -4.2295 12.2434 -1.8143
v  -3.1888 12.6215 -1.8716
v  -3.4923 13.5065 -2.3699
v  -3.8419 13.6058 -2.1202
v  -4.3259 13.4640 -2.0643
v  -4.5920 13.1017 -2.3453
v  -4.1514 14.5530 -3.0444
v  -4.6413 14.4473 -2.9919
v  -4.3292 15.2767 -4.2677
v  -4.7667 15.2229 -4.2496
v  -4.9130 14.0775 -3.1859
v  -5.0599 14.8817 -4.4117
v  -3.7994 14.3941 -3.2294
v  -4.0144 15.1061 -4.3714
v  -4.2283 15.8420 -5.7478
v  -4.6170 15.8027 -5.8197
v  -4.9044 15.4861 -5.9847
v  -3.9321 15.6659 -5.7638
v  -4.4619 16.0184 -7.3347
v  -4.6607 15.6989 -7.4015
v  -3.7549 15.9768 -7.2877
v  -4.0932 16.1458 -7.2863
v  -4.5215 15.7450 -8.8275
v  -4.3692 16.0440 -8.8207
v  -4.0729 16.1824 -8.8211
v  -3.7760 16.0536 -8.8402
v  -4.2743 15.9586 -10.1332
v  -4.5344 15.8170 -10.0839
v  -4.0071 15.8784 -10.1638
v  -4.6474 15.5452 -10.0108
v  -4.8627 15.2776 -10.8304
v  -4.7689 15.5240 -10.9286
v  -4.9892 15.0750 -11.4543
v  -4.9046 15.2585 -11.5029
v  -4.5253 15.6284 -11.0138
v  -4.7354 15.3351 -11.5752
v  -4.3071 15.5556 -11.0431
v  -4.5788 15.2860 -11.6337
v  -4.9240 14.8503 -11.8999
v  -4.9853 15.0120 -11.8646
v  -4.8166 15.1051 -11.9444
v  -4.7327 14.9758 -11.9807
v  -4.9476 15.1257 -11.8000
v  -4.8582 15.1752 -11.8425
v  -4.7080 14.8481 -11.7198
v  -4.6543 14.8897 -11.7354
v  -4.6853 14.9119 -11.8448
v  -4.7940 14.8361 -11.8002
v  -2.4653 10.4944 1.3618
v  -1.7648 11.0735 1.3891
v  -0.9442 9.4507 0.6004
v  -0.7192 10.2288 0.7223
v  -0.4214 9.9268 0.9736
v  -0.5276 9.4490 0.9774
v  -1.3398 9.0671 0.3862
v  -1.7523 8.8909 0.3037
v  -0.5440 8.9834 0.8906
v  -0.9160 8.9076 0.6762
v  -2.1748 8.9568 0.4109
v  -2.5973 9.1626 0.5774
v  -2.8855 9.5824 0.8411
v  -1.2611 8.7092 0.4620
v  -1.6769 8.5345 0.3900
v  -2.1861 8.4511 0.5398
v  -0.5311 8.5702 0.7851
v  -0.8627 8.4870 0.6789
v  -0.5161 8.2366 0.7225
v  -0.7870 8.1377 0.6167
v  -1.1726 8.3322 0.5178
v  -1.0771 7.9942 0.5196
v  -1.5135 8.1281 0.4869
v  -1.3411 7.7576 0.5729
v  -1.8568 7.9168 0.6350
v  -1.5671 7.5421 0.8142
v  -0.3479 11.2737 1.7876
v  0.0000 11.0439 2.0427
v  0.0000 10.6719 1.6719
v  -0.2736 10.8625 1.5468
v  -2.3143 10.5686 1.7161
v  -1.8016 10.9426 1.7964
v  -2.0278 10.4995 1.9028
v  -1.7070 10.5742 1.9458
v  -1.2642 11.0595 2.0582
v  -1.2778 10.6663 2.1105
v  -1.1568 11.3159 1.8640
v  -0.7574 11.1725 1.4531
v  -1.1451 10.9900 0.9641
v  -0.4685 10.6422 1.1905
v  -0.2486 10.3831 1.2649
v  -1.4189 10.4561 2.4965
v  -1.7691 10.4198 2.3925
v  -2.0127 10.4126 2.2802
v  -1.4319 9.7773 2.7295
v  -1.0474 9.6873 2.7767
v  -0.8667 9.9185 3.2773
v  -0.7861 9.5935 3.3198
v  -0.8037 9.4081 3.2229
v  -5.6023 1.2080 -0.8237
v  -5.9792 1.3575 -0.3926
v  -5.8090 1.6595 -0.2092
v  -5.4099 1.4595 -0.6240
v  -5.6032 1.4206 0.0634
v  -5.2758 1.3677 -0.3092
v  -5.6075 0.8985 0.0683
v  -5.4449 0.9050 -0.0725
v  -5.8391 0.5906 -0.1943
v  -5.6958 0.6375 -0.3013
v  -6.0134 0.8496 -0.4031
v  -5.7432 0.8348 -0.6775
v  -5.9698 0.5650 0.2267
v  -6.0105 0.4106 0.0010
v  -5.9287 0.5292 -0.1101
v  -5.8056 0.7798 0.1541
v  -6.1323 0.1364 0.3064
v  -6.1802 0.0652 0.2551
v  -6.1589 0.1681 0.3628
v  -6.2539 0.1166 0.3506
v  -6.0720 0.7742 0.4124
v  -5.8826 1.2389 0.3192
v  -6.2859 0.1884 0.2678
v  -6.2515 0.1524 0.2261
v  -6.2346 0.5463 -0.0212
v  -6.1560 0.7620 -0.1931
v  -6.3137 0.8807 0.4072
v  -6.3430 0.7795 0.1649
v  -6.1585 1.3633 0.1881
v  -6.2302 1.1551 -0.0403
v  -5.2200 1.4844 -0.7916
v  -5.5273 1.1988 -0.9678
v  -5.6741 0.6948 -0.8784
v  -5.6440 0.4458 -0.3328
v  -5.2939 0.8049 -0.0674
v  -5.0843 1.3160 -0.2954
v  -4.6068 0.9392 -0.6332
v  -4.9279 1.1174 -1.0826
v  -4.9565 0.5955 -0.2009
v  -5.1732 0.8472 -1.2656
v  -5.4727 0.3486 -1.2307
v  -5.5229 0.1907 -0.4270
v  -5.3365 -0.0122 -0.5613
v  -4.9023 -0.0117 -0.3398
v  -5.3506 -0.0032 -1.2318
v  -4.8311 0.7219 0.3217
v  -4.7192 1.3114 0.0732
v  -4.7207 0.8020 0.4921
v  -4.7227 1.3340 0.3232
v  -4.8391 0.7795 0.8191
v  -4.8555 1.3476 0.8131
v  -4.8738 0.7182 1.0379
v  -4.8960 1.2883 1.1829
v  -4.8948 0.5724 1.2883
v  -4.9009 1.0110 1.5623
v  -4.8591 0.1196 1.7678
v  -4.8701 0.1677 1.8146
v  -4.8120 0.0406 1.8207
v  -4.8188 0.1034 1.8882
v  -4.7476 1.0014 1.7394
v  -4.6477 1.4753 1.3862
v  -4.5020 1.6316 0.8906
v  -4.3932 1.4670 0.3432
v  -4.6384 0.3606 1.2603
v  -4.5896 0.4578 1.0968
v  -4.5532 0.5271 0.9512
v  -4.4641 0.6262 0.7031
v  -4.7358 0.0967 1.8060
v  -4.7379 0.1492 1.8566
v  -4.5012 0.8446 1.6353
v  -4.4709 0.5354 1.3903
v  -4.3727 0.6958 1.2358
v  -4.2812 0.8193 1.0388
v  -4.2198 0.8882 0.7888
v  -4.1562 1.3132 0.6183
v  -4.2593 1.3459 0.9796
v  -4.3518 1.2308 1.3303
v  -4.4260 0.4561 0.5950
v  -4.0742 0.8049 0.6882
v  -4.3798 0.2209 0.3979
v  -4.3165 -0.0210 0.1448
v  -3.7122 0.4666 0.2183
v  -3.6614 -0.0193 0.0825
v  -3.0732 -0.0190 0.2561
v  -3.0208 0.1169 0.5300
v  -2.9419 0.3237 0.8582
v  -3.3600 0.7063 0.7419
v  -2.8812 0.5527 0.9380
v  -3.1840 0.7963 0.8950
v  -4.0235 1.2770 0.5088
v  -3.6897 0.7930 -0.0841
v  -3.3903 1.2013 0.5176
v  -4.3020 1.5042 0.1081
v  -4.0940 1.2219 -0.4401
v  -3.1860 1.2297 0.7333
v  -2.9137 1.4263 0.3318
v  -3.0901 1.0901 -0.3777
v  -2.8654 1.3677 0.5959
v  -4.6416 1.5539 -1.7634
v  -4.8043 1.3732 -1.4137
v  -4.4271 1.1326 -1.0441
v  -4.2750 1.4245 -1.4074
v  -4.7072 1.1633 -2.1241
v  -4.9659 0.9319 -1.7164
v  -3.9974 1.4620 -0.8177
v  -3.8993 1.6773 -1.2066
v  -3.6199 1.0347 -0.6314
v  -3.5273 1.3568 -1.1282
v  -3.0423 1.4355 -0.7476
v  -3.0731 1.5798 -1.2018
v  -2.6918 0.8612 -0.9608
v  -2.7910 1.1124 -1.4830
v  -2.7463 0.6600 -0.3989
v  -2.5586 1.1174 0.3146
v  -2.6248 1.1134 0.5890
v  -2.6321 0.7090 0.7435
v  -2.5208 0.6137 0.5698
v  -2.5859 0.2738 -0.1283
v  -2.7421 -0.0166 -0.1696
v  -3.1470 0.8306 1.2422
v  -3.1443 1.3161 1.2063
v  -3.0784 0.7497 1.5309
v  -3.0608 1.3023 1.6907
v  -3.0061 0.6040 1.7610
v  -2.9421 0.8809 2.1097
v  -2.7825 0.0908 2.1464
v  -2.7966 0.1721 2.2196
v  -2.8288 0.5254 1.2275
v  -2.7928 0.4734 1.4303
v  -2.7589 0.3579 1.6315
v  -2.7178 0.0300 2.1507
v  -2.7183 0.1418 2.2870
v  -2.7652 0.9409 2.2159
v  -2.7543 1.4678 1.7240
v  -2.8062 1.5315 1.1492
v  -2.5522 0.7806 1.1243
v  -2.5308 0.7455 1.4118
v  -2.5439 0.5872 1.7101
v  -2.6252 0.1405 2.1265
v  -2.6276 0.2222 2.2095
v  -2.5398 0.8224 1.9712
v  -2.5422 1.2628 1.5518
v  -2.5688 1.2854 1.1141
v  -4.1122 1.6355 -1.8149
v  -4.4177 1.6663 -2.1168
v  -4.3811 1.4492 -2.4783
v  -3.7899 1.7805 -1.6462
v  -3.4923 1.6621 -1.6499
v  -3.1543 1.6604 -1.6826
v  -2.9507 1.3499 -1.9866
v  -5.2312 0.3950 -1.8699
v  -4.9485 0.4858 -2.3169
v  -4.6523 0.5756 -2.6906
v  -5.1755 -0.0051 -1.8214
v  -4.8797 0.0168 -2.3072
v  -4.5581 0.0176 -2.6715
v  -2.4106 0.4257 -0.9174
v  -2.5291 -0.0117 -0.9634
v  -2.4207 0.5500 -1.5514
v  -2.4702 0.0007 -1.6272
v  -2.4866 0.6164 -2.0881
v  -2.5115 0.0081 -2.0953
v  -4.7122 -0.0242 -0.9632
v  -4.0817 -0.0278 -0.6841
v  -3.4255 -0.0304 -0.4856
v  -3.2221 -0.0264 -1.1542
v  -3.8772 -0.0241 -1.3569
v  -4.5133 -0.0203 -1.5672
v  -4.2877 -0.0180 -2.1261
v  -3.6889 -0.0211 -1.9599
v  -3.0904 -0.0232 -1.7760
v  -2.6372 0.0146 -2.5675
v  -2.5907 0.6565 -2.6110
v  -4.3640 0.6442 -2.9858
v  -4.2542 0.0217 -2.9426
v  -4.2131 1.5297 -2.8503
v  -4.4502 1.7809 -2.4799
v  -4.3799 1.8125 -2.7329
v  -4.3477 2.3179 -2.2928
v  -4.2058 2.4790 -2.4448
v  -4.0608 2.2470 -2.8766
v  -4.3403 2.1895 -2.6185
v  -4.4431 1.8762 -2.1479
v  -4.2085 2.6641 -2.5087
v  -4.1980 2.5389 -2.8575
v  -4.1228 2.5773 -3.0510
v  -3.9294 2.4195 -3.1544
v  -4.0249 3.1808 -2.7439
v  -3.8809 3.0137 -3.2202
v  -4.1196 2.9565 -2.9792
v  -4.1008 3.0475 -2.6721
v  -4.3306 1.9783 -2.7814
v  -4.1101 1.8418 -2.9669
v  -4.0930 2.7469 -3.1185
v  -3.8801 2.7349 -3.2666
v  -2.7842 1.6551 -2.7979
v  -2.7104 1.8285 -2.4265
v  -2.6992 1.6260 -2.3322
v  -2.6997 1.3152 -2.6044
v  -2.8428 2.1386 -2.6890
v  -2.8203 2.0729 -2.2633
v  -2.8899 1.6302 -2.0015
v  -3.0942 1.9124 -1.7402
v  -3.0570 2.2010 -1.9326
v  -3.0618 2.3583 -2.1160
v  -3.4428 2.0120 -1.6233
v  -3.7853 2.0334 -1.6348
v  -4.1765 1.9875 -1.8125
v  -4.1605 2.3499 -1.8972
v  -3.7615 2.4047 -1.7170
v  -3.3977 2.3416 -1.7375
v  -3.3745 2.4590 -1.9414
v  -3.6827 2.5498 -1.9326
v  -3.9852 2.5391 -2.1251
v  -4.0139 2.7324 -2.1321
v  -3.6877 2.7350 -1.9143
v  -3.3080 2.6516 -1.9189
v  -2.9802 2.5560 -2.1443
v  -2.7576 2.4195 -2.6006
v  -2.8770 2.2072 -3.0203
v  -2.7466 2.4186 -2.8380
v  -2.8650 2.5854 -3.1707
v  -2.7480 2.5768 -2.9250
v  -2.8066 2.9665 -2.9222
v  -2.7554 2.7666 -2.7133
v  -2.9048 2.8602 -2.2954
v  -2.9292 3.0641 -2.4318
v  -3.2290 2.9625 -2.0215
v  -3.2242 3.1698 -2.1931
v  -3.9283 3.1085 -2.2812
v  -3.8561 3.2554 -2.3953
v  -3.6082 3.1028 -2.0581
v  -3.5309 3.2227 -2.1855
v  -4.0400 3.3717 -2.7518
v  -4.0391 3.2747 -3.1479
v  -3.9517 3.2660 -3.3010
v  -3.8323 3.1553 -3.4008
v  -3.9387 3.4266 -3.3342
v  -3.8025 3.4406 -3.4681
v  -3.9783 3.5650 -3.1919
v  -3.8462 3.6866 -3.3452
v  -3.9487 3.6710 -2.8464
v  -3.8181 3.8896 -2.9661
v  -3.8689 3.4518 -2.3877
v  -3.7581 3.7206 -2.5166
v  -3.6553 4.0679 -2.6809
v  -3.9307 2.0586 -3.2587
v  -3.7930 2.8768 -3.5573
v  -3.7776 3.5420 -3.8690
v  -3.9862 1.4087 -3.2381
v  -3.9516 0.6772 -3.2586
v  -3.9182 0.0192 -3.1323
v  -2.9089 0.0205 -2.9388
v  -2.8877 0.6510 -3.0708
v  -2.9378 1.3063 -3.0613
v  -2.9434 1.9626 -3.1575
v  -2.9124 2.7527 -3.4810
v  -2.8020 3.1077 -3.2615
v  -2.6672 3.1994 -3.0137
v  -2.6917 3.1645 -2.8472
v  -2.6968 3.4722 -3.3025
v  -2.6597 3.3624 -3.0643
v  -2.6052 3.8125 -3.0734
v  -2.6812 3.4832 -2.9216
v  -2.8462 3.2781 -2.4053
v  -2.8381 3.5851 -2.5513
v  -2.8176 3.8025 -2.6951
v  -3.1444 3.3422 -2.1514
v  -3.4951 3.4514 -2.1348
v  -3.4322 3.7276 -2.3259
v  -3.1067 3.6550 -2.3315
v  -3.0742 3.8403 -2.4817
v  -3.3866 3.9014 -2.4797
v  -2.8437 3.3284 -3.7965
v  -3.3916 0.0176 -3.1863
v  -3.3940 0.6591 -3.3395
v  -3.4334 1.3385 -3.2941
v  -3.4075 1.9890 -3.4440
v  -3.3626 2.7391 -3.7812
v  -3.3154 3.3337 -4.1158
v  -3.0111 -0.0196 -2.3338
v  -4.0578 -0.0149 -2.6111
v  -3.5368 -0.0170 -2.5232
v  -3.7347 4.4615 -2.8687
v  -3.8216 4.2672 -3.1844
v  -3.6397 4.9810 -3.1498
v  -3.6974 4.7033 -3.4932
v  -2.4659 4.2825 -3.2733
v  -2.6272 4.0652 -3.5959
v  -2.7206 4.6115 -3.8004
v  -2.6290 4.8715 -3.4715
v  -3.8940 3.9110 -3.5704
v  -3.7205 4.4022 -3.8671
v  -3.6428 4.0776 -4.1821
v  -3.2733 4.0016 -4.3525
v  -3.2582 4.5564 -4.2122
v  -2.8340 3.9918 -4.0962
v  -2.8283 4.3698 -4.0725
v  -3.2171 4.9033 -3.8691
v  -3.1416 5.2438 -3.5292
v  -3.0281 5.6132 -3.1307
v  -2.4386 5.2535 -3.0917
v  -3.5799 5.3033 -2.7293
v  -3.7462 4.7168 -2.3738
v  -3.7966 4.1894 -2.2352
v  -3.4469 3.9170 -2.1865
v  -3.1084 3.8784 -2.2454
v  -2.7989 3.8692 -2.3407
v  -2.3354 3.9586 -2.6312
v  -2.2747 4.5310 -2.8797
v  -3.7593 5.0070 -1.7196
v  -3.5676 5.6823 -2.2429
v  -3.7061 5.3329 -1.1121
v  -3.5138 6.1131 -1.6867
v  -3.9191 4.2076 -1.4686
v  -4.0100 4.4073 -0.7080
v  -3.6888 3.9183 -1.3813
v  -3.7337 4.0486 -0.5910
v  -3.1513 3.8832 -1.5722
v  -3.1286 3.9079 -0.8466
v  -2.6705 3.9398 -1.8015
v  -2.4879 3.9832 -1.2412
v  -2.1486 4.1399 -2.1700
v  -1.9440 4.2703 -1.6649
v  -2.0523 4.7966 -2.4987
v  -1.7543 5.0022 -2.1447
v  -2.2144 5.5899 -2.7164
v  -1.9568 5.9931 -2.2013
v  -2.9279 5.9965 -2.6968
v  -2.7921 6.4083 -2.1513
v  -3.7768 4.9485 -0.0237
v  -3.5210 5.7188 -0.6214
v  -3.2853 5.6405 0.2938
v  -3.1360 6.0981 -0.3071
v  -2.7137 6.0749 0.3569
v  -2.6541 6.4310 -0.2444
v  -2.2530 6.3146 0.2322
v  -2.1844 6.6431 -0.2908
v  -3.3511 4.5253 0.0947
v  -2.9161 5.0864 0.3682
v  -2.3896 5.5829 0.4304
v  -2.1080 5.8252 0.2925
v  -2.8669 4.2094 -0.1223
v  -2.4147 4.6465 0.1614
v  -1.9803 5.0886 0.1335
v  -1.8097 5.3500 -0.0056
v  -1.4346 5.9995 -2.0403
v  -1.5394 5.2123 -2.1177
v  -1.2787 5.1414 -1.4512
v  -1.5694 4.8749 -1.3302
v  -2.0255 6.6745 -1.5808
v  -1.5202 6.6062 -1.4639
v  -2.0582 6.9320 -0.8626
v  -1.6233 6.9413 -0.8640
v  -2.7035 6.6992 -1.4804
v  -3.3359 6.4124 -1.1383
v  -2.6007 6.8233 -0.8290
v  -3.0958 6.5900 -0.7504
v  -1.9656 6.7322 -0.3157
v  -2.0157 6.4087 0.1433
v  -1.9348 5.9656 0.1567
v  -1.6281 5.6268 -0.2097
v  -1.8311 4.4325 -1.0309
v  -2.3007 4.1852 -0.6567
v  -1.6477 5.1213 -0.6452
v  -1.8873 4.7436 -0.4853
v  -2.1799 4.4656 -0.3491
v  -1.4548 5.4917 -0.7725
v  -1.3796 5.7789 -0.1970
v  -1.4992 6.1713 0.1553
v  -1.2036 5.3425 -0.7104
v  -1.5608 6.4877 0.2394
v  -1.3813 5.3383 -2.9383
v  -0.9226 5.7114 -2.7649
v  -0.9878 6.2429 -2.7646
v  -1.6594 5.8892 -2.9602
v  -0.7859 6.5615 -2.8933
v  -1.2075 6.6802 -3.2099
v  -0.4108 6.7949 -3.0308
v  -0.5892 6.9872 -3.4150
v  0.0000 6.8807 -3.0683
v  0.0000 7.0810 -3.4937
v  -1.4574 4.9854 -2.5464
v  -1.1946 5.2166 -2.2744
v  -1.2082 4.5394 -2.2298
v  -0.9934 4.9469 -2.0913
v  -0.7126 4.1275 -2.0002
v  -0.6287 4.5869 -1.9231
v  0.0000 3.9565 -1.9032
v  0.0000 4.4067 -1.8276
v  -0.7976 3.4226 -2.2277
v  0.0000 3.2569 -2.1144
v  -0.7889 3.0396 -2.7021
v  0.0000 2.9028 -2.5955
v  -1.3996 3.8318 -2.5500
v  -1.3247 3.3238 -3.0076
v  -1.6625 4.3184 -2.9320
v  -1.5950 3.5758 -3.3442
v  -1.5845 4.6753 -3.3312
v  -1.5558 3.8255 -3.7474
v  -0.7880 2.5110 -2.8794
v  0.0000 2.3748 -2.7761
v  -0.7949 2.0703 -3.3340
v  0.0000 1.9521 -3.2437
v  -0.7395 1.8965 -3.8372
v  0.0000 1.8184 -3.7366
v  -1.7803 3.3930 -3.9532
v  -1.7339 3.2019 -3.6194
v  -1.7498 2.9175 -4.3040
v  -1.7505 2.6949 -3.9304
v  -1.5256 2.5587 -4.5801
v  -1.4958 2.2727 -4.2388
v  -1.1899 2.0420 -4.0164
v  -1.4250 2.3511 -3.5977
v  -1.4419 2.8627 -3.2039
v  -0.7385 1.4803 -4.1215
v  0.0000 1.4026 -4.0214
v  -0.6462 1.2356 -4.5681
v  0.0000 1.1599 -4.5138
v  -0.4911 1.2403 -5.0475
v  0.0000 1.1953 -5.0262
v  -1.6052 2.2346 -4.8825
v  -1.5669 1.9539 -4.5415
v  -1.5378 1.9912 -5.1929
v  -1.4609 1.6675 -4.9348
v  -1.3279 1.7703 -5.4845
v  -1.1746 1.5027 -5.2758
v  -0.8818 1.3484 -5.1344
v  -1.1248 1.4050 -4.7273
v  -1.2454 1.6672 -4.3015
v  -1.2778 1.4753 -6.0312
v  -1.0397 1.1040 -5.8230
v  -1.0432 1.2878 -6.4719
v  -0.8240 1.0375 -6.3425
v  -0.8608 1.1187 -5.4124
v  -0.4393 0.9272 -6.2710
v  -0.4979 0.8460 -5.8427
v  0.0000 0.9006 -6.2422
v  0.0000 0.7959 -5.8157
v  -0.4874 0.9846 -5.3768
v  0.0000 0.9400 -5.3459
v  -1.0551 1.1350 -6.9941
v  -0.8523 0.8545 -6.8669
v  -0.8832 1.0327 -7.4301
v  -0.6644 0.8562 -7.4268
v  -0.4641 0.6636 -6.8033
v  -0.3522 0.7690 -7.4104
v  0.0000 0.6169 -6.7788
v  0.0000 0.7483 -7.3871
v  -0.8735 1.0356 -7.8641
v  -0.6941 0.7859 -7.8583
v  -0.7421 1.0408 -8.2872
v  -0.5480 0.8735 -8.2959
v  -0.3840 0.6340 -7.8637
v  -0.2971 0.8062 -8.3109
v  0.0000 0.5938 -7.8557
v  0.0000 0.8142 -8.3172
v  -0.7626 1.0940 -8.7752
v  -0.5923 0.8777 -8.7350
v  -0.6141 1.1392 -9.3778
v  -0.4375 0.9248 -9.3886
v  -0.4879 1.2156 -9.9701
v  -0.3412 1.0164 -9.9758
v  -0.3792 1.3317 -10.5185
v  -0.2638 1.2084 -10.4820
v  -0.3567 0.7251 -8.7142
v  0.0000 0.6772 -8.7044
v  -0.2469 0.8223 -9.3870
v  0.0000 0.8015 -9.3722
v  -0.1936 0.9187 -9.9734
v  0.0000 0.8948 -9.9754
v  -0.1363 1.1097 -10.4484
v  -0.2381 1.4083 -10.7918
v  -0.1593 1.2701 -10.6841
v  0.0000 1.4382 -10.8741
v  0.0000 1.2734 -10.7478
v  0.0000 1.0828 -10.4558
v  -0.0986 1.1792 -10.6149
v  0.0000 1.1668 -10.6318
v  -1.8690 4.9788 -3.4484
v  -1.8995 4.0545 -3.8985
v  -1.9886 5.3672 -4.0216
v  -2.0636 4.7075 -4.3825
v  -1.5936 5.7623 -4.9232
v  -1.6781 5.1780 -5.2687
v  -1.7626 6.1245 -3.7073
v  -1.4124 6.3158 -4.5840
v  -1.3192 6.7000 -3.7287
v  -1.1736 6.6719 -4.3544
v  -0.6679 7.0226 -3.9502
v  -0.6941 6.8759 -4.5377
v  -0.8977 6.1174 -5.4329
v  -0.9522 5.5971 -5.8139
v  0.0000 6.2527 -5.6169
v  0.0000 5.7513 -6.0157
v  -0.7992 6.5730 -4.9997
v  0.0000 6.6801 -5.1481
v  0.0000 6.9762 -4.6394
v  0.0000 7.1146 -4.0695
v  -1.5020 1.3825 -6.6157
v  -1.4143 1.2253 -7.0538
v  -1.6682 1.9926 -6.9399
v  -1.6077 1.8863 -7.3901
v  -1.3894 2.7339 -7.3394
v  -1.3566 2.6198 -7.7066
v  -0.8087 3.3214 -7.6778
v  -0.7926 3.2167 -7.9776
v  0.0000 3.6023 -7.8422
v  0.0000 3.4969 -8.1055
v  -1.6110 1.5754 -6.1369
v  -1.7503 1.8429 -5.6564
v  -1.8309 2.0877 -5.3138
v  -1.9105 2.3612 -5.0074
v  -1.9531 2.6793 -4.7378
v  -1.9890 3.0332 -4.4772
v  -1.9772 3.5162 -4.1566
v  0.0000 4.5290 -6.8818
v  0.0000 4.2675 -7.0689
v  -0.9185 4.0416 -6.8171
v  -0.9400 4.3188 -6.6179
v  0.0000 3.6609 -7.5990
v  -0.8312 3.4387 -7.4316
v  0.0000 3.8374 -7.4244
v  -0.8651 3.6108 -7.2245
v  0.0000 4.0421 -7.2476
v  -0.8916 3.8087 -7.0175
v  -0.9679 5.0962 -6.1302
v  0.0000 5.2713 -6.3566
v  -0.9594 4.6609 -6.3984
v  0.0000 4.8586 -6.6510
v  -1.7472 2.1687 -6.5684
v  -1.4335 2.8891 -7.0437
v  -1.8371 2.3637 -6.2099
v  -1.4934 3.0654 -6.7781
v  -1.9172 2.6127 -5.9049
v  -1.5565 3.2729 -6.5322
v  -1.9941 2.8941 -5.5988
v  -1.6147 3.5291 -6.2920
v  -2.0549 3.2189 -5.3076
v  -1.6531 3.8510 -6.0644
v  -2.0910 3.5893 -5.0289
v  -1.6886 4.2176 -5.8187
v  -2.0941 4.0784 -4.7482
v  -1.7034 4.6595 -5.5554
v  -0.3781 1.3991 -11.0629
v  0.0000 1.3713 -11.1410
v  -0.5839 1.3272 -10.6092
v  -0.7647 1.2410 -10.0476
v  -1.3142 1.1238 -7.4865
v  -1.2131 1.0940 -7.9268
v  -1.1251 1.0786 -8.3419
v  -1.0404 1.1130 -8.8264
v  -0.9128 1.1731 -9.4359
v  -0.9501 1.7074 -10.7644
v  -0.7385 1.6901 -11.2186
v  -0.9152 2.2795 -10.8502
v  -0.8009 2.1778 -11.3443
v  -0.5621 2.7533 -10.9194
v  -0.5017 2.6102 -11.4510
v  0.0000 2.9445 -10.9604
v  0.0000 2.7806 -11.5068
v  0.0000 3.1766 -9.1570
v  0.0000 3.1243 -9.5731
v  -0.6813 2.9250 -9.5411
v  -0.7194 2.9768 -9.1135
v  0.0000 3.0345 -10.4591
v  -0.5992 2.8251 -10.4317
v  0.0000 3.0854 -10.0014
v  -0.6410 2.8804 -9.9753
v  -0.7627 3.0988 -8.3166
v  0.0000 3.3402 -8.4078
v  -0.7399 3.0246 -8.6965
v  0.0000 3.2591 -8.7635
v  -1.0868 1.7290 -10.2435
v  -1.0033 2.3399 -10.3615
v  -1.2146 1.7316 -9.7115
v  -1.0907 2.3804 -9.8828
v  -1.3440 1.7306 -9.1918
v  -1.1807 2.4155 -9.4175
v  -1.4421 1.7369 -8.7175
v  -1.2492 2.4475 -8.9675
v  -1.5127 1.7657 -8.2725
v  -1.3000 2.4870 -8.5321
v  -1.5662 1.8140 -7.8299
v  -1.3316 2.5430 -8.1091
v  -0.2859 1.4131 -11.5487
v  0.0000 1.3503 -11.5306
v  -0.1985 1.3781 -11.9491
v  0.0000 1.3367 -11.9227
v  -0.1416 1.2903 -12.2821
v  0.0000 1.2441 -12.2840
v  -0.0986 1.2603 -12.4653
v  0.0000 1.2188 -12.4376
v  -0.1416 1.3247 -12.4797
v  -0.2367 1.4076 -12.3364
v  -0.2465 1.5383 -12.4306
v  -0.1450 1.3931 -12.5328
v  -0.1674 1.6380 -12.5404
v  -0.1060 1.4328 -12.5856
v  0.0000 1.6638 -12.5935
v  0.0000 1.4690 -12.6316
v  0.0000 1.2875 -12.6392
v  -0.0681 1.3085 -12.6135
v  -0.0706 1.2491 -12.5693
v  0.0000 1.1982 -12.5807
v  -0.1022 1.2964 -12.5441
v  -0.1047 1.3230 -12.5645
v  -0.5486 1.6269 -11.6582
v  -0.3695 1.5304 -12.0356
v  -0.4169 1.7635 -12.1908
v  -0.6229 2.0041 -11.8151
v  -0.2535 1.9774 -12.3803
v  -0.3757 2.3310 -11.9790
v  0.0000 2.0335 -12.4559
v  0.0000 2.4394 -12.0447
v  -0.8782 6.7239 -2.5079
v  -1.1179 6.3589 -2.4384
v  -0.5148 6.9841 -2.5685
v  0.0000 7.1289 -2.5676
v  -0.5078 6.8967 -2.0724
v  0.0000 7.0000 -2.0799
v  -0.8398 6.7405 -2.0466
v  -1.1279 6.4517 -2.0047
v  -1.2400 5.8893 -2.3131
v  -1.3235 5.2681 -2.1960
v  -1.0692 5.0332 -1.5926
v  -0.5962 4.7547 -1.4275
v  0.0000 4.6235 -1.4011
v  -1.1560 6.7390 -1.4123
v  -1.2639 7.0838 -0.7813
v  -1.4581 6.7626 0.1057
v  -1.7131 6.8069 0.0072
v  -1.5925 6.9868 -0.2505
v  -1.2432 6.9894 -0.0728
v  -0.9751 7.1233 -0.2303
v  -0.6062 7.1833 -0.3813
v  -0.7899 7.1957 -0.9239
v  -0.8100 6.9632 -1.4910
v  -0.4588 7.1851 -1.5839
v  0.0000 7.2617 -1.6462
v  -0.3926 7.3138 -1.0081
v  0.0000 7.4099 -1.0618
v  -0.2535 7.2488 -0.4503
v  0.0000 7.3088 -0.4682
v  -0.6129 4.9312 -0.8348
v  0.0000 4.8213 -0.9026
v  -1.2249 7.0736 0.0878
v  -0.9836 7.2667 -0.0385
v  -1.2678 7.2842 0.2592
v  -1.0065 7.4904 0.1616
v  -1.2876 7.5305 0.4351
v  -1.4951 7.2794 0.6118
v  -0.6386 7.3272 -0.0910
v  -0.2756 7.3464 -0.1472
v  0.0000 7.4058 -0.2083
v  -0.2767 9.5055 0.6805
v  -0.2857 9.0596 0.5897
v  0.0000 9.5388 0.4692
v  0.0000 9.1113 0.3357
v  -0.2295 9.9302 0.7934
v  0.0000 9.9611 0.6944
v  -0.1360 10.2911 1.1204
v  0.0000 10.3154 1.1213
v  -0.6620 7.5750 0.1866
v  -0.3026 7.6717 0.1681
v  -1.0131 7.7285 0.3913
v  0.0000 7.8028 -0.0253
v  -0.6818 7.8623 0.4580
v  -0.3156 8.0976 0.4661
v  -0.2910 8.6170 0.5157
v  0.0000 8.6676 0.2240
v  0.0000 8.2292 0.1259
v  -1.3872 6.8368 0.2223
v  -1.4397 7.0397 0.4058
v  -1.4902 6.5375 0.3251
v  -1.4533 6.7455 0.5931
v  -1.5171 7.0148 0.8944
v  -1.5542 7.3055 1.1584
v  -1.4135 6.1920 0.3350
v  -1.3471 6.5167 0.7379
v  -1.3435 6.8081 1.1083
v  -1.3336 7.1943 1.5097
v  -1.1174 6.6248 1.2671
v  -1.1118 6.8946 1.6605
v  -1.1586 6.3398 0.8510
v  -1.1515 6.0073 0.4792
v  -1.2188 5.7381 0.0278
v  -0.9898 5.3571 -0.2776
v  -0.5297 5.0764 -0.4564
v  0.0000 4.9717 -0.5642
v  0.0000 5.0549 -0.2883
v  -0.4662 5.1529 -0.1515
v  -0.7646 5.3640 -0.0021
v  -0.9625 5.6240 0.2234
v  -2.0288 7.6358 0.9921
v  -1.9441 7.5856 1.4546
v  -1.4645 7.3509 1.8214
v  -1.8182 7.7385 1.7995
v  -1.2306 7.0003 1.9009
v  -0.9373 6.6216 1.8474
v  -1.0134 6.6855 2.0997
v  -2.0499 8.1902 1.8101
v  -2.3965 8.0125 1.4495
v  -2.5436 8.0351 0.9082
v  -2.2175 8.6836 1.8441
v  -2.6396 8.5466 1.4475
v  -2.8692 8.6105 1.0482
v  -2.7470 8.8856 0.6954
v  -2.4696 9.0044 1.9347
v  -2.8750 8.9868 1.4654
v  -3.0229 9.1849 1.2854
v  -3.0510 9.3860 1.0441
v  -0.6520 6.4363 2.1611
v  -0.7068 6.4964 2.3919
v  -0.3464 6.3530 2.3834
v  -0.3707 6.3613 2.6941
v  0.0000 6.3250 2.4962
v  0.0000 6.2874 2.9532
v  -0.1714 8.7413 3.6523
v  -0.0406 8.8408 3.5505
v  0.0000 8.8346 3.5466
v  0.0000 8.6598 3.5735
v  -0.2061 8.5633 3.8096
v  0.0000 8.4545 3.7295
v  -0.4575 8.7157 3.8354
v  -0.9068 8.9778 3.5816
v  -1.3709 9.2954 3.1497
v  -2.2074 8.6462 2.3050
v  -2.3400 9.0505 2.3099
v  -2.3442 9.2004 2.6528
v  -2.1871 8.7281 2.7575
v  -1.0735 8.5618 3.6810
v  -1.5128 8.7354 3.3480
v  -0.6029 8.3611 3.9508
v  -0.3842 6.5264 2.9331
v  -0.7195 6.6204 2.6512
v  -0.3721 6.6849 3.3281
v  -0.7833 6.7930 3.0610
v  0.0000 6.4761 3.2043
v  0.0000 6.7495 3.4641
v  -1.0911 6.8379 2.4052
v  -1.1565 7.0322 2.8482
v  -1.3733 7.1253 2.2990
v  -1.4331 7.2875 2.7101
v  -1.6393 7.4242 2.2349
v  -1.6801 7.5393 2.6447
v  -1.9125 7.7869 2.2295
v  -2.1119 8.2075 2.2620
v  -2.0996 8.2564 2.7413
v  -1.9220 7.8659 2.7017
v  -0.2572 8.1817 4.0203
v  0.0000 8.1079 3.9297
v  -0.2537 7.7902 4.1023
v  0.0000 7.7163 3.9941
v  -0.2677 7.3541 4.0095
v  0.0000 7.3242 3.9348
v  -0.3139 6.9774 3.7263
v  0.0000 6.9788 3.7048
v  -0.7834 7.1110 3.4840
v  -0.7283 7.4747 3.7968
v  -0.6772 7.8977 3.9832
v  -1.1383 8.0958 3.6531
v  -1.1703 7.6780 3.4923
v  -1.1743 7.3140 3.2289
v  -1.4619 7.5000 3.0370
v  -1.4940 7.8206 3.2358
v  -1.5194 8.2335 3.3431
v  -1.6488 7.6366 2.9063
v  -1.7515 7.8974 2.9988
v  -1.8650 8.2898 3.0597
v  -1.9505 8.8023 3.0199
v  -0.9818 6.3097 1.4993
v  -1.0049 5.9888 1.0954
v  -0.9402 5.7372 0.6939
v  -0.8679 5.5787 0.4301
v  -0.7087 5.3728 0.3774
v  -0.4374 5.1119 0.3329
v  0.0000 4.9705 0.3022
v  -0.7210 5.4894 0.7899
v  -0.4302 5.2288 0.8644
v  0.0000 5.0762 0.9003
v  0.0000 5.3589 1.4694
v  -0.4347 5.4725 1.4040
v  0.0000 5.7528 1.9966
v  -0.3943 5.8569 1.8933
v  -0.7573 5.7099 1.2646
v  -0.7274 6.0503 1.7265
v  -6.5055 4.1038 4.1171
v  -6.8248 4.2195 4.3703
v  -6.4700 3.9567 4.2393
v  -6.7607 4.0454 4.4468
v  -6.3890 3.6265 4.1174
v  -6.6423 3.5132 4.3997
v  -6.2053 3.4027 3.9795
v  -6.3611 3.1453 4.2051
v  -5.7563 3.0416 3.6611
v  -5.7817 2.9747 3.6934
v  -5.6443 3.0255 3.6350
v  -5.6399 2.9402 3.6738
v  -6.2617 3.0444 4.3848
v  -6.5665 3.4451 4.6846
v  -6.6836 4.0742 4.7756
v  -6.7537 4.2843 4.8250
v  -6.7312 4.6459 4.8259
v  -5.9449 3.4642 3.9690
v  -6.0898 3.7039 4.1506
v  -6.1514 3.8917 4.2563
v  -5.6472 3.0248 3.7478
v  -5.6602 2.9736 3.7620
v  -5.8972 3.3914 4.1989
v  -6.0562 3.1289 4.4037
v  -6.2769 3.4301 4.6843
v  -6.3610 3.9408 4.8040
v  -6.0066 3.5970 4.3755
v  -6.1204 3.8411 4.5032
v  -6.4114 4.2026 4.9062
v  -6.1272 4.5300 4.8550
v  -6.0428 3.9731 4.5327
v  -5.8927 4.3875 4.6406
v  -6.1028 4.0421 4.1885
v  -6.0415 4.3771 4.1399
v  -5.5703 3.8479 4.7071
v  -5.7979 3.6853 5.0989
v  -5.3922 3.6309 4.7686
v  -5.5970 3.5161 5.0890
v  -5.2603 3.3413 4.6077
v  -5.3550 3.0154 4.8817
v  -5.0212 3.1721 4.3528
v  -5.0593 2.8086 4.4926
v  -4.6213 3.1877 3.9741
v  -4.6094 3.0959 3.9752
v  -4.5383 3.2351 3.9336
v  -4.5200 3.1162 3.9371
v  -4.8748 2.7292 4.6536
v  -5.2241 2.9626 5.0737
v  -5.3960 3.5159 5.3130
v  -4.8306 3.4172 4.3972
v  -4.9653 3.5442 4.5908
v  -5.0868 3.7539 4.7637
v  -5.0706 4.0047 4.7028
v  -5.5360 3.6714 5.4534
v  -4.9751 3.1791 5.0740
v  -5.1486 3.6460 5.2593
v  -5.0168 3.7542 5.0220
v  -4.8687 3.4868 4.8524
v  -4.7061 3.2991 4.5470
v  -4.7451 2.9726 4.6942
v  -4.4902 3.1339 4.0494
v  -4.4902 3.2051 4.0414
v  -5.1826 3.7847 5.4075
v  -4.9709 3.9568 5.1008
v  -5.2224 4.3549 4.6775
v  -5.1367 4.4951 5.0107
v  -5.3210 4.5018 5.3801
v  -5.7190 4.3887 5.5391
v  -5.7537 4.8560 5.1855
v  -6.1333 4.8085 4.8169
v  -5.3976 4.7668 5.1755
v  -5.0952 4.6417 4.9252
v  -5.1453 4.4692 4.5110
v  -5.4317 4.4196 4.2248
v  -5.7528 4.4398 3.9201
v  -6.0882 4.4736 3.6633
v  -6.2991 4.5868 3.4209
v  -6.5538 4.8095 3.2166
v  -6.8890 5.0159 3.4639
v  -6.9751 5.1355 3.9040
v  -6.7099 4.9763 4.2326
v  -6.6101 4.9857 4.6916
v  -5.0134 4.8495 4.2296
v  -4.9104 4.9855 4.5811
v  -4.9617 5.2731 3.9179
v  -4.9036 5.4630 4.3525
v  -4.9983 5.6943 3.7957
v  -4.9605 5.7661 4.1583
v  -5.2423 5.3347 3.4831
v  -5.2320 5.6925 3.4253
v  -5.7031 5.3834 3.1950
v  -5.6376 5.7631 3.2550
v  -6.2054 5.6184 3.2417
v  -6.0649 5.9486 3.2877
v  -6.3665 5.1992 3.1543
v  -6.0105 4.9841 3.2727
v  -5.8152 4.8426 3.5637
v  -5.6157 5.0924 3.4870
v  -5.4165 5.0748 3.6629
v  -5.2158 5.0350 3.8579
v  -5.2896 4.7606 4.0091
v  -5.5716 4.7906 3.7937
v  -6.6458 5.3994 3.5081
v  -6.4584 5.7807 3.5321
v  -6.2865 6.0859 3.4877
v  -6.8168 5.4836 3.8995
v  -6.6138 5.8617 3.9138
v  -6.3748 6.1999 3.8715
v  -6.6093 5.3331 4.2228
v  -5.3457 5.1803 4.9436
v  -5.2615 5.6332 4.6555
v  -5.2057 5.9226 4.4833
v  -5.7778 5.2452 5.0771
v  -5.7744 5.7867 4.7817
v  -5.6368 6.1057 4.5792
v  -6.2354 5.8868 4.4082
v  -6.0687 6.1966 4.2939
v  -6.5355 5.6007 4.2195
v  -6.3758 5.6052 4.5279
v  -6.4793 5.3097 4.6167
v  -6.0762 5.1817 4.7339
v  -6.0610 5.5143 4.6586
v  -4.7035 8.0360 3.2203
v  -4.9918 7.8428 3.4751
v  -4.5204 7.6557 3.7187
v  -4.2123 7.8261 3.4235
v  -4.9048 7.8907 2.7893
v  -5.2373 7.7180 3.0295
v  -4.8653 7.6740 2.4984
v  -5.2184 7.4863 2.6658
v  -4.7075 7.4332 2.3026
v  -4.9747 7.2151 2.5390
v  -4.4993 7.2160 2.1405
v  -4.7169 6.9920 2.4414
v  -4.1839 7.3180 3.6067
v  -3.9274 7.5306 3.3247
v  -4.0538 7.0507 3.2947
v  -3.8091 7.2928 3.0437
v  -4.1323 6.8934 2.9185
v  -3.9027 7.1492 2.6840
v  -4.3856 6.8904 2.5869
v  -4.1621 7.1526 2.3679
v  -5.3963 6.2501 3.1052
v  -5.1998 6.4337 2.8880
v  -4.8484 6.3435 3.0582
v  -5.0493 6.1667 3.2661
v  -5.5541 7.1599 3.9147
v  -5.7846 6.7784 4.1011
v  -5.3190 6.6996 4.3798
v  -5.0865 7.0346 4.1780
v  -5.8901 7.0753 3.4707
v  -6.1071 6.7451 3.6588
v  -5.8351 6.8638 3.0701
v  -6.0252 6.5561 3.2713
v  -5.5643 6.6192 2.8775
v  -5.7665 6.3858 3.0971
v  -4.8879 6.4330 4.2946
v  -4.6783 6.7228 4.1124
v  -4.7182 6.1926 3.9479
v  -4.5139 6.4511 3.7769
v  -4.7844 6.1257 3.5720
v  -4.6036 6.3382 3.3845
v  -4.9544 6.7441 2.6977
v  -4.6208 6.6217 2.8401
v  -5.0930 5.8841 3.2774
v  -5.5103 5.9782 3.1042
v  -5.9340 6.4841 4.2121
v  -5.4953 6.3911 4.4878
v  -4.8181 7.3630 3.9527
v  -5.2772 7.5219 3.7038
v  -6.2360 6.4819 3.7887
v  -5.5573 7.4231 3.2593
v  -6.1579 6.3218 3.3935
v  -5.5556 7.2130 2.8470
v  -5.9267 6.1631 3.1654
v  -5.2827 6.9408 2.6945
v  -5.0631 6.1697 4.3945
v  -4.4432 7.0402 3.8660
v  -4.8133 5.9539 4.0721
v  -4.2958 6.7674 3.5429
v  -4.8194 5.8635 3.6576
v  -4.3787 6.6261 3.1613
v  -3.9601 7.9753 3.0948
v  -4.3275 8.1344 2.9003
v  -4.5411 8.0245 2.5578
v  -4.5787 7.8697 2.2795
v  -4.4643 7.6397 2.0554
v  -4.2213 7.4500 1.9590
v  -3.6787 7.7524 3.0345
v  -3.5752 7.5224 2.7843
v  -3.6992 7.3905 2.4593
v  -3.9347 7.3943 2.1902
v  -3.7758 8.3015 3.0879
v  -3.5371 8.6573 3.0347
v  -3.9495 8.8382 2.8291
v  -4.1765 8.4812 2.9067
v  -4.1179 8.7770 2.4181
v  -4.3502 8.4002 2.4680
v  -4.0967 8.6242 2.0752
v  -4.3716 8.2509 2.1538
v  -3.9145 8.4250 1.8415
v  -4.2064 8.0211 1.9294
v  -3.6222 8.2279 1.7560
v  -3.9130 7.8325 1.8703
v  -3.4446 8.0613 2.9973
v  -3.1783 8.4045 2.9351
v  -3.2741 7.8268 2.7338
v  -2.9609 8.1694 2.6424
v  -3.3275 7.6546 2.3440
v  -2.9613 8.0141 2.2204
v  -3.5911 7.6943 2.0257
v  -3.2710 8.0585 1.8677
v  -3.2761 8.9924 2.8994
v  -3.0066 9.3164 2.8100
v  -3.4680 9.4920 2.6270
v  -3.6971 9.1512 2.7005
v  -3.7187 9.5027 2.2031
v  -3.8695 9.1183 2.3258
v  -3.6604 9.3762 1.8281
v  -3.8300 8.9861 1.9878
v  -3.4410 9.1914 1.5740
v  -3.6468 8.8096 1.7547
v  -3.1517 9.0743 1.5057
v  -3.3707 8.6416 1.6534
v  -2.9150 8.7799 2.7965
v  -2.7197 8.6018 2.5024
v  -2.6945 8.5111 2.1309
v  -2.6182 8.9854 2.0422
v  -2.5505 9.0405 2.3450
v  -3.0318 8.4963 1.7390
v  -2.9159 8.9236 1.5608
v  -3.3571 9.4808 1.3918
v  -3.2225 9.7963 1.2145
v  -3.5373 9.7937 1.6665
v  -3.2867 10.1524 1.5340
v  -2.9627 10.1233 1.0742
v  -2.8953 10.4086 1.4217
v  -2.5909 9.0759 2.6333
v  -3.2059 9.8620 2.5437
v  -2.7760 9.5776 2.7560
v  -3.5226 9.9454 2.1106
v  -3.2040 10.3284 1.9885
v  -2.7450 10.5452 1.8281
v  -2.1021 9.4265 2.7316
v  -2.5044 9.8756 2.6546
v  -2.8921 10.2250 2.4467
v  -2.4826 10.4802 2.2244
v  -2.2214 10.1864 2.4414
v  -1.8841 9.9455 2.5605
v  -1.6467 12.8749 5.8795
v  -1.1997 12.9517 5.5799
v  -0.8905 12.9387 6.0366
v  -1.3367 12.8619 6.3374
v  -1.3847 14.7716 5.7569
v  -1.8321 14.6992 6.0569
v  -1.5221 14.6862 6.5147
v  -1.0755 14.7587 6.2136
v  -0.6503 14.1067 6.6840
v  -1.0959 14.0327 6.9863
v  -1.0403 13.4851 6.9331
v  -0.5948 13.5604 6.6309
v  -0.7358 13.6768 5.2864
v  -0.7914 14.2231 5.3395
v  -0.4821 14.2101 5.7962
v  -0.4266 13.6638 5.7431
v  -2.1285 14.0760 5.4612
v  -1.6804 14.1500 5.1626
v  -1.6249 13.6036 5.1095
v  -2.0729 13.5284 5.4080
v  -1.8956 13.1230 5.5672
v  -1.4738 13.1907 5.2797
v  -0.7075 13.1586 6.4115
v  -1.1329 13.0910 6.6938
v  -1.6114 14.5445 5.4114
v  -2.0326 14.4707 5.6982
v  -1.2698 14.4387 6.8248
v  -0.8451 14.5123 6.5431
v  -1.1605 13.6804 5.0816
v  -1.2107 14.1741 5.1296
v  -0.4444 14.1419 6.2613
v  -0.3943 13.6482 6.2133
v  -1.0110 14.5939 5.5309
v  -0.7315 14.5822 5.9436
v  -0.5939 13.2284 5.8120
v  -0.8734 13.2401 5.3992
v  -1.2716 14.4808 5.3090
v  -1.1556 13.3392 5.1980
v  -0.5095 13.3121 6.1523
v  -0.6255 14.4536 6.2633
v  -1.3864 13.0466 6.3091
v  -1.6341 13.0570 5.9433
v  -1.7822 14.5146 6.0850
v  -1.5345 14.5042 6.4508
v  -1.1940 13.9821 6.8276
v  -1.1495 13.5445 6.7851
v  -1.9746 13.5791 5.5665
v  -2.0191 14.0167 5.6091
v  -1.8330 13.2552 5.6937
v  -1.2235 13.2296 6.5939
v  -1.9424 14.3320 5.7984
v  -1.3329 14.3064 6.6986
v  -1.1405 12.0856 6.6391
v  -0.8730 12.1448 6.4851
v  -0.7145 12.1511 6.7619
v  -0.9816 12.0919 6.9165
v  -1.0532 13.1891 6.5647
v  -1.3212 13.1324 6.7189
v  -1.1623 13.1387 6.9964
v  -0.8948 13.1953 6.8415
v  -0.6470 12.8372 7.1363
v  -0.9140 12.7797 7.2919
v  -0.8597 12.4654 7.2679
v  -0.5929 12.5238 7.1124
v  -0.6195 12.5788 6.3302
v  -0.6736 12.8923 6.3541
v  -0.5152 12.8985 6.6309
v  -0.4611 12.5850 6.6070
v  -1.4431 12.7588 6.3675
v  -1.1748 12.8164 6.2142
v  -1.1207 12.5029 6.1903
v  -1.3888 12.4446 6.3436
v  -1.2791 12.2180 6.4463
v  -1.0262 12.2711 6.2982
v  -0.6336 12.2866 6.9842
v  -0.8882 12.2334 7.1291
v  -1.1603 13.0479 6.3575
v  -1.4126 12.9913 6.5052
v  -1.0217 13.0067 7.1880
v  -0.7677 13.0634 7.0434
v  -0.8551 12.5642 6.1937
v  -0.9040 12.8475 6.2153
v  -0.5113 12.8630 6.9012
v  -0.4624 12.5797 6.8796
v  -0.8219 13.0991 6.4520
v  -0.6787 13.1048 6.7021
v  -0.5446 12.3280 6.6429
v  -0.6878 12.3223 6.3927
v  -0.9580 13.0231 6.3137
v  -0.8450 12.3681 6.2637
v  -0.5139 12.3812 6.8421
v  -0.6270 13.0362 6.8920
v  -1.0157 12.1965 6.8966
v  -1.1426 12.1914 6.6749
v  -1.2870 13.0278 6.7387
v  -1.1601 13.0328 6.9604
v  -0.9616 12.7460 7.1965
v  -0.9183 12.4949 7.1774
v  -1.3410 12.4783 6.4388
v  -1.3844 12.7293 6.4580
v  -1.2533 12.2972 6.5209
v  -0.9410 12.3095 7.0665
v  -1.3600 12.9151 6.5680
v  -1.0477 12.9274 7.1136
v  -0.9759 13.0018 7.1985
v  -0.7784 13.0288 7.0941
v  -0.6717 13.0316 7.2960
v  -0.8690 13.0046 7.4009
v  -0.8608 13.7845 7.1271
v  -1.0585 13.7593 7.2316
v  -0.9516 13.7621 7.4340
v  -0.7542 13.7873 7.3290
v  -0.6010 13.5261 7.5529
v  -0.7981 13.5003 7.6584
v  -0.7733 13.2729 7.6484
v  -0.5762 13.2993 7.5430
v  -0.5736 13.3241 6.9818
v  -0.5983 13.5510 6.9917
v  -0.4917 13.5538 7.1936
v  -0.4669 13.3269 7.1837
v  -1.1543 13.4909 6.9840
v  -0.9563 13.5168 6.8801
v  -0.9316 13.2899 6.8702
v  -1.1295 13.2635 6.9741
v  -1.0641 13.0988 7.0545
v  -0.8774 13.1222 6.9542
v  -0.6131 13.1292 7.4546
v  -0.8010 13.1057 7.5527
v  -0.9387 13.6844 6.9787
v  -1.1251 13.6584 7.0790
v  -0.8620 13.6653 7.5771
v  -0.6744 13.6913 7.4792
v  -0.7391 13.3216 6.8783
v  -0.7615 13.5267 6.8873
v  -0.4972 13.5336 7.3877
v  -0.4748 13.3286 7.3788
v  -0.6970 13.7074 7.0541
v  -0.6006 13.7100 7.2366
v  -0.5393 13.1478 7.2120
v  -0.6357 13.1453 7.0295
v  -0.7944 13.6565 6.9530
v  -0.7427 13.1826 6.9323
v  -0.5198 13.1884 7.3543
v  -0.5715 13.6624 7.3750
v  -0.8880 13.0804 7.3838
v  -0.9734 13.0782 7.2221
v  -1.0394 13.6834 7.2485
v  -0.9540 13.6857 7.4103
v  -0.8313 13.4765 7.5896
v  -0.8115 13.2948 7.5816
v  -1.0961 13.2873 7.0428
v  -1.1159 13.4690 7.0508
v  -1.0439 13.1557 7.1071
v  -0.8336 13.1612 7.5051
v  -1.0926 13.6028 7.1266
v  -0.8824 13.6083 7.5247
v  1.1066 11.8704 6.2042
v  1.1125 11.9114 6.1370
v  1.2764 11.9661 6.0793
v  1.2732 11.9883 6.2963
v  1.1575 11.8010 6.0080
v  1.0786 11.8574 6.1378
v  0.9922 11.6581 6.5211
v  1.0498 11.8087 6.6950
v  0.9155 11.5735 6.2116
v  0.9075 11.6565 6.3272
v  1.0204 11.9092 6.1721
v  0.8673 11.6668 6.4500
v  0.6244 11.5067 6.6657
v  0.7161 11.4661 6.7780
v  0.2901 11.3372 6.8286
v  0.3359 11.3063 6.9447
v  0.7580 11.6273 6.9590
v  0.3779 11.4225 7.1749
v  0.6731 11.9407 7.5066
v  0.4692 11.6657 7.4793
v  0.4064 11.5516 7.3963
v  0.7629 11.8829 7.2822
v  0.7293 12.2447 7.6338
v  0.8262 12.4280 7.5491
v  0.6809 12.4655 7.8017
v  0.6939 12.6565 7.8558
v  0.2784 11.6916 7.7743
v  0.4941 11.8410 7.7001
v  0.4158 12.3069 8.0676
v  0.6052 12.1956 7.8330
v  0.4504 12.9821 8.1541
v  0.7188 13.0094 7.9152
v  0.8725 12.9901 7.5912
v  0.4209 13.8378 8.0151
v  0.7365 13.7730 7.7903
v  0.9218 13.6337 7.4522
v  0.4267 14.5289 7.6473
v  0.8485 14.4373 7.5304
v  1.0369 14.1951 7.1938
v  0.9766 15.0577 6.9866
v  1.2941 14.7267 6.7218
v  0.4589 15.1585 7.0285
v  1.0956 12.0974 6.8094
v  1.3685 12.2672 6.3344
v  1.4338 12.0514 5.9836
v  1.2449 11.7830 5.8711
v  0.8875 11.4990 6.0522
v  1.0691 12.5855 7.0603
v  0.6878 11.3313 6.3761
v  0.6966 11.4201 6.4967
v  0.3881 11.1825 6.5022
v  0.4077 11.2512 6.6300
v  0.6491 11.2607 6.2249
v  0.3788 11.1225 6.3276
v  1.2542 12.8486 6.6646
v  1.0122 12.9670 7.2173
v  1.0831 13.3147 6.9994
v  1.7401 12.2853 5.6774
v  1.5844 12.0313 5.4155
v  1.6798 12.6876 5.9436
v  1.4593 13.2457 6.2616
v  1.2219 13.7735 6.6714
v  2.1036 12.6192 5.2314
v  1.8812 12.2983 4.9163
v  2.0346 13.0892 5.5869
v  1.7281 13.6416 5.8680
v  1.4513 14.2005 6.2445
v  2.4274 12.9210 4.7239
v  2.1038 12.6048 4.4116
v  0.3335 11.1526 6.1694
v  0.5794 11.3022 6.0493
v  0.8143 11.4888 5.9011
v  1.1020 11.7334 5.6093
v  1.2790 11.9906 5.1806
v  1.5032 12.1990 4.6941
v  1.7061 12.4745 4.2167
v  1.2641 12.5439 4.0940
v  1.0917 12.2935 4.5616
v  0.8893 12.1421 5.0257
v  0.7190 11.9536 5.3459
v  0.5549 11.7148 5.6526
v  0.4166 11.5067 5.8446
v  0.2348 11.3767 5.9517
v  1.0284 12.8074 4.1688
v  0.9079 12.5779 4.5995
v  2.4321 13.4356 5.1674
v  2.0756 14.0149 5.4713
v  1.7129 14.5501 5.7842
v  1.5030 15.0631 6.1890
v  1.0943 15.4556 6.4508
v  0.5146 15.5741 6.4965
v  0.7239 12.4199 4.9868
v  0.5452 12.2495 5.3313
v  0.3872 12.0732 5.6151
v  0.2872 11.9590 5.7913
v  0.1541 11.8958 5.8925
v  0.3694 11.3347 6.5890
v  0.6286 11.4889 6.4556
v  0.8349 11.7079 6.3062
v  1.0080 11.9069 6.1219
v  1.0463 11.9578 6.1061
v  1.3983 12.9333 3.7401
v  1.0547 13.1086 3.8296
v  1.8451 12.8775 3.8891
v  1.6181 13.4274 3.5569
v  1.1218 13.3838 3.6013
v  2.1323 12.8864 4.1470
v  2.3803 13.2038 4.3091
v  2.5662 13.7489 4.6266
v  2.0725 13.3388 3.9097
v  2.2521 13.9043 4.0779
v  1.8697 13.9931 3.4768
v  2.4010 14.3591 5.0395
v  2.3081 14.5301 4.4063
v  2.0663 14.6334 3.8121
v  2.0308 14.8781 5.3439
v  2.1088 15.0722 4.7080
v  1.9844 15.1286 4.0906
v  1.6941 15.3764 5.6369
v  1.7843 15.5535 4.9125
v  1.7844 15.5919 4.1755
v  1.2040 15.7718 5.8503
v  1.3214 15.9975 5.0786
v  1.3954 16.0531 4.2101
v  0.5668 15.9137 5.9639
v  0.6929 16.2567 5.1785
v  0.8242 16.4570 4.2749
v  1.2344 13.7534 3.2603
v  1.8671 14.3822 2.9174
v  1.2498 14.1669 2.7775
v  1.8645 14.7822 2.3375
v  1.2930 14.5411 2.2620
v  1.7772 15.0775 1.6782
v  1.1384 14.8676 1.6614
v  1.6068 15.2634 0.8629
v  1.1335 15.0676 0.9348
v  1.4420 15.2629 0.0196
v  0.9214 14.9940 0.1429
v  1.2872 15.0919 -0.6311
v  0.9285 14.8773 -0.4970
v  1.1409 14.8035 -1.1655
v  0.7768 14.5889 -1.0050
v  1.0337 14.5116 -1.5874
v  0.7598 14.3436 -1.3940
v  0.9528 14.1809 -1.9422
v  0.6003 14.0187 -1.7668
v  0.9296 13.8471 -2.2550
v  0.6750 13.6817 -2.0254
v  0.8889 13.5619 -2.6051
v  0.5690 13.3687 -2.3755
v  0.7696 13.2646 -3.1096
v  0.5199 13.0577 -2.8914
v  0.5239 12.9575 -3.6271
v  0.3154 12.7844 -3.3920
v  0.5232 13.2605 -3.8136
v  0.7061 13.5833 -3.3374
v  0.8044 13.8979 -2.8942
v  0.9121 14.2264 -2.5929
v  1.0401 14.5938 -2.2894
v  1.1238 14.9650 -1.8815
v  1.2047 15.2943 -1.4109
v  1.3641 15.6301 -0.8288
v  1.5194 15.8665 -0.0427
v  0.3616 13.5460 -3.7387
v  0.4366 13.7729 -3.4219
v  0.4650 14.0677 -3.0303
v  0.4936 14.4291 -2.7273
v  0.5802 14.8862 -2.4703
v  0.6439 15.3106 -2.0550
v  1.6610 15.9487 0.9503
v  1.7954 15.8502 2.1530
v  2.0002 15.2793 2.8062
v  2.0515 14.8708 3.2838
v  0.9702 16.5533 0.9423
v  1.0134 16.5780 2.0917
v  0.8916 16.4012 -0.0847
v  0.6975 15.6762 -1.5409
v  0.7902 16.0767 -0.9137
v  1.9690 15.1815 3.6169
v  0.9668 16.5513 3.2174
v  1.5362 16.0350 3.2885
v  1.8455 15.5351 3.4743
v  0.8730 14.4135 0.6850
v  1.0847 14.6624 0.7693
v  1.0978 14.5136 1.4159
v  0.8817 14.3018 1.2849
v  0.6518 14.5934 0.1157
v  0.7923 14.7491 0.1309
v  0.2905 12.7045 -3.2789
v  0.2531 12.6569 -3.1478
v  0.4102 12.8758 -2.6650
v  0.4726 12.9586 -2.7797
v  0.1765 12.6510 -2.9929
v  0.2552 12.7963 -2.5306
v  0.4922 13.1678 -2.1704
v  0.5437 13.2664 -2.2957
v  0.3059 13.0816 -2.0558
v  0.5385 13.4588 -1.8193
v  0.6276 13.5669 -1.9342
v  0.3074 13.3672 -1.7159
v  0.5047 13.8159 -1.5168
v  0.5656 13.9124 -1.6283
v  0.2850 13.7421 -1.4115
v  0.6037 14.0517 -1.1557
v  0.7108 14.1754 -1.2642
v  0.3513 13.9431 -1.0653
v  0.6045 14.3092 -0.7515
v  0.7239 14.4470 -0.8686
v  0.3462 14.1901 -0.7000
v  0.6760 14.4406 -0.3218
v  0.8430 14.6095 -0.3873
v  0.3794 14.3101 -0.3043
v  0.3962 14.4587 0.1139
v  0.5026 14.2417 0.6287
v  0.5069 14.1258 1.1701
v  1.1191 13.9214 1.6868
v  1.3638 14.2093 1.9244
v  0.6191 13.7215 1.5159
v  1.1032 13.6659 2.2019
v  1.3020 13.8538 2.4632
v  0.6287 13.4975 2.0069
v  1.3376 13.3251 2.3389
v  1.5031 13.5714 2.8220
v  1.3850 12.9209 2.5850
v  1.4339 13.1658 3.1119
v  1.1969 12.7336 2.7368
v  1.2163 12.8954 3.1697
v  0.7852 12.8227 2.2341
v  0.6926 12.6224 2.3855
v  0.7615 13.1742 2.0809
v  1.0044 13.0232 3.7913
v  1.0215 13.0291 3.5198
v  0.9777 12.7532 3.9074
v  1.0586 12.6247 3.6496
v  1.0078 12.1959 3.7115
v  0.9195 12.1627 4.0056
v  0.8804 11.7999 3.6903
v  0.8346 11.7729 4.0656
v  0.5876 12.2876 4.1851
v  0.5075 12.0176 4.2168
v  0.5583 12.4854 4.5649
v  0.4483 11.7159 4.2402
v  0.8577 11.4373 3.8565
v  0.7231 11.3993 4.0950
v  0.7698 11.0240 3.8292
v  0.6340 11.0037 4.0819
v  0.6795 10.6060 3.7422
v  0.5457 10.5624 4.0691
v  0.3951 11.3790 4.2422
v  0.3352 10.9919 4.1861
v  0.2805 10.5515 4.1225
v  0.6201 10.1051 3.7888
v  0.4498 10.0537 4.0115
v  0.5745 9.5486 3.6968
v  0.3506 9.4820 3.8708
v  0.5559 9.1192 3.5857
v  0.3101 8.8919 3.7166
v  0.2155 10.0717 4.0389
v  0.1459 9.5110 3.8525
v  0.0930 9.0464 3.6487
v  0.4621 12.4010 4.7859
v  0.3743 12.2920 5.0608
v  0.2831 12.1849 5.3570
v  0.2055 12.0500 5.6419
v  1.2915 12.5642 3.2914
v  1.3280 12.1029 2.7546
v  1.3414 12.4859 2.7247
v  1.2224 12.1610 3.3625
v  1.0637 11.7550 2.8329
v  1.0450 11.7822 3.3200
v  1.2198 11.4485 2.7761
v  1.0912 11.4381 3.4077
v  1.1567 10.9666 2.7343
v  1.0313 10.9769 3.3381
v  1.0807 10.4811 2.6177
v  0.9038 10.5447 3.2363
v  0.9136 11.0314 2.2988
v  1.0283 10.7076 2.2622
v  0.6262 11.4482 2.3138
v  0.6167 11.7021 2.4458
v  0.7753 12.0030 2.3380
v  0.7421 12.3674 2.3195
v  0.9000 12.0706 6.3069
v  1.0835 12.2349 6.0692
v  0.5993 11.8955 6.5404
v  0.2299 11.7350 6.7068
v  0.3118 11.4582 6.3415
v  0.6123 11.6222 6.2165
v  0.8689 11.8514 6.0539
v  1.0670 12.0783 5.9032
v  1.1255 12.2189 5.9217
v  0.9185 12.5070 6.0572
v  1.0833 12.4760 5.9781
v  0.6314 12.5002 6.1341
v  0.3217 12.4721 6.1781
v  0.3232 12.1377 5.8134
v  0.6283 12.1886 5.7978
v  0.8895 12.2525 5.7842
v  1.0531 12.2943 5.7887
v  1.1182 12.4188 5.8453
v  0.9818 12.4937 5.8190
v  0.7203 12.5185 5.8119
v  0.3918 12.5179 5.8114
v  0.5845 12.1103 7.5811
v  0.5005 12.1646 7.6212
v  0.4380 11.9216 7.5322
v  0.5479 11.9986 7.5293
v  0.5066 11.9246 7.6399
v  0.5547 12.1051 7.6996
v  7.2435 3.7235 3.1511
v  6.8872 3.9602 3.0754
v  6.8788 4.1846 3.2224
v  7.2593 4.3157 3.3945
v  6.7357 3.7871 2.9744
v  6.8788 3.5375 2.9285
v  6.1782 3.5503 2.8225
v  6.2007 3.4868 2.7932
v  6.0992 3.5347 2.8389
v  6.1331 3.3984 2.8162
v  6.5427 3.7540 3.1388
v  6.6213 3.8385 3.2130
v  6.6890 3.9753 3.3161
v  6.1516 3.4979 2.9263
v  6.1997 3.3834 2.9166
v  6.6071 3.5427 3.2554
v  6.7791 3.3142 3.2502
v  6.9435 3.2698 3.0841
v  7.3145 3.5657 3.3596
v  7.3589 4.1676 3.6360
v  7.0769 3.5491 3.5344
v  6.7265 3.6526 3.4290
v  7.1299 3.9307 3.7672
v  6.7710 3.8668 3.5859
v  6.4854 4.1718 3.3429
v  6.6003 4.0945 3.7235
v  6.7555 4.3984 3.2087
v  7.2393 4.5718 3.4424
v  7.0591 4.2002 4.0300
v  6.4722 4.5303 3.4758
v  6.5546 4.4329 3.9584
v  6.8513 4.5576 4.2302
v  6.6843 4.6647 3.3318
v  7.0645 4.8645 3.5039
v  7.3977 4.4071 3.7988
v  7.1702 4.8770 3.9335
v  3.0933 9.9448 -0.9624
v  2.8560 9.8052 -1.1613
v  3.1260 10.3440 -1.5460
v  3.3889 10.4316 -1.3897
v  2.5649 9.4688 -0.6267
v  2.8354 9.5728 -0.4127
v  2.4163 9.2480 -0.2654
v  2.6689 9.3721 -0.0398
v  2.2471 9.1731 0.2195
v  2.5300 9.2622 0.4254
v  1.9622 9.1249 -0.4057
v  1.8368 9.0734 0.2034
v  1.5212 9.3411 -0.4165
v  1.4366 9.2659 0.2427
v  1.3450 9.7943 -0.3933
v  1.2252 9.5898 0.2377
v  2.2244 9.4286 -0.8328
v  1.8503 9.6422 -0.9116
v  1.6077 10.0537 -0.8298
v  2.5045 9.7444 -1.4919
v  2.0887 10.0244 -1.5298
v  1.9000 10.4498 -1.2632
v  2.4468 10.5570 -1.7615
v  2.2416 10.8878 -1.5898
v  2.8312 10.3669 -1.7168
v  1.2805 10.2426 -0.2612
v  1.0703 10.0961 0.3195
v  1.5361 10.4198 -0.7163
v  1.8562 10.7183 -1.0771
v  2.1768 11.1047 -1.4090
v  1.6978 10.6757 -0.0150
v  1.4317 10.6975 0.4785
v  2.1373 10.6362 0.2213
v  2.0485 10.7544 0.7925
v  2.7861 9.6711 0.6838
v  2.8342 9.8430 0.2000
v  2.5952 10.3241 0.9913
v  2.5474 10.3564 0.2803
v  2.9348 10.0213 -0.2148
v  2.6831 10.5279 -0.1522
v  2.3027 10.8005 -0.2592
v  1.8752 10.8066 -0.4661
v  3.1248 10.2878 -0.6560
v  2.8627 10.7732 -0.5085
v  2.0452 10.9985 -0.8027
v  2.4711 11.0352 -0.5642
v  3.4109 10.7085 -1.0527
v  3.1194 11.0724 -0.8247
v  2.6909 11.3346 -0.8888
v  2.3384 11.3008 -1.1435
v  3.0161 10.8071 -2.1675
v  2.6542 11.0164 -2.1638
v  3.3319 11.4196 -2.3149
v  3.0114 11.6017 -2.3039
v  3.6347 11.9513 -2.6856
v  3.2589 12.1056 -2.6573
v  3.9459 12.7903 -3.1039
v  3.6266 12.9397 -3.0998
v  4.2182 13.6119 -3.8447
v  3.9313 13.7292 -3.8214
v  4.3584 14.2966 -4.8725
v  4.0979 14.4147 -4.8228
v  4.2788 14.7817 -6.1289
v  4.0111 14.9070 -6.0481
v  4.1635 15.1028 -7.4978
v  3.8961 15.2480 -7.4351
v  4.1208 15.2566 -8.9529
v  3.8862 15.3963 -8.9165
v  4.2006 15.1669 -10.0539
v  4.0320 15.2777 -10.0837
v  4.4197 14.9695 -10.8922
v  4.2840 15.0648 -10.9295
v  4.6062 14.8536 -11.4538
v  4.5096 14.9306 -11.4878
v  3.3858 10.8032 -1.9326
v  3.6619 11.3877 -2.1475
v  3.9574 11.9496 -2.4462
v  4.2429 12.7898 -2.9400
v  4.5403 13.6097 -3.6849
v  4.7262 14.3027 -4.8139
v  4.5373 14.7920 -6.1274
v  4.3735 15.0896 -7.4791
v  4.2803 15.2126 -8.9166
v  4.3776 15.1594 -9.9902
v  4.5870 14.9528 -10.8306
v  4.7442 14.8260 -11.4363
v  4.2001 15.1944 -10.9676
v  4.4767 15.0273 -11.5578
v  3.9402 15.3878 -10.1053
v  3.7858 15.5275 -8.8671
v  3.7749 15.3948 -7.3859
v  3.8538 15.1232 -5.9222
v  3.9256 14.6034 -4.6882
v  3.7252 13.8764 -3.6585
v  3.3920 13.0837 -2.8845
v  2.4611 11.2907 -1.8637
v  2.8316 11.7743 -2.1320
v  3.0904 12.3580 -2.4428
v  2.4124 11.4212 -1.6228
v  2.7580 11.9402 -1.8709
v  3.0486 12.5225 -2.1982
v  3.3127 13.2689 -2.6818
v  3.6152 14.0889 -3.4634
v  3.8449 14.8407 -4.5408
v  3.7715 15.3688 -5.8314
v  3.6380 15.6916 -7.3152
v  3.6801 15.8374 -8.8473
v  3.8838 15.6909 -10.1626
v  4.1748 15.4037 -11.0398
v  4.4598 15.1564 -11.6566
v  3.5962 10.8119 -1.6826
v  3.8806 11.3792 -1.9392
v  4.1668 12.0069 -2.2313
v  4.4843 12.8505 -2.7531
v  4.7932 13.7024 -3.5140
v  4.9775 14.4754 -4.6778
v  4.8535 14.9779 -6.1157
v  4.6467 15.2812 -7.4312
v  4.5105 15.4148 -8.8214
v  4.5655 15.2566 -9.9423
v  4.7787 15.0316 -10.7878
v  4.9293 14.8573 -11.4359
v  3.6187 11.0297 -1.2593
v  3.3520 11.4183 -1.0470
v  2.9511 11.6272 -1.1053
v  2.5903 11.5859 -1.3358
v  2.9313 12.0680 -1.6022
v  3.2410 12.0917 -1.3645
v  3.9173 11.5577 -1.4907
v  3.6244 11.9036 -1.2688
v  3.5214 12.7205 -1.6434
v  3.9439 12.5844 -1.5686
v  4.2295 12.2434 -1.8143
v  3.1888 12.6215 -1.8716
v  3.4923 13.5065 -2.3699
v  3.8419 13.6058 -2.1202
v  4.3259 13.4640 -2.0643
v  4.5920 13.1017 -2.3453
v  4.1514 14.5530 -3.0444
v  4.6413 14.4473 -2.9919
v  4.3292 15.2767 -4.2677
v  4.7667 15.2229 -4.2496
v  4.9130 14.0775 -3.1859
v  5.0599 14.8817 -4.4117
v  3.7994 14.3941 -3.2294
v  4.0144 15.1061 -4.3714
v  4.2283 15.8420 -5.7478
v  4.6170 15.8027 -5.8197
v  4.9044 15.4861 -5.9847
v  3.9321 15.6659 -5.7638
v  4.4619 16.0184 -7.3347
v  4.6607 15.6989 -7.4015
v  3.7549 15.9768 -7.2877
v  4.0932 16.1458 -7.2863
v  4.5215 15.7450 -8.8275
v  4.3692 16.0440 -8.8207
v  4.0729 16.1824 -8.8211
v  3.7760 16.0536 -8.8402
v  4.2743 15.9586 -10.1332
v  4.5344 15.8170 -10.0839
v  4.0071 15.8784 -10.1638
v  4.6474 15.5452 -10.0108
v  4.8627 15.2776 -10.8304
v  4.7689 15.5240 -10.9286
v  4.9892 15.0750 -11.4543
v  4.9046 15.2585 -11.5029
v  4.5253 15.6284 -11.0138
v  4.7354 15.3351 -11.5752
v  4.3071 15.5556 -11.0431
v  4.5788 15.2860 -11.6337
v  4.9240 14.8503 -11.8999
v  4.9853 15.0120 -11.8646
v  4.8166 15.1051 -11.9444
v  4.7327 14.9758 -11.9807
v  4.9476 15.1257 -11.8000
v  4.8582 15.1752 -11.8425
v  4.7080 14.8481 -11.7198
v  4.6543 14.8897 -11.7354
v  4.6853 14.9119 -11.8448
v  4.7940 14.8361 -11.8002
v  2.4653 10.4944 1.3618
v  1.7648 11.0735 1.3891
v  0.9442 9.4507 0.6004
v  0.7192 10.2288 0.7223
v  0.4214 9.9268 0.9736
v  0.5276 9.4490 0.9774
v  1.3398 9.0671 0.3862
v  1.7523 8.8909 0.3037
v  0.5440 8.9834 0.8906
v  0.9160 8.9076 0.6762
v  2.1748 8.9568 0.4109
v  2.5973 9.1626 0.5774
v  2.8855 9.5824 0.8411
v  1.2611 8.7092 0.4620
v  1.6769 8.5345 0.3900
v  2.1861 8.4511 0.5398
v  0.5311 8.5702 0.7851
v  0.8627 8.4870 0.6789
v  0.5161 8.2366 0.7225
v  0.7870 8.1377 0.6167
v  1.1726 8.3322 0.5178
v  1.0771 7.9942 0.5196
v  1.5135 8.1281 0.4869
v  1.3411 7.7576 0.5729
v  1.8568 7.9168 0.6350
v  1.5671 7.5421 0.8142
v  0.3479 11.2737 1.7876
v  0.2736 10.8625 1.5468
v  2.3143 10.5686 1.7161
v  1.8016 10.9426 1.7964
v  2.0278 10.4995 1.9028
v  1.7070 10.5742 1.9458
v  1.2642 11.0595 2.0582
v  1.2778 10.6663 2.1105
v  1.1568 11.3159 1.8640
v  0.7574 11.1725 1.4531
v  1.1451 10.9900 0.9641
v  0.4685 10.6422 1.1905
v  0.2486 10.3831 1.2649
v  1.4189 10.4561 2.4965
v  1.7691 10.4198 2.3925
v  2.0127 10.4126 2.2802
v  1.4319 9.7773 2.7295
v  1.0474 9.6873 2.7767
v  0.8667 9.9185 3.2773
v  0.7861 9.5935 3.3198
v  0.8037 9.4081 3.2229
v  5.6023 1.2080 -0.8237
v  5.4099 1.4595 -0.6240
v  5.8090 1.6595 -0.2092
v  5.9792 1.3575 -0.3926
v  5.6032 1.4206 0.0634
v  5.2758 1.3677 -0.3092
v  5.6075 0.8985 0.0683
v  5.4449 0.9050 -0.0725
v  5.8391 0.5906 -0.1943
v  5.6958 0.6375 -0.3013
v  6.0134 0.8496 -0.4031
v  5.7432 0.8348 -0.6775
v  5.9698 0.5650 0.2267
v  5.8056 0.7798 0.1541
v  5.9287 0.5292 -0.1101
v  6.0105 0.4106 0.0010
v  6.1323 0.1364 0.3064
v  6.1802 0.0652 0.2551
v  6.1589 0.1681 0.3628
v  6.2539 0.1166 0.3506
v  6.0720 0.7742 0.4124
v  5.8826 1.2389 0.3192
v  6.2859 0.1884 0.2678
v  6.2515 0.1524 0.2261
v  6.2346 0.5463 -0.0212
v  6.1560 0.7620 -0.1931
v  6.3137 0.8807 0.4072
v  6.3430 0.7795 0.1649
v  6.1585 1.3633 0.1881
v  6.2302 1.1551 -0.0403
v  5.2200 1.4844 -0.7916
v  5.5273 1.1988 -0.9678
v  5.6741 0.6948 -0.8784
v  5.6440 0.4458 -0.3328
v  5.2939 0.8049 -0.0674
v  5.0843 1.3160 -0.2954
v  4.6068 0.9392 -0.6332
v  4.9279 1.1174 -1.0826
v  4.9565 0.5955 -0.2009
v  5.1732 0.8472 -1.2656
v  5.4727 0.3486 -1.2307
v  5.5229 0.1907 -0.4270
v  5.3365 -0.0122 -0.5613
v  4.9023 -0.0117 -0.3398
v  5.3506 -0.0032 -1.2318
v  4.8311 0.7219 0.3217
v  4.7192 1.3114 0.0732
v  4.7207 0.8020 0.4921
v  4.7227 1.3340 0.3232
v  4.8391 0.7795 0.8191
v  4.8555 1.3476 0.8131
v  4.8738 0.7182 1.0379
v  4.8960 1.2883 1.1829
v  4.8948 0.5724 1.2883
v  4.9009 1.0110 1.5623
v  4.8591 0.1196 1.7678
v  4.8701 0.1677 1.8146
v  4.8120 0.0406 1.8207
v  4.8188 0.1034 1.8882
v  4.7476 1.0014 1.7394
v  4.6477 1.4753 1.3862
v  4.5020 1.6316 0.8906
v  4.3932 1.4670 0.3432
v  4.6384 0.3606 1.2603
v  4.5896 0.4578 1.0968
v  4.5532 0.5271 0.9512
v  4.4641 0.6262 0.7031
v  4.7358 0.0967 1.8060
v  4.7379 0.1492 1.8566
v  4.5012 0.8446 1.6353
v  4.4709 0.5354 1.3903
v  4.3727 0.6958 1.2358
v  4.2812 0.8193 1.0388
v  4.2198 0.8882 0.7888
v  4.1562 1.3132 0.6183
v  4.2593 1.3459 0.9796
v  4.3518 1.2308 1.3303
v  4.4260 0.4561 0.5950
v  4.0742 0.8049 0.6882
v  4.3798 0.2209 0.3979
v  4.3165 -0.0210 0.1448
v  3.7122 0.4666 0.2183
v  3.6614 -0.0193 0.0825
v  3.0732 -0.0190 0.2561
v  3.0208 0.1169 0.5300
v  2.9419 0.3237 0.8582
v  3.3600 0.7063 0.7419
v  2.8812 0.5527 0.9380
v  3.1840 0.7963 0.8950
v  4.0235 1.2770 0.5088
v  3.6897 0.7930 -0.0841
v  3.3903 1.2013 0.5176
v  4.3020 1.5042 0.1081
v  4.0940 1.2219 -0.4401
v  3.1860 1.2297 0.7333
v  2.9137 1.4263 0.3318
v  3.0901 1.0901 -0.3777
v  2.8654 1.3677 0.5959
v  4.6416 1.5539 -1.7634
v  4.2750 1.4245 -1.4074
v  4.4271 1.1326 -1.0441
v  4.8043 1.3732 -1.4137
v  4.7072 1.1633 -2.1241
v  4.9659 0.9319 -1.7164
v  3.8993 1.6773 -1.2066
v  3.9974 1.4620 -0.8177
v  3.5273 1.3568 -1.1282
v  3.6199 1.0347 -0.6314
v  3.0731 1.5798 -1.2018
v  3.0423 1.4355 -0.7476
v  2.6918 0.8612 -0.9608
v  2.7910 1.1124 -1.4830
v  2.7463 0.6600 -0.3989
v  2.5586 1.1174 0.3146
v  2.6248 1.1134 0.5890
v  2.6321 0.7090 0.7435
v  2.5208 0.6137 0.5698
v  2.5859 0.2738 -0.1283
v  2.7421 -0.0166 -0.1696
v  3.1470 0.8306 1.2422
v  3.1443 1.3161 1.2063
v  3.0784 0.7497 1.5309
v  3.0608 1.3023 1.6907
v  3.0061 0.6040 1.7610
v  2.9421 0.8809 2.1097
v  2.7825 0.0908 2.1464
v  2.7966 0.1721 2.2196
v  2.8288 0.5254 1.2275
v  2.7928 0.4734 1.4303
v  2.7589 0.3579 1.6315
v  2.7178 0.0300 2.1507
v  2.7183 0.1418 2.2870
v  2.7652 0.9409 2.2159
v  2.7543 1.4678 1.7240
v  2.8062 1.5315 1.1492
v  2.5522 0.7806 1.1243
v  2.5308 0.7455 1.4118
v  2.5439 0.5872 1.7101
v  2.6252 0.1405 2.1265
v  2.6276 0.2222 2.2095
v  2.5398 0.8224 1.9712
v  2.5422 1.2628 1.5518
v  2.5688 1.2854 1.1141
v  4.4177 1.6663 -2.1168
v  4.1122 1.6355 -1.8149
v  4.3811 1.4492 -2.4783
v  3.7899 1.7805 -1.6462
v  3.4923 1.6621 -1.6499
v  3.1543 1.6604 -1.6826
v  2.9507 1.3499 -1.9866
v  5.2312 0.3950 -1.8699
v  4.9485 0.4858 -2.3169
v  4.6523 0.5756 -2.6906
v  5.1755 -0.0051 -1.8214
v  4.8797 0.0168 -2.3072
v  4.5581 0.0176 -2.6715
v  2.4106 0.4257 -0.9174
v  2.5291 -0.0117 -0.9634
v  2.4207 0.5500 -1.5514
v  2.4702 0.0007 -1.6272
v  2.4866 0.6164 -2.0881
v  2.5115 0.0081 -2.0953
v  4.7122 -0.0242 -0.9632
v  4.0817 -0.0278 -0.6841
v  3.4255 -0.0304 -0.4856
v  3.2221 -0.0264 -1.1542
v  3.8772 -0.0241 -1.3569
v  4.5133 -0.0203 -1.5672
v  4.2877 -0.0180 -2.1261
v  3.6889 -0.0211 -1.9599
v  3.0904 -0.0232 -1.7760
v  2.6372 0.0146 -2.5675
v  2.5907 0.6565 -2.6110
v  4.3640 0.6442 -2.9858
v  4.2542 0.0217 -2.9426
v  4.2131 1.5297 -2.8503
v  4.4502 1.7809 -2.4799
v  4.3799 1.8125 -2.7329
v  4.3477 2.3179 -2.2928
v  4.3403 2.1895 -2.6185
v  4.0608 2.2470 -2.8766
v  4.2058 2.4790 -2.4448
v  4.4431 1.8762 -2.1479
v  4.2085 2.6641 -2.5087
v  4.1980 2.5389 -2.8575
v  4.1228 2.5773 -3.0510
v  3.9294 2.4195 -3.1544
v  4.0249 3.1808 -2.7439
v  4.1008 3.0475 -2.6721
v  4.1196 2.9565 -2.9792
v  3.8809 3.0137 -3.2202
v  4.3306 1.9783 -2.7814
v  4.1101 1.8418 -2.9669
v  4.0930 2.7469 -3.1185
v  3.8801 2.7349 -3.2666
v  2.7842 1.6551 -2.7979
v  2.6997 1.3152 -2.6044
v  2.6992 1.6260 -2.3322
v  2.7104 1.8285 -2.4265
v  2.8428 2.1386 -2.6890
v  2.8203 2.0729 -2.2633
v  2.8899 1.6302 -2.0015
v  3.0942 1.9124 -1.7402
v  3.0570 2.2010 -1.9326
v  3.0618 2.3583 -2.1160
v  3.4428 2.0120 -1.6233
v  3.7853 2.0334 -1.6348
v  4.1765 1.9875 -1.8125
v  4.1605 2.3499 -1.8972
v  3.7615 2.4047 -1.7170
v  3.3977 2.3416 -1.7375
v  3.3745 2.4590 -1.9414
v  3.6827 2.5498 -1.9326
v  3.9852 2.5391 -2.1251
v  4.0139 2.7324 -2.1321
v  3.6877 2.7350 -1.9143
v  3.3080 2.6516 -1.9189
v  2.9802 2.5560 -2.1443
v  2.7576 2.4195 -2.6006
v  2.8770 2.2072 -3.0203
v  2.7466 2.4186 -2.8380
v  2.8650 2.5854 -3.1707
v  2.7480 2.5768 -2.9250
v  2.8066 2.9665 -2.9222
v  2.7554 2.7666 -2.7133
v  2.9048 2.8602 -2.2954
v  2.9292 3.0641 -2.4318
v  3.2290 2.9625 -2.0215
v  3.2242 3.1698 -2.1931
v  3.9283 3.1085 -2.2812
v  3.8561 3.2554 -2.3953
v  3.6082 3.1028 -2.0581
v  3.5309 3.2227 -2.1855
v  4.0400 3.3717 -2.7518
v  4.0391 3.2747 -3.1479
v  3.9517 3.2660 -3.3010
v  3.8323 3.1553 -3.4008
v  3.9387 3.4266 -3.3342
v  3.8025 3.4406 -3.4681
v  3.9783 3.5650 -3.1919
v  3.8462 3.6866 -3.3452
v  3.9487 3.6710 -2.8464
v  3.8181 3.8896 -2.9661
v  3.8689 3.4518 -2.3877
v  3.7581 3.7206 -2.5166
v  3.6553 4.0679 -2.6809
v  3.9307 2.0586 -3.2587
v  3.7930 2.8768 -3.5573
v  3.7776 3.5420 -3.8690
v  3.9862 1.4087 -3.2381
v  3.9516 0.6772 -3.2586
v  3.9182 0.0192 -3.1323
v  2.9089 0.0205 -2.9388
v  2.8877 0.6510 -3.0708
v  2.9378 1.3063 -3.0613
v  2.9434 1.9626 -3.1575
v  2.9124 2.7527 -3.4810
v  2.8020 3.1077 -3.2615
v  2.6672 3.1994 -3.0137
v  2.6917 3.1645 -2.8472
v  2.6968 3.4722 -3.3025
v  2.6597 3.3624 -3.0643
v  2.6052 3.8125 -3.0734
v  2.6812 3.4832 -2.9216
v  2.8462 3.2781 -2.4053
v  2.8381 3.5851 -2.5513
v  2.8176 3.8025 -2.6951
v  3.1444 3.3422 -2.1514
v  3.4951 3.4514 -2.1348
v  3.4322 3.7276 -2.3259
v  3.1067 3.6550 -2.3315
v  3.0742 3.8403 -2.4817
v  3.3866 3.9014 -2.4797
v  2.8437 3.3284 -3.7965
v  3.3916 0.0176 -3.1863
v  3.3940 0.6591 -3.3395
v  3.4334 1.3385 -3.2941
v  3.4075 1.9890 -3.4440
v  3.3626 2.7391 -3.7812
v  3.3154 3.3337 -4.1158
v  3.0111 -0.0196 -2.3338
v  4.0578 -0.0149 -2.6111
v  3.5368 -0.0170 -2.5232
v  3.7347 4.4615 -2.8687
v  3.8216 4.2672 -3.1844
v  3.6397 4.9810 -3.1498
v  3.6974 4.7033 -3.4932
v  2.4659 4.2825 -3.2733
v  2.6272 4.0652 -3.5959
v  2.7206 4.6115 -3.8004
v  2.6290 4.8715 -3.4715
v  3.8940 3.9110 -3.5704
v  3.7205 4.4022 -3.8671
v  3.6428 4.0776 -4.1821
v  3.2733 4.0016 -4.3525
v  3.2582 4.5564 -4.2122
v  2.8340 3.9918 -4.0962
v  2.8283 4.3698 -4.0725
v  3.2171 4.9033 -3.8691
v  3.1416 5.2438 -3.5292
v  3.0281 5.6132 -3.1307
v  2.4386 5.2535 -3.0917
v  3.5799 5.3033 -2.7293
v  3.7462 4.7168 -2.3738
v  3.7966 4.1894 -2.2352
v  3.4469 3.9170 -2.1865
v  3.1084 3.8784 -2.2454
v  2.7989 3.8692 -2.3407
v  2.3354 3.9586 -2.6312
v  2.2747 4.5310 -2.8797
v  3.7593 5.0070 -1.7196
v  3.5676 5.6823 -2.2429
v  3.7061 5.3329 -1.1121
v  3.5138 6.1131 -1.6867
v  3.9191 4.2076 -1.4686
v  4.0100 4.4073 -0.7080
v  3.6888 3.9183 -1.3813
v  3.7337 4.0486 -0.5910
v  3.1513 3.8832 -1.5722
v  3.1286 3.9079 -0.8466
v  2.6705 3.9398 -1.8015
v  2.4879 3.9832 -1.2412
v  2.1486 4.1399 -2.1700
v  1.9440 4.2703 -1.6649
v  2.0523 4.7966 -2.4987
v  1.7543 5.0022 -2.1447
v  2.2144 5.5899 -2.7164
v  1.9568 5.9931 -2.2013
v  2.9279 5.9965 -2.6968
v  2.7921 6.4083 -2.1513
v  3.7768 4.9485 -0.0237
v  3.5210 5.7188 -0.6214
v  3.2853 5.6405 0.2938
v  3.1360 6.0981 -0.3071
v  2.7137 6.0749 0.3569
v  2.6541 6.4310 -0.2444
v  2.2530 6.3146 0.2322
v  2.1844 6.6431 -0.2908
v  3.3511 4.5253 0.0947
v  2.9161 5.0864 0.3682
v  2.3896 5.5829 0.4304
v  2.1080 5.8252 0.2925
v  2.8669 4.2094 -0.1223
v  2.4147 4.6465 0.1614
v  1.9803 5.0886 0.1335
v  1.8097 5.3500 -0.0056
v  1.4346 5.9995 -2.0403
v  1.5394 5.2123 -2.1177
v  1.2787 5.1414 -1.4512
v  1.5694 4.8749 -1.3302
v  2.0255 6.6745 -1.5808
v  1.5202 6.6062 -1.4639
v  2.0582 6.9320 -0.8626
v  1.6233 6.9413 -0.8640
v  2.7035 6.6992 -1.4804
v  3.3359 6.4124 -1.1383
v  2.6007 6.8233 -0.8290
v  3.0958 6.5900 -0.7504
v  1.9656 6.7322 -0.3157
v  2.0157 6.4087 0.1433
v  1.9348 5.9656 0.1567
v  1.6281 5.6268 -0.2097
v  1.8311 4.4325 -1.0309
v  2.3007 4.1852 -0.6567
v  1.6477 5.1213 -0.6452
v  1.8873 4.7436 -0.4853
v  2.1799 4.4656 -0.3491
v  1.4548 5.4917 -0.7725
v  1.3796 5.7789 -0.1970
v  1.4992 6.1713 0.1553
v  1.2036 5.3425 -0.7104
v  1.5608 6.4877 0.2394
v  1.3813 5.3383 -2.9383
v  1.6594 5.8892 -2.9602
v  0.9878 6.2429 -2.7646
v  0.9226 5.7114 -2.7649
v  0.7859 6.5615 -2.8933
v  1.2075 6.6802 -3.2099
v  0.4108 6.7949 -3.0308
v  0.5892 6.9872 -3.4150
v  1.4574 4.9854 -2.5464
v  1.1946 5.2166 -2.2744
v  1.2082 4.5394 -2.2298
v  0.9934 4.9469 -2.0913
v  0.7126 4.1275 -2.0002
v  0.6287 4.5869 -1.9231
v  0.7976 3.4226 -2.2277
v  0.7889 3.0396 -2.7021
v  1.3996 3.8318 -2.5500
v  1.3247 3.3238 -3.0076
v  1.6625 4.3184 -2.9320
v  1.5950 3.5758 -3.3442
v  1.5845 4.6753 -3.3312
v  1.5558 3.8255 -3.7474
v  0.7880 2.5110 -2.8794
v  0.7949 2.0703 -3.3340
v  0.7395 1.8965 -3.8372
v  1.7803 3.3930 -3.9532
v  1.7339 3.2019 -3.6194
v  1.7498 2.9175 -4.3040
v  1.7505 2.6949 -3.9304
v  1.5256 2.5587 -4.5801
v  1.4958 2.2727 -4.2388
v  1.1899 2.0420 -4.0164
v  1.4250 2.3511 -3.5977
v  1.4419 2.8627 -3.2039
v  0.7385 1.4803 -4.1215
v  0.6462 1.2356 -4.5681
v  0.4911 1.2403 -5.0475
v  1.6052 2.2346 -4.8825
v  1.5669 1.9539 -4.5415
v  1.5378 1.9912 -5.1929
v  1.4609 1.6675 -4.9348
v  1.3279 1.7703 -5.4845
v  1.1746 1.5027 -5.2758
v  0.8818 1.3484 -5.1344
v  1.1248 1.4050 -4.7273
v  1.2454 1.6672 -4.3015
v  1.2778 1.4753 -6.0312
v  1.0397 1.1040 -5.8230
v  1.0432 1.2878 -6.4719
v  0.8240 1.0375 -6.3425
v  0.8608 1.1187 -5.4124
v  0.4393 0.9272 -6.2710
v  0.4979 0.8460 -5.8427
v  0.4874 0.9846 -5.3768
v  1.0551 1.1350 -6.9941
v  0.8523 0.8545 -6.8669
v  0.8832 1.0327 -7.4301
v  0.6644 0.8562 -7.4268
v  0.4641 0.6636 -6.8033
v  0.3522 0.7690 -7.4104
v  0.8735 1.0356 -7.8641
v  0.6941 0.7859 -7.8583
v  0.7421 1.0408 -8.2872
v  0.5480 0.8735 -8.2959
v  0.3840 0.6340 -7.8637
v  0.2971 0.8062 -8.3109
v  0.7626 1.0940 -8.7752
v  0.5923 0.8777 -8.7350
v  0.6141 1.1392 -9.3778
v  0.4375 0.9248 -9.3886
v  0.4879 1.2156 -9.9701
v  0.3412 1.0164 -9.9758
v  0.3792 1.3317 -10.5185
v  0.2638 1.2084 -10.4820
v  0.3567 0.7251 -8.7142
v  0.2469 0.8223 -9.3870
v  0.1936 0.9187 -9.9734
v  0.1363 1.1097 -10.4484
v  0.2381 1.4083 -10.7918
v  0.1593 1.2701 -10.6841
v  0.0986 1.1792 -10.6149
v  1.8690 4.9788 -3.4484
v  1.8995 4.0545 -3.8985
v  1.9886 5.3672 -4.0216
v  2.0636 4.7075 -4.3825
v  1.5936 5.7623 -4.9232
v  1.6781 5.1780 -5.2687
v  1.7626 6.1245 -3.7073
v  1.4124 6.3158 -4.5840
v  1.3192 6.7000 -3.7287
v  1.1736 6.6719 -4.3544
v  0.6679 7.0226 -3.9502
v  0.6941 6.8759 -4.5377
v  0.8977 6.1174 -5.4329
v  0.9522 5.5971 -5.8139
v  0.7992 6.5730 -4.9997
v  1.5020 1.3825 -6.6157
v  1.4143 1.2253 -7.0538
v  1.6682 1.9926 -6.9399
v  1.6077 1.8863 -7.3901
v  1.3894 2.7339 -7.3394
v  1.3566 2.6198 -7.7066
v  0.8087 3.3214 -7.6778
v  0.7926 3.2167 -7.9776
v  1.6110 1.5754 -6.1369
v  1.7503 1.8429 -5.6564
v  1.8309 2.0877 -5.3138
v  1.9105 2.3612 -5.0074
v  1.9531 2.6793 -4.7378
v  1.9890 3.0332 -4.4772
v  1.9772 3.5162 -4.1566
v  0.9400 4.3188 -6.6179
v  0.9185 4.0416 -6.8171
v  0.8312 3.4387 -7.4316
v  0.8651 3.6108 -7.2245
v  0.8916 3.8087 -7.0175
v  0.9679 5.0962 -6.1302
v  0.9594 4.6609 -6.3984
v  1.4335 2.8891 -7.0437
v  1.7472 2.1687 -6.5684
v  1.4934 3.0654 -6.7781
v  1.8371 2.3637 -6.2099
v  1.5565 3.2729 -6.5322
v  1.9172 2.6127 -5.9049
v  1.6147 3.5291 -6.2920
v  1.9941 2.8941 -5.5988
v  1.6531 3.8510 -6.0644
v  2.0549 3.2189 -5.3076
v  1.6886 4.2176 -5.8187
v  2.0910 3.5893 -5.0289
v  1.7034 4.6595 -5.5554
v  2.0941 4.0784 -4.7482
v  0.3781 1.3991 -11.0629
v  0.5839 1.3272 -10.6092
v  0.7647 1.2410 -10.0476
v  1.3142 1.1238 -7.4865
v  1.2131 1.0940 -7.9268
v  1.1251 1.0786 -8.3419
v  1.0404 1.1130 -8.8264
v  0.9128 1.1731 -9.4359
v  0.9501 1.7074 -10.7644
v  0.7385 1.6901 -11.2186
v  0.9152 2.2795 -10.8502
v  0.8009 2.1778 -11.3443
v  0.5621 2.7533 -10.9194
v  0.5017 2.6102 -11.4510
v  0.7194 2.9768 -9.1135
v  0.6813 2.9250 -9.5411
v  0.5992 2.8251 -10.4317
v  0.6410 2.8804 -9.9753
v  0.7627 3.0988 -8.3166
v  0.7399 3.0246 -8.6965
v  1.0033 2.3399 -10.3615
v  1.0868 1.7290 -10.2435
v  1.0907 2.3804 -9.8828
v  1.2146 1.7316 -9.7115
v  1.1807 2.4155 -9.4175
v  1.3440 1.7306 -9.1918
v  1.2492 2.4475 -8.9675
v  1.4421 1.7369 -8.7175
v  1.3000 2.4870 -8.5321
v  1.5127 1.7657 -8.2725
v  1.3316 2.5430 -8.1091
v  1.5662 1.8140 -7.8299
v  0.2859 1.4131 -11.5487
v  0.1985 1.3781 -11.9491
v  0.1416 1.2903 -12.2821
v  0.0986 1.2603 -12.4653
v  0.1416 1.3247 -12.4797
v  0.2367 1.4076 -12.3364
v  0.2465 1.5383 -12.4306
v  0.1450 1.3931 -12.5328
v  0.1674 1.6380 -12.5404
v  0.1060 1.4328 -12.5856
v  0.0681 1.3085 -12.6135
v  0.0706 1.2491 -12.5693
v  0.1022 1.2964 -12.5441
v  0.1047 1.3230 -12.5645
v  0.5486 1.6269 -11.6582
v  0.3695 1.5304 -12.0356
v  0.4169 1.7635 -12.1908
v  0.6229 2.0041 -11.8151
v  0.2535 1.9774 -12.3803
v  0.3757 2.3310 -11.9790
v  0.8782 6.7239 -2.5079
v  1.1179 6.3589 -2.4384
v  0.5148 6.9841 -2.5685
v  0.5078 6.8967 -2.0724
v  0.8398 6.7405 -2.0466
v  1.1279 6.4517 -2.0047
v  1.2400 5.8893 -2.3131
v  1.3235 5.2681 -2.1960
v  1.0692 5.0332 -1.5926
v  0.5962 4.7547 -1.4275
v  1.1560 6.7390 -1.4123
v  1.2639 7.0838 -0.7813
v  1.4581 6.7626 0.1057
v  1.7131 6.8069 0.0072
v  1.5925 6.9868 -0.2505
v  1.2432 6.9894 -0.0728
v  0.9751 7.1233 -0.2303
v  0.6062 7.1833 -0.3813
v  0.7899 7.1957 -0.9239
v  0.8100 6.9632 -1.4910
v  0.4588 7.1851 -1.5839
v  0.3926 7.3138 -1.0081
v  0.2535 7.2488 -0.4503
v  0.6129 4.9312 -0.8348
v  1.2249 7.0736 0.0878
v  0.9836 7.2667 -0.0385
v  1.2678 7.2842 0.2592
v  1.0065 7.4904 0.1616
v  1.2876 7.5305 0.4351
v  1.4951 7.2794 0.6118
v  0.6386 7.3272 -0.0910
v  0.2756 7.3464 -0.1472
v  0.2767 9.5055 0.6805
v  0.2857 9.0596 0.5897
v  0.2295 9.9302 0.7934
v  0.1360 10.2911 1.1204
v  0.6620 7.5750 0.1866
v  0.3026 7.6717 0.1681
v  1.0131 7.7285 0.3913
v  0.6818 7.8623 0.4580
v  0.3156 8.0976 0.4661
v  0.2910 8.6170 0.5157
v  1.3872 6.8368 0.2223
v  1.4397 7.0397 0.4058
v  1.4902 6.5375 0.3251
v  1.4533 6.7455 0.5931
v  1.5171 7.0148 0.8944
v  1.5542 7.3055 1.1584
v  1.4135 6.1920 0.3350
v  1.3471 6.5167 0.7379
v  1.3435 6.8081 1.1083
v  1.3336 7.1943 1.5097
v  1.1174 6.6248 1.2671
v  1.1118 6.8946 1.6605
v  1.1586 6.3398 0.8510
v  1.1515 6.0073 0.4792
v  1.2188 5.7381 0.0278
v  0.9898 5.3571 -0.2776
v  0.5297 5.0764 -0.4564
v  0.4662 5.1529 -0.1515
v  0.7646 5.3640 -0.0021
v  0.9625 5.6240 0.2234
v  2.0288 7.6358 0.9921
v  1.9441 7.5856 1.4546
v  1.4645 7.3509 1.8214
v  1.8182 7.7385 1.7995
v  1.2306 7.0003 1.9009
v  0.9373 6.6216 1.8474
v  1.0134 6.6855 2.0997
v  2.0499 8.1902 1.8101
v  2.3965 8.0125 1.4495
v  2.5436 8.0351 0.9082
v  2.2175 8.6836 1.8441
v  2.6396 8.5466 1.4475
v  2.8692 8.6105 1.0482
v  2.7470 8.8856 0.6954
v  2.4696 9.0044 1.9347
v  2.8750 8.9868 1.4654
v  3.0229 9.1849 1.2854
v  3.0510 9.3860 1.0441
v  0.6520 6.4363 2.1611
v  0.7068 6.4964 2.3919
v  0.3464 6.3530 2.3834
v  0.3707 6.3613 2.6941
v  0.1714 8.7413 3.6523
v  0.0406 8.8408 3.5505
v  0.2061 8.5633 3.8096
v  0.4575 8.7157 3.8354
v  0.9068 8.9778 3.5816
v  1.3709 9.2954 3.1497
v  2.2074 8.6462 2.3050
v  2.3400 9.0505 2.3099
v  2.3442 9.2004 2.6528
v  2.1871 8.7281 2.7575
v  1.0735 8.5618 3.6810
v  1.5128 8.7354 3.3480
v  0.6029 8.3611 3.9508
v  0.3842 6.5264 2.9331
v  0.7195 6.6204 2.6512
v  0.3721 6.6849 3.3281
v  0.7833 6.7930 3.0610
v  1.0911 6.8379 2.4052
v  1.1565 7.0322 2.8482
v  1.3733 7.1253 2.2990
v  1.4331 7.2875 2.7101
v  1.6393 7.4242 2.2349
v  1.6801 7.5393 2.6447
v  1.9125 7.7869 2.2295
v  2.1119 8.2075 2.2620
v  2.0996 8.2564 2.7413
v  1.9220 7.8659 2.7017
v  0.2572 8.1817 4.0203
v  0.2537 7.7902 4.1023
v  0.2677 7.3541 4.0095
v  0.3139 6.9774 3.7263
v  0.7834 7.1110 3.4840
v  0.7283 7.4747 3.7968
v  0.6772 7.8977 3.9832
v  1.1383 8.0958 3.6531
v  1.1703 7.6780 3.4923
v  1.1743 7.3140 3.2289
v  1.4619 7.5000 3.0370
v  1.4940 7.8206 3.2358
v  1.5194 8.2335 3.3431
v  1.6488 7.6366 2.9063
v  1.7515 7.8974 2.9988
v  1.8650 8.2898 3.0597
v  1.9505 8.8023 3.0199
v  0.9818 6.3097 1.4993
v  1.0049 5.9888 1.0954
v  0.9402 5.7372 0.6939
v  0.8679 5.5787 0.4301
v  0.7087 5.3728 0.3774
v  0.4374 5.1119 0.3329
v  0.7210 5.4894 0.7899
v  0.4302 5.2288 0.8644
v  0.4347 5.4725 1.4040
v  0.3943 5.8569 1.8933
v  0.7573 5.7099 1.2646
v  0.7274 6.0503 1.7265
v  6.5055 4.1038 4.1171
v  6.8248 4.2195 4.3703
v  6.4700 3.9567 4.2393
v  6.7607 4.0454 4.4468
v  6.3890 3.6265 4.1174
v  6.6423 3.5132 4.3997
v  6.2053 3.4027 3.9795
v  6.3611 3.1453 4.2051
v  5.7563 3.0416 3.6611
v  5.7817 2.9747 3.6934
v  5.6443 3.0255 3.6350
v  5.6399 2.9402 3.6738
v  6.2617 3.0444 4.3848
v  6.5665 3.4451 4.6846
v  6.6836 4.0742 4.7756
v  6.7537 4.2843 4.8250
v  6.7312 4.6459 4.8259
v  5.9449 3.4642 3.9690
v  6.0898 3.7039 4.1506
v  6.1514 3.8917 4.2563
v  5.6472 3.0248 3.7478
v  5.6602 2.9736 3.7620
v  5.8972 3.3914 4.1989
v  6.0562 3.1289 4.4037
v  6.2769 3.4301 4.6843
v  6.3610 3.9408 4.8040
v  6.0066 3.5970 4.3755
v  6.1204 3.8411 4.5032
v  6.4114 4.2026 4.9062
v  6.1272 4.5300 4.8550
v  6.0428 3.9731 4.5327
v  5.8927 4.3875 4.6406
v  6.1028 4.0421 4.1885
v  6.0415 4.3771 4.1399
v  5.5703 3.8479 4.7071
v  5.7979 3.6853 5.0989
v  5.3922 3.6309 4.7686
v  5.5970 3.5161 5.0890
v  5.2603 3.3413 4.6077
v  5.3550 3.0154 4.8817
v  5.0212 3.1721 4.3528
v  5.0593 2.8086 4.4926
v  4.6213 3.1877 3.9741
v  4.6094 3.0959 3.9752
v  4.5383 3.2351 3.9336
v  4.5200 3.1162 3.9371
v  4.8748 2.7292 4.6536
v  5.2241 2.9626 5.0737
v  5.3960 3.5159 5.3130
v  4.8306 3.4172 4.3972
v  4.9653 3.5442 4.5908
v  5.0868 3.7539 4.7637
v  5.0706 4.0047 4.7028
v  5.5360 3.6714 5.4534
v  4.9751 3.1791 5.0740
v  5.1486 3.6460 5.2593
v  5.0168 3.7542 5.0220
v  4.8687 3.4868 4.8524
v  4.7061 3.2991 4.5470
v  4.7451 2.9726 4.6942
v  4.4902 3.1339 4.0494
v  4.4902 3.2051 4.0414
v  5.1826 3.7847 5.4075
v  4.9709 3.9568 5.1008
v  5.2224 4.3549 4.6775
v  5.1367 4.4951 5.0107
v  5.3210 4.5018 5.3801
v  5.7190 4.3887 5.5391
v  5.7537 4.8560 5.1855
v  6.1333 4.8085 4.8169
v  5.3976 4.7668 5.1755
v  5.0952 4.6417 4.9252
v  5.1453 4.4692 4.5110
v  5.4317 4.4196 4.2248
v  5.7528 4.4398 3.9201
v  6.0882 4.4736 3.6633
v  6.2991 4.5868 3.4209
v  6.5538 4.8095 3.2166
v  6.8890 5.0159 3.4639
v  6.9751 5.1355 3.9040
v  6.7099 4.9763 4.2326
v  6.6101 4.9857 4.6916
v  5.0134 4.8495 4.2296
v  4.9104 4.9855 4.5811
v  4.9617 5.2731 3.9179
v  4.9036 5.4630 4.3525
v  4.9983 5.6943 3.7957
v  4.9605 5.7661 4.1583
v  5.2423 5.3347 3.4831
v  5.2320 5.6925 3.4253
v  5.7031 5.3834 3.1950
v  5.6376 5.7631 3.2550
v  6.2054 5.6184 3.2417
v  6.0649 5.9486 3.2877
v  6.3665 5.1992 3.1543
v  6.0105 4.9841 3.2727
v  5.8152 4.8426 3.5637
v  5.6157 5.0924 3.4870
v  5.4165 5.0748 3.6629
v  5.2158 5.0350 3.8579
v  5.2896 4.7606 4.0091
v  5.5716 4.7906 3.7937
v  6.6458 5.3994 3.5081
v  6.4584 5.7807 3.5321
v  6.2865 6.0859 3.4877
v  6.8168 5.4836 3.8995
v  6.6138 5.8617 3.9138
v  6.3748 6.1999 3.8715
v  6.6093 5.3331 4.2228
v  5.3457 5.1803 4.9436
v  5.2615 5.6332 4.6555
v  5.2057 5.9226 4.4833
v  5.7778 5.2452 5.0771
v  5.7744 5.7867 4.7817
v  5.6368 6.1057 4.5792
v  6.2354 5.8868 4.4082
v  6.0687 6.1966 4.2939
v  6.5355 5.6007 4.2195
v  6.3758 5.6052 4.5279
v  6.4793 5.3097 4.6167
v  6.0762 5.1817 4.7339
v  6.0610 5.5143 4.6586
v  4.7035 8.0360 3.2203
v  4.2123 7.8261 3.4235
v  4.5204 7.6557 3.7187
v  4.9918 7.8428 3.4751
v  4.9048 7.8907 2.7893
v  5.2373 7.7180 3.0295
v  4.8653 7.6740 2.4984
v  5.2184 7.4863 2.6658
v  4.7075 7.4332 2.3026
v  4.9747 7.2151 2.5390
v  4.4993 7.2160 2.1405
v  4.7169 6.9920 2.4414
v  3.9274 7.5306 3.3247
v  4.1839 7.3180 3.6067
v  3.8091 7.2928 3.0437
v  4.0538 7.0507 3.2947
v  3.9027 7.1492 2.6840
v  4.1323 6.8934 2.9185
v  4.1621 7.1526 2.3679
v  4.3856 6.8904 2.5869
v  5.3963 6.2501 3.1052
v  5.0493 6.1667 3.2661
v  4.8484 6.3435 3.0582
v  5.1998 6.4337 2.8880
v  5.5541 7.1599 3.9147
v  5.0865 7.0346 4.1780
v  5.3190 6.6996 4.3798
v  5.7846 6.7784 4.1011
v  5.8901 7.0753 3.4707
v  6.1071 6.7451 3.6588
v  5.8351 6.8638 3.0701
v  6.0252 6.5561 3.2713
v  5.5643 6.6192 2.8775
v  5.7665 6.3858 3.0971
v  4.6783 6.7228 4.1124
v  4.8879 6.4330 4.2946
v  4.5139 6.4511 3.7769
v  4.7182 6.1926 3.9479
v  4.6036 6.3382 3.3845
v  4.7844 6.1257 3.5720
v  4.6208 6.6217 2.8401
v  4.9544 6.7441 2.6977
v  5.5103 5.9782 3.1042
v  5.0930 5.8841 3.2774
v  5.4953 6.3911 4.4878
v  5.9340 6.4841 4.2121
v  5.2772 7.5219 3.7038
v  4.8181 7.3630 3.9527
v  6.2360 6.4819 3.7887
v  5.5573 7.4231 3.2593
v  6.1579 6.3218 3.3935
v  5.5556 7.2130 2.8470
v  5.9267 6.1631 3.1654
v  5.2827 6.9408 2.6945
v  5.0631 6.1697 4.3945
v  4.4432 7.0402 3.8660
v  4.8133 5.9539 4.0721
v  4.2958 6.7674 3.5429
v  4.8194 5.8635 3.6576
v  4.3787 6.6261 3.1613
v  4.3275 8.1344 2.9003
v  3.9601 7.9753 3.0948
v  4.5411 8.0245 2.5578
v  4.5787 7.8697 2.2795
v  4.4643 7.6397 2.0554
v  4.2213 7.4500 1.9590
v  3.6787 7.7524 3.0345
v  3.5752 7.5224 2.7843
v  3.6992 7.3905 2.4593
v  3.9347 7.3943 2.1902
v  3.7758 8.3015 3.0879
v  4.1765 8.4812 2.9067
v  3.9495 8.8382 2.8291
v  3.5371 8.6573 3.0347
v  4.3502 8.4002 2.4680
v  4.1179 8.7770 2.4181
v  4.3716 8.2509 2.1538
v  4.0967 8.6242 2.0752
v  4.2064 8.0211 1.9294
v  3.9145 8.4250 1.8415
v  3.9130 7.8325 1.8703
v  3.6222 8.2279 1.7560
v  3.4446 8.0613 2.9973
v  3.1783 8.4045 2.9351
v  3.2741 7.8268 2.7338
v  2.9609 8.1694 2.6424
v  3.3275 7.6546 2.3440
v  2.9613 8.0141 2.2204
v  3.5911 7.6943 2.0257
v  3.2710 8.0585 1.8677
v  3.2761 8.9924 2.8994
v  3.6971 9.1512 2.7005
v  3.4680 9.4920 2.6270
v  3.0066 9.3164 2.8100
v  3.8695 9.1183 2.3258
v  3.7187 9.5027 2.2031
v  3.8300 8.9861 1.9878
v  3.6604 9.3762 1.8281
v  3.6468 8.8096 1.7547
v  3.4410 9.1914 1.5740
v  3.3707 8.6416 1.6534
v  3.1517 9.0743 1.5057
v  2.9150 8.7799 2.7965
v  2.7197 8.6018 2.5024
v  2.6945 8.5111 2.1309
v  2.5505 9.0405 2.3450
v  2.6182 8.9854 2.0422
v  3.0318 8.4963 1.7390
v  2.9159 8.9236 1.5608
v  3.3571 9.4808 1.3918
v  3.2225 9.7963 1.2145
v  3.5373 9.7937 1.6665
v  3.2867 10.1524 1.5340
v  2.9627 10.1233 1.0742
v  2.8953 10.4086 1.4217
v  2.5909 9.0759 2.6333
v  3.2059 9.8620 2.5437
v  2.7760 9.5776 2.7560
v  3.5226 9.9454 2.1106
v  3.2040 10.3284 1.9885
v  2.7450 10.5452 1.8281
v  2.1021 9.4265 2.7316
v  2.5044 9.8756 2.6546
v  2.8921 10.2250 2.4467
v  2.4826 10.4802 2.2244
v  2.2214 10.1864 2.4414
v  1.8841 9.9455 2.5605
v  1.6467 12.8749 5.8795
v  1.3367 12.8619 6.3374
v  0.8905 12.9387 6.0366
v  1.1997 12.9517 5.5799
v  1.3847 14.7716 5.7569
v  1.0755 14.7587 6.2136
v  1.5221 14.6862 6.5147
v  1.8321 14.6992 6.0569
v  0.6503 14.1067 6.6840
v  0.5948 13.5604 6.6309
v  1.0403 13.4851 6.9331
v  1.0959 14.0327 6.9863
v  0.7358 13.6768 5.2864
v  0.4266 13.6638 5.7431
v  0.4821 14.2101 5.7962
v  0.7914 14.2231 5.3395
v  2.1285 14.0760 5.4612
v  2.0729 13.5284 5.4080
v  1.6249 13.6036 5.1095
v  1.6804 14.1500 5.1626
v  1.8956 13.1230 5.5672
v  1.4738 13.1907 5.2797
v  0.7075 13.1586 6.4115
v  1.1329 13.0910 6.6938
v  1.6114 14.5445 5.4114
v  2.0326 14.4707 5.6982
v  1.2698 14.4387 6.8248
v  0.8451 14.5123 6.5431
v  1.1605 13.6804 5.0816
v  1.2107 14.1741 5.1296
v  0.4444 14.1419 6.2613
v  0.3943 13.6482 6.2133
v  0.7315 14.5822 5.9436
v  1.0110 14.5939 5.5309
v  0.8734 13.2401 5.3992
v  0.5939 13.2284 5.8120
v  1.2716 14.4808 5.3090
v  1.1556 13.3392 5.1980
v  0.5095 13.3121 6.1523
v  0.6255 14.4536 6.2633
v  1.6341 13.0570 5.9433
v  1.3864 13.0466 6.3091
v  1.5345 14.5042 6.4508
v  1.7822 14.5146 6.0850
v  1.1495 13.5445 6.7851
v  1.1940 13.9821 6.8276
v  2.0191 14.0167 5.6091
v  1.9746 13.5791 5.5665
v  1.8330 13.2552 5.6937
v  1.2235 13.2296 6.5939
v  1.9424 14.3320 5.7984
v  1.3329 14.3064 6.6986
v  1.1405 12.0856 6.6391
v  0.9816 12.0919 6.9165
v  0.7145 12.1511 6.7619
v  0.8730 12.1448 6.4851
v  1.0532 13.1891 6.5647
v  0.8948 13.1953 6.8415
v  1.1623 13.1387 6.9964
v  1.3212 13.1324 6.7189
v  0.6470 12.8372 7.1363
v  0.5929 12.5238 7.1124
v  0.8597 12.4654 7.2679
v  0.9140 12.7797 7.2919
v  0.6195 12.5788 6.3302
v  0.4611 12.5850 6.6070
v  0.5152 12.8985 6.6309
v  0.6736 12.8923 6.3541
v  1.4431 12.7588 6.3675
v  1.3888 12.4446 6.3436
v  1.1207 12.5029 6.1903
v  1.1748 12.8164 6.2142
v  1.2791 12.2180 6.4463
v  1.0262 12.2711 6.2982
v  0.6336 12.2866 6.9842
v  0.8882 12.2334 7.1291
v  1.1603 13.0479 6.3575
v  1.4126 12.9913 6.5052
v  1.0217 13.0067 7.1880
v  0.7677 13.0634 7.0434
v  0.8551 12.5642 6.1937
v  0.9040 12.8475 6.2153
v  0.5113 12.8630 6.9012
v  0.4624 12.5797 6.8796
v  0.6787 13.1048 6.7021
v  0.8219 13.0991 6.4520
v  0.6878 12.3223 6.3927
v  0.5446 12.3280 6.6429
v  0.9580 13.0231 6.3137
v  0.8450 12.3681 6.2637
v  0.5139 12.3812 6.8421
v  0.6270 13.0362 6.8920
v  1.1426 12.1914 6.6749
v  1.0157 12.1965 6.8966
v  1.1601 13.0328 6.9604
v  1.2870 13.0278 6.7387
v  0.9183 12.4949 7.1774
v  0.9616 12.7460 7.1965
v  1.3844 12.7293 6.4580
v  1.3410 12.4783 6.4388
v  1.2533 12.2972 6.5209
v  0.9410 12.3095 7.0665
v  1.3600 12.9151 6.5680
v  1.0477 12.9274 7.1136
v  0.9759 13.0018 7.1985
v  0.8690 13.0046 7.4009
v  0.6717 13.0316 7.2960
v  0.7784 13.0288 7.0941
v  0.8608 13.7845 7.1271
v  0.7542 13.7873 7.3290
v  0.9516 13.7621 7.4340
v  1.0585 13.7593 7.2316
v  0.6010 13.5261 7.5529
v  0.5762 13.2993 7.5430
v  0.7733 13.2729 7.6484
v  0.7981 13.5003 7.6584
v  0.5736 13.3241 6.9818
v  0.4669 13.3269 7.1837
v  0.4917 13.5538 7.1936
v  0.5983 13.5510 6.9917
v  1.1543 13.4909 6.9840
v  1.1295 13.2635 6.9741
v  0.9316 13.2899 6.8702
v  0.9563 13.5168 6.8801
v  1.0641 13.0988 7.0545
v  0.8774 13.1222 6.9542
v  0.6131 13.1292 7.4546
v  0.8010 13.1057 7.5527
v  0.9387 13.6844 6.9787
v  1.1251 13.6584 7.0790
v  0.8620 13.6653 7.5771
v  0.6744 13.6913 7.4792
v  0.7391 13.3216 6.8783
v  0.7615 13.5267 6.8873
v  0.4972 13.5336 7.3877
v  0.4748 13.3286 7.3788
v  0.6006 13.7100 7.2366
v  0.6970 13.7074 7.0541
v  0.6357 13.1453 7.0295
v  0.5393 13.1478 7.2120
v  0.7944 13.6565 6.9530
v  0.7427 13.1826 6.9323
v  0.5198 13.1884 7.3543
v  0.5715 13.6624 7.3750
v  0.9734 13.0782 7.2221
v  0.8880 13.0804 7.3838
v  0.9540 13.6857 7.4103
v  1.0394 13.6834 7.2485
v  0.8115 13.2948 7.5816
v  0.8313 13.4765 7.5896
v  1.1159 13.4690 7.0508
v  1.0961 13.2873 7.0428
v  1.0439 13.1557 7.1071
v  0.8336 13.1612 7.5051
v  1.0926 13.6028 7.1266
v  0.8824 13.6083 7.5247
# 3516 vertices

vn -0.3043 -0.8307 -0.4662
vn -0.8175 -0.5596 0.1361
vn -0.5284 -0.7901 0.3107
vn -0.0007 -0.9271 0.3748
vn -0.6872 -0.4764 0.5484
vn -0.5117 0.0105 0.8591
vn -0.6246 -0.7695 -0.1333
vn -0.7950 -0.4611 0.3941
vn -0.7806 -0.5561 0.2852
vn -0.6301 0.0846 0.7719
vn 0.6073 -0.4410 -0.6609
vn 0.1851 -0.6620 -0.7263
vn 0.0803 -0.6719 -0.7362
vn -0.4838 -0.8749 0.0224
vn -0.0552 -0.7326 -0.6784
vn -0.2877 -0.9562 0.0540
vn 0.0000 -0.7711 -0.6367
vn 0.0000 -0.9965 0.0834
vn -0.6676 -0.6068 0.4314
vn -0.4259 -0.8205 0.3813
vn 0.0000 -0.9270 0.3750
vn -0.5353 -0.4134 0.7366
vn -0.7798 -0.4583 0.4265
vn -0.5327 -0.7497 0.3926
vn -0.7288 -0.5564 0.3991
vn -0.6286 -0.4230 0.6526
vn -0.8809 -0.1994 0.4293
vn -0.8468 -0.2599 0.4641
vn -0.7976 -0.1707 0.5786
vn -0.3826 -0.6948 0.6090
vn -0.8259 -0.4225 0.3732
vn -0.5016 -0.2862 0.8164
vn -0.8815 -0.3282 0.3396
vn 0.0000 -0.6682 0.7440
vn 0.0000 -0.2963 0.9551
vn 0.0000 0.0408 0.9992
vn -0.4809 0.0080 0.8768
vn -0.7909 -0.0317 0.6111
vn 0.0000 -0.8857 0.4643
vn -0.9176 -0.0451 0.3948
vn -0.4009 0.3000 0.8656
vn -0.7470 0.1105 0.6556
vn -0.0000 0.3583 0.9336
vn -0.9104 0.0108 0.4135
vn 0.0000 0.6178 0.7864
vn -0.2050 0.5775 0.7903
vn -0.6451 0.3125 0.6973
vn -0.9014 -0.0157 0.4327
vn -0.5129 0.5718 0.6403
vn -0.8615 0.1228 0.4927
vn -0.1152 0.7377 0.6652
vn 0.0000 0.7499 0.6616
vn -0.8605 -0.2471 0.4455
vn -0.8711 -0.2412 0.4278
vn -0.7171 -0.5763 0.3919
vn -0.6466 -0.7415 0.1791
vn -0.6569 -0.7536 -0.0235
vn -0.9134 -0.0946 0.3960
vn -0.6659 -0.6851 0.2952
vn -0.5569 -0.0630 0.8282
vn -0.3594 -0.8671 0.3450
vn -0.3571 -0.3004 0.8844
vn 0.0000 -0.9125 0.4090
vn -0.0000 -0.3871 0.9220
vn -0.5490 -0.8325 -0.0746
vn -0.3285 -0.9440 0.0316
vn -0.0000 -0.9952 0.0982
vn -0.9056 -0.0221 0.4237
vn -0.9403 0.0106 0.3400
vn -0.9269 0.0150 0.3750
vn -0.8045 -0.4576 0.3786
vn -0.5810 -0.8123 -0.0513
vn -0.8076 -0.1340 0.5743
vn -0.8535 0.0113 0.5209
vn -0.9066 -0.0178 0.4217
vn -0.8415 -0.4436 0.3083
vn -0.6267 -0.7703 -0.1180
vn -0.7676 -0.1183 0.6299
vn -0.7733 0.0312 0.6332
vn -0.8826 -0.0229 0.4695
vn -0.9279 -0.3722 -0.0231
vn -0.6474 -0.6710 -0.3614
vn -0.1854 -0.8567 -0.4813
vn 0.0000 -0.8835 -0.4685
vn -0.2461 -0.7932 -0.5570
vn -0.3138 -0.8300 -0.4611
vn -0.3322 -0.8549 -0.3985
vn -0.1068 -0.9038 -0.4143
vn -0.1755 -0.9090 -0.3782
vn -0.2678 -0.7890 -0.5530
vn 0.3266 -0.6823 -0.6541
vn 0.4435 -0.7449 -0.4983
vn 0.4465 -0.7130 -0.5407
vn 0.3935 -0.6512 -0.6490
vn 0.3257 -0.5880 -0.7404
vn 0.1940 -0.5162 -0.8342
vn 0.1024 -0.4762 -0.8734
vn -0.0000 -0.4836 -0.8753
vn 0.0600 -0.8988 -0.4343
vn 0.3652 -0.7720 -0.5202
vn -0.8888 -0.0374 0.4568
vn -0.7304 0.0972 0.6761
vn -0.8209 0.0525 0.5687
vn -0.8482 0.2547 0.4645
vn -0.5012 0.6843 0.5297
vn -0.1222 0.8048 0.5808
vn 0.0000 0.8194 0.5732
vn 0.2388 -0.8411 -0.4854
vn 0.2825 -0.7738 -0.5670
vn 0.3584 -0.6860 -0.6332
vn 0.4130 -0.5787 -0.7032
vn 0.2290 -0.5388 -0.8107
vn 0.0000 -0.4674 -0.8840
vn 0.0000 0.6535 0.7570
vn 0.0052 0.6798 0.7334
vn 0.1205 0.7078 0.6960
vn 0.2063 0.7151 0.6679
vn 0.1868 0.6547 0.7324
vn 0.9235 0.2843 0.2575
vn 0.1183 -0.4854 -0.8662
vn -0.3294 -0.6867 -0.6480
vn -0.4067 -0.4327 -0.8046
vn -0.2234 -0.3147 -0.9225
vn -0.7078 -0.6455 -0.2870
vn -0.6960 -0.3946 -0.6000
vn -0.8604 -0.1849 -0.4748
vn -0.9881 0.0686 -0.1380
vn -0.6756 -0.1405 -0.7237
vn -0.8579 0.0400 -0.5123
vn -0.7569 -0.3804 -0.5315
vn -0.9150 0.2437 0.3216
vn -0.9499 0.2360 -0.2050
vn -0.9775 0.0261 -0.2091
vn -0.8326 0.3068 0.4611
vn -0.8988 0.4349 0.0546
vn -0.9446 0.3163 -0.0872
vn -0.7735 0.5116 0.3741
vn -0.7825 0.6073 0.1374
vn -0.8479 0.5294 0.0282
vn -0.4793 0.7843 0.3938
vn -0.5648 0.7991 0.2062
vn -0.6752 0.7314 0.0957
vn -0.1454 0.8648 0.4806
vn -0.2109 0.9199 0.3305
vn -0.3377 0.9218 0.1903
vn 0.0000 0.8858 0.4640
vn 0.0000 0.9424 0.3343
vn 0.0000 0.9799 0.1997
vn -0.9329 -0.3342 -0.1341
vn -0.7421 -0.5495 -0.3840
vn -0.8564 -0.4273 -0.2899
vn -0.7991 -0.4955 -0.3405
vn -0.8485 -0.4162 -0.3268
vn -0.8236 -0.4762 -0.3081
vn -0.7752 -0.5425 -0.3236
vn -0.8050 -0.5492 -0.2242
vn -0.7508 -0.6422 -0.1547
vn -0.8256 -0.5537 -0.1084
vn -0.7177 -0.6963 -0.0071
vn -0.8449 -0.5349 -0.0069
vn -0.7737 -0.6218 0.1212
vn -0.8541 -0.5127 0.0872
vn -0.8131 -0.5472 0.1986
vn -0.8730 -0.4603 0.1612
vn -0.8344 -0.5141 0.1987
vn -0.8407 -0.4419 0.3131
vn -0.8369 -0.4073 0.3656
vn -0.9299 -0.3106 0.1969
vn -0.8632 -0.3465 0.3671
vn -0.9284 -0.3617 0.0850
vn -0.8697 -0.4617 0.1745
vn -0.9165 -0.3905 -0.0871
vn -0.8237 -0.5567 0.1076
vn -0.6913 -0.6142 -0.3806
vn -0.6372 -0.7482 -0.1847
vn 0.0000 -0.6782 -0.7349
vn -0.0000 -0.8125 -0.5830
vn -0.6971 0.0107 -0.7169
vn 0.0000 -0.0370 -0.9993
vn -0.8377 0.2959 -0.4590
vn -0.8217 0.2877 -0.4919
vn -0.8208 0.1895 -0.5389
vn -0.8936 0.1487 -0.4234
vn -0.9121 0.2187 -0.3468
vn -0.8922 0.2610 -0.3686
vn -0.8894 0.3072 -0.3384
vn -0.9077 0.3580 -0.2190
vn -0.3947 0.5878 -0.7062
vn 0.0000 0.6451 -0.7641
vn -0.4061 0.7056 -0.5807
vn -0.0000 0.8001 -0.5999
vn -0.3535 0.6629 -0.6600
vn 0.0000 0.7464 -0.6655
vn -0.2807 0.5160 -0.8093
vn -0.0000 0.5699 -0.8217
vn -0.3394 0.5326 -0.7754
vn 0.0000 0.5855 -0.8107
vn -0.3776 0.6821 -0.6263
vn 0.0000 0.7545 -0.6563
vn -0.9095 0.4002 -0.1125
vn -0.8897 0.4542 -0.0457
vn -0.9843 0.1572 -0.0802
vn -0.9964 -0.0294 -0.0795
vn -0.4091 0.9071 -0.0991
vn -0.4309 0.9024 0.0012
vn -0.3881 0.8812 -0.2698
vn -0.3695 0.7484 -0.5507
vn -0.3629 0.8116 -0.4579
vn -0.9541 0.2991 -0.0157
vn -0.0000 0.8302 -0.5575
vn 0.0000 0.8940 -0.4481
vn -0.0000 0.9655 -0.2605
vn 0.0000 0.9956 -0.0935
vn 0.0000 1.0000 0.0023
vn -0.4160 0.9053 0.0861
vn 0.0000 0.9966 0.0822
vn -0.7493 0.6572 0.0817
vn -0.8910 0.4524 0.0379
vn -0.6317 -0.7135 -0.3030
vn -0.6328 -0.6192 -0.4649
vn -0.9161 -0.2405 -0.3209
vn -0.9186 -0.2860 -0.2727
vn -0.8199 -0.5630 -0.1042
vn -0.6170 -0.7836 -0.0728
vn 0.0000 -0.9963 0.0865
vn -0.5801 -0.8144 0.0148
vn -0.7227 -0.6671 -0.1807
vn 0.0000 -0.9147 -0.4042
vn -0.7373 -0.6554 0.1636
vn -0.8783 -0.4759 0.0450
vn 0.0000 -0.9616 0.2745
vn -0.2994 -0.9372 0.1788
vn -0.4270 -0.8412 0.3318
vn 0.0000 -0.9068 0.4215
vn -0.7839 -0.5566 0.2751
vn -0.9503 -0.3078 0.0465
vn -0.3720 -0.7632 0.5284
vn -0.0000 -0.8070 0.5905
vn -0.7148 -0.5042 0.4846
vn -0.9153 -0.3072 0.2607
vn -0.3400 -0.6523 0.6775
vn -0.0000 -0.6998 0.7143
vn -0.7439 -0.5385 0.3959
vn -0.9485 -0.2865 0.1350
vn -0.2982 -0.7429 0.5993
vn 0.0000 -0.7627 0.6467
vn -0.6820 -0.6522 0.3309
vn -0.9076 -0.4085 0.0974
vn -0.3280 -0.8128 0.4814
vn 0.0000 -0.8515 0.5244
vn -0.6523 -0.7131 0.2569
vn -0.8890 -0.4494 0.0876
vn -0.2888 -0.8691 0.4016
vn -0.0000 -0.8933 0.4495
vn -0.5871 -0.7778 0.2243
vn -0.8732 -0.4796 0.0869
vn -0.2591 -0.9220 0.2878
vn 0.0000 -0.9551 0.2963
vn -0.3238 -0.9437 -0.0679
vn 0.0000 -0.9994 -0.0344
vn -0.2882 -0.9043 -0.3150
vn -0.0000 -0.9604 -0.2787
vn -0.2904 -0.8084 -0.5120
vn 0.0000 -0.8462 -0.5328
vn -0.6764 -0.5220 -0.5196
vn -0.9711 -0.0560 -0.2319
vn -0.2970 -0.7423 -0.6006
vn 0.0000 -0.7728 -0.6346
vn -0.6855 -0.3480 -0.6395
vn -0.9668 -0.0484 -0.2508
vn -0.3099 -0.5477 -0.7771
vn 0.0000 -0.6077 -0.7942
vn -0.7478 -0.0514 -0.6620
vn -0.9740 0.2246 0.0295
vn -0.8248 -0.4737 -0.3087
vn -0.9039 -0.2327 0.3589
vn -0.8804 -0.1997 -0.4301
vn -0.9429 -0.1608 0.2918
vn -0.3385 -0.5112 -0.7900
vn -0.3560 -0.2077 -0.9111
vn 0.0000 -0.5333 -0.8459
vn 0.0000 -0.2504 -0.9682
vn -0.3115 -0.2315 -0.9216
vn 0.0000 -0.3053 -0.9523
vn -0.9417 -0.3031 -0.1461
vn -0.9406 -0.1054 0.3227
vn -0.9645 -0.1891 0.1845
vn -0.9102 0.0686 0.4085
vn -0.9018 -0.1720 0.3965
vn -0.7685 -0.0199 0.6395
vn -0.9526 -0.1216 0.2789
vn -0.7969 -0.1325 0.5894
vn -0.6396 -0.3671 0.6754
vn -0.3368 0.0112 0.9415
vn -0.4886 -0.8645 0.1177
vn -0.3249 -0.0179 0.9456
vn -0.8772 -0.0140 0.4798
vn -0.6668 -0.1537 0.7292
vn -0.8546 -0.2440 0.4583
vn -0.6441 -0.1601 0.7480
vn -0.9045 -0.1790 0.3871
vn -0.6280 -0.1731 0.7587
vn -0.3418 -0.1187 0.9322
vn -0.3371 -0.1805 0.9240
vn -0.2519 -0.1843 0.9500
vn -0.8410 -0.0950 0.5326
vn -0.4823 -0.2378 0.8431
vn -0.7626 -0.1783 0.6218
vn -0.2716 -0.2661 0.9249
vn -0.5135 0.1562 0.8437
vn 0.2112 0.0970 0.9726
vn -0.1591 -0.2606 0.9523
vn 0.0082 -0.3562 0.9344
vn 0.2853 -0.3561 0.8898
vn 0.0000 -0.4265 0.9045
vn 0.0000 -0.4052 0.9142
vn 0.0000 -0.3020 0.9533
vn 0.0000 -0.2316 0.9728
vn 0.0000 -0.1586 0.9873
vn 0.0000 -0.0397 0.9992
vn 0.0000 0.0468 0.9989
vn 0.0000 0.0282 0.9996
vn 0.0000 -0.4719 0.8817
vn -0.0000 -0.9996 0.0276
vn -0.1911 -0.9365 -0.2942
vn 0.0000 -0.9505 -0.3107
vn -0.2013 -0.9352 -0.2914
vn 0.0000 -0.9518 -0.3067
vn -0.1491 -0.9278 -0.3420
vn 0.0000 -0.9306 -0.3661
vn -0.0632 -0.8857 -0.4599
vn 0.0000 -0.8759 -0.4825
vn -0.9444 0.1023 0.3125
vn -0.8951 -0.3252 -0.3051
vn -0.8911 -0.2587 0.3727
vn -0.8808 0.1967 -0.4306
vn -0.9087 -0.1100 -0.4026
vn -0.9657 -0.1404 0.2183
vn -0.9299 0.1830 -0.3191
vn -0.9383 0.0189 0.3454
vn -0.9830 -0.1210 -0.1382
vn -0.9044 -0.2560 0.3414
vn -0.8516 0.1955 0.4864
vn -0.9177 -0.1892 0.3494
vn -0.8514 0.4479 0.2731
vn -0.7262 0.4473 0.5221
vn -0.2965 0.7593 -0.5792
vn -0.4150 -0.0167 -0.9097
vn 0.0000 -0.0038 -1.0000
vn 0.0000 0.4622 -0.8868
vn -0.3953 -0.2573 -0.8818
vn -0.3120 0.1317 -0.9409
vn 0.0000 -0.1453 -0.9894
vn 0.0000 0.0426 -0.9991
vn 0.8621 -0.1033 -0.4961
vn 0.5535 -0.3195 -0.7691
vn 0.3036 -0.4229 -0.8538
vn 0.1333 -0.4306 -0.8926
vn 0.0000 -0.4465 -0.8948
vn 0.0000 0.7966 0.6045
vn 0.1220 0.7694 0.6270
vn 0.1970 0.7328 0.6513
vn 0.3000 0.7127 0.6341
vn 0.5484 0.5502 0.6297
vn 0.9762 0.1248 0.1773
vn 0.6093 -0.7656 -0.2066
vn 0.2248 -0.8564 -0.4647
vn 0.0513 -0.8662 -0.4970
vn 0.0031 -0.8486 -0.5290
vn 0.0000 -0.8634 -0.5044
vn 0.0000 0.3250 0.9457
vn 0.0050 0.3414 0.9399
vn 0.0129 0.2922 0.9563
vn 0.0359 0.2103 0.9770
vn 0.3816 0.0177 0.9242
vn 0.8214 -0.3606 0.4419
vn 0.3026 -0.7211 0.6232
vn 0.0511 -0.7497 0.6598
vn 0.0013 -0.7477 0.6641
vn -0.0000 -0.7448 0.6672
vn -0.1071 -0.4521 0.8855
vn -0.8307 -0.4889 0.2664
vn -0.9225 -0.1109 0.3697
vn -0.1764 -0.3567 0.9174
vn -0.8927 -0.2490 -0.3756
vn -0.9095 -0.0166 -0.4154
vn -0.7351 -0.0249 -0.6775
vn -0.7234 0.2061 -0.6589
vn 0.0452 0.2382 -0.9702
vn -0.0225 0.5187 -0.8546
vn 0.0998 0.5932 -0.7988
vn -0.3642 -0.0700 -0.9287
vn 0.1811 0.6399 -0.7468
vn 0.0686 0.0589 -0.9959
vn 0.8803 0.3843 -0.2783
vn 0.6337 -0.6273 -0.4527
vn 0.6936 0.6641 0.2791
vn 0.8352 0.5435 0.0845
vn 0.9597 -0.0026 -0.2811
vn 0.7469 0.1068 0.6563
vn 0.4625 -0.7869 0.4086
vn 0.6592 -0.1937 0.7266
vn 0.2153 -0.8013 0.5581
vn -0.4097 -0.8644 -0.2916
vn -0.8592 -0.4994 0.1113
vn -0.9788 -0.1817 0.0943
vn -0.1086 -0.6702 0.7342
vn 0.6629 -0.3631 0.6547
vn -0.3321 -0.5862 0.7390
vn 0.6150 -0.5417 0.5731
vn 0.8528 -0.2806 -0.4405
vn 0.6901 -0.5644 0.4531
vn 0.1059 0.1746 -0.9789
vn -0.7093 0.3769 -0.5956
vn -0.2254 -0.5085 0.8311
vn 0.6396 -0.5787 -0.5060
vn 0.2555 -0.9534 -0.1606
vn -0.8783 -0.1212 0.4624
vn -0.0312 -0.0737 -0.9968
vn -0.6131 0.5348 -0.5815
vn -0.9527 0.0242 0.3031
vn -0.7912 0.4607 0.4023
vn -0.8267 -0.5618 -0.0301
vn -0.7984 -0.5822 -0.1539
vn -0.4322 -0.6829 -0.5889
vn -0.5751 -0.7446 -0.3387
vn -0.4245 -0.8462 -0.3221
vn -0.7826 -0.6223 -0.0170
vn -0.4218 -0.8876 -0.1850
vn -0.7335 -0.6794 0.0209
vn -0.3571 -0.8848 -0.2993
vn -0.7275 -0.5999 -0.3330
vn 0.0624 -0.9305 -0.3609
vn 0.0900 -0.7957 -0.5990
vn 0.6720 -0.6114 -0.4178
vn 0.5665 -0.5867 -0.5787
vn 0.8914 -0.1704 -0.4199
vn 0.8030 -0.3486 -0.4833
vn -0.0188 -0.8663 -0.4991
vn 0.5330 -0.5681 -0.6271
vn 0.7797 -0.1500 -0.6079
vn -0.1085 -0.7144 -0.6913
vn 0.5813 -0.2977 -0.7573
vn 0.8220 0.1158 -0.5576
vn 0.4357 -0.2886 -0.8526
vn 0.7738 0.0596 -0.6307
vn -0.1297 -0.5814 -0.8032
vn 0.8839 0.3717 -0.2838
vn 0.8386 0.1533 -0.5228
vn 0.8458 0.3598 -0.3938
vn 0.8312 0.4393 -0.3408
vn 0.8468 0.4427 -0.2947
vn 0.3401 0.9397 -0.0369
vn 0.3547 0.8139 -0.4602
vn -0.3174 0.9426 0.1037
vn -0.4066 0.8906 -0.2038
vn -0.9698 0.0177 -0.2434
vn -0.9831 0.0408 0.1786
vn -0.6700 0.7084 -0.2220
vn -0.7221 0.6596 0.2086
vn -0.9458 0.0264 0.3237
vn -0.6213 0.5618 0.5463
vn -0.0924 0.8584 0.5046
vn 0.4917 0.8584 0.1461
vn -0.8949 -0.0626 0.4418
vn -0.5522 0.4369 0.7100
vn 0.6025 0.7833 0.1535
vn 0.0180 0.7691 0.6389
vn -0.8452 -0.1613 0.5095
vn -0.4770 0.3190 0.8189
vn 0.1272 0.7203 0.6820
vn 0.6177 0.7583 0.2081
vn -0.0724 -0.5361 -0.8410
vn 0.5421 -0.1479 -0.8272
vn -0.0785 -0.4358 -0.8966
vn 0.4666 -0.1436 -0.8727
vn -0.1404 -0.5507 -0.8228
vn 0.5484 -0.2386 -0.8015
vn -0.0867 -0.5807 -0.8095
vn 0.5101 -0.3564 -0.7828
vn 0.0131 -0.7599 -0.6499
vn 0.5445 -0.5604 -0.6241
vn 0.1724 -0.8742 -0.4539
vn 0.6370 -0.6721 -0.3775
vn 0.2226 -0.9369 -0.2696
vn 0.6768 -0.7146 -0.1770
vn 0.2853 -0.9481 -0.1404
vn 0.6568 -0.7475 -0.1000
vn 0.3988 -0.9169 -0.0125
vn 0.6818 -0.7304 -0.0415
vn 0.3504 -0.9321 0.0918
vn 0.6718 -0.7406 -0.0123
vn 0.3813 -0.9202 0.0886
vn 0.7071 -0.7032 -0.0747
vn 0.4060 -0.9131 -0.0363
vn 0.7250 -0.6559 -0.2102
vn -0.5208 -0.6077 -0.5996
vn -0.4595 -0.5448 -0.7014
vn -0.5811 -0.5746 -0.5763
vn -0.4832 -0.6215 -0.6166
vn -0.4322 -0.7469 -0.5053
vn -0.4155 -0.8165 -0.4010
vn -0.2747 -0.9110 -0.3077
vn -0.2835 -0.9436 -0.1709
vn -0.2066 -0.9784 -0.0090
vn -0.1577 -0.9732 0.1671
vn -0.0743 -0.9681 0.2394
vn 0.0115 -0.9958 0.0908
vn 0.8878 -0.3951 -0.2362
vn 0.8320 -0.4412 -0.3364
vn 0.8950 -0.4306 -0.1161
vn 0.8901 -0.4523 -0.0555
vn 0.8544 -0.5170 -0.0517
vn 0.9052 -0.4179 -0.0769
vn 0.8982 -0.3580 -0.2552
vn 0.8388 -0.2586 -0.4790
vn 0.8393 -0.0610 -0.5403
vn 0.8336 0.2393 -0.4978
vn 0.7896 0.1468 -0.5958
vn 0.8776 0.1097 -0.4667
vn 0.8447 0.5161 -0.1418
vn 0.8795 0.4661 -0.0962
vn 0.9281 0.3704 -0.0391
vn 0.9589 0.2650 -0.1013
vn 0.9738 0.1904 -0.1244
vn 0.9882 0.1525 0.0120
vn 0.9912 0.0869 0.1002
vn 0.9995 -0.0076 0.0311
vn 0.9935 0.0699 -0.0899
vn 0.9457 0.1851 -0.2672
vn 0.8841 0.2019 -0.4214
vn 0.8076 0.1217 -0.5771
vn -0.8105 -0.5488 -0.2049
vn -0.8065 -0.5173 -0.2865
vn -0.8514 -0.4756 -0.2210
vn -0.8093 -0.5133 -0.2856
vn -0.8277 -0.5145 -0.2240
vn -0.8852 -0.4241 -0.1911
vn -0.8431 -0.4803 -0.2416
vn -0.8800 -0.4364 -0.1874
vn -0.9136 -0.4056 -0.0279
vn -0.7492 -0.6221 0.2273
vn -0.6821 -0.6482 0.3386
vn -0.6665 -0.7267 0.1666
vn -0.8344 -0.2341 0.4989
vn -0.4004 0.2347 0.8858
vn 0.1643 0.6117 0.7739
vn 0.6229 0.7033 0.3426
vn 0.6633 0.6083 0.4359
vn 0.2698 0.5365 0.7996
vn -0.8488 -0.2157 0.4827
vn -0.3340 0.2386 0.9119
vn 0.3052 0.5165 0.8001
vn -0.3717 0.2790 0.8854
vn -0.8866 -0.1552 0.4357
vn 0.7327 0.5248 0.4332
vn 0.7405 0.5463 0.3915
vn 0.2483 0.6311 0.7349
vn -0.4865 0.3952 0.7792
vn -0.9386 -0.1203 0.3232
vn 0.2227 0.7930 0.5671
vn -0.5013 0.6189 0.6046
vn 0.2108 0.8841 0.4169
vn -0.4866 0.7847 0.3840
vn -0.9603 0.0501 0.2743
vn -0.9651 0.2296 0.1259
vn 0.7336 0.6098 0.3001
vn 0.7132 0.6414 0.2827
vn 0.1836 0.9404 0.2862
vn -0.4727 0.8642 0.1723
vn -0.9389 0.3418 -0.0410
vn 0.7073 0.6571 0.2607
vn -0.6154 0.7881 0.0119
vn -0.9545 0.2801 -0.1028
vn 0.7292 0.6734 0.1215
vn 0.0663 0.9914 0.1129
vn -0.9716 0.2362 -0.0123
vn -0.6741 0.7376 -0.0392
vn 0.0036 0.9976 -0.0696
vn 0.6973 0.7108 -0.0923
vn -0.1198 0.9653 -0.2320
vn -0.7306 0.6820 -0.0326
vn 0.5511 0.7692 -0.3234
vn -0.9818 0.1120 0.1531
vn -0.9763 0.0655 0.2062
vn -0.7346 0.6734 -0.0831
vn -0.9942 0.0705 0.0815
vn -0.7442 0.6506 -0.1511
vn -0.1129 0.9210 -0.3730
vn -0.2098 0.8886 -0.4080
vn 0.4643 0.7400 -0.4866
vn 0.3268 0.7483 -0.5773
vn -0.4733 -0.6763 -0.5645
vn -0.8841 0.0630 -0.4631
vn -0.1028 0.4966 -0.8619
vn 0.3352 -0.1813 -0.9246
vn -0.7822 0.5510 -0.2907
vn -0.3329 0.7940 -0.5086
vn 0.3864 -0.8984 -0.2087
vn 0.6326 -0.7191 -0.2876
vn 0.6249 -0.6445 -0.4407
vn 0.1788 -0.9488 -0.2603
vn -0.4416 0.8875 -0.1318
vn -0.4155 0.9034 -0.1062
vn 0.6798 -0.1327 -0.7213
vn 0.6629 0.2489 -0.7061
vn 0.0238 0.2370 -0.9712
vn -0.0293 0.0825 -0.9962
vn 0.4590 -0.2099 -0.8633
vn 0.0230 -0.3364 -0.9414
vn -0.1816 0.2071 -0.9613
vn 0.5206 -0.0224 -0.8535
vn -0.3932 -0.4544 -0.7994
vn -0.6416 -0.2156 -0.7361
vn -0.8106 0.0013 -0.5856
vn 0.3859 -0.0772 -0.9193
vn -0.0085 -0.2361 -0.9717
vn -0.3519 -0.2978 -0.8874
vn -0.2972 0.1988 -0.9339
vn 0.3408 0.1301 -0.9311
vn -0.2628 0.4201 -0.8686
vn 0.1706 0.3736 -0.9118
vn 0.2860 -0.0024 -0.9582
vn -0.0493 0.1974 -0.9791
vn -0.0194 -0.2364 -0.9715
vn -0.5067 -0.0167 -0.8619
vn -0.3413 -0.4755 -0.8108
vn -0.7662 -0.3920 -0.5092
vn 0.4468 0.7990 -0.4024
vn 0.0000 0.6715 -0.7410
vn 0.0000 0.6726 -0.7400
vn 0.6148 0.4767 -0.6283
vn -0.2861 0.9302 0.2298
vn -0.4877 0.6630 0.5680
vn -0.1299 0.9010 0.4140
vn -0.3256 0.6574 0.6796
vn -0.4783 0.4339 0.7635
vn -0.4468 0.5487 0.7066
vn -0.3634 0.9285 0.0766
vn 0.2318 0.8251 -0.5153
vn 0.2184 0.8080 -0.5473
vn 0.5496 0.4891 -0.6773
vn 0.2866 0.5910 -0.7541
vn -0.2870 0.6553 0.6987
vn -0.2879 0.7089 0.6439
vn -0.3895 0.8488 0.3575
vn -0.0548 0.5119 0.8573
vn -0.4513 0.4968 0.7413
vn -0.9045 -0.0931 0.4162
vn -0.8711 -0.1578 0.4650
vn -0.6718 0.3342 0.6610
vn -0.7181 0.4425 -0.5372
vn -0.7328 0.4156 -0.5388
vn -0.1326 0.9905 -0.0368
vn -0.0981 0.9657 -0.2404
vn 0.5302 0.5153 0.6733
vn 0.3551 0.7975 0.4878
vn 0.5624 -0.3465 0.7508
vn 0.3237 -0.1555 0.9333
vn 0.2514 -0.9287 -0.2727
vn -0.3957 -0.8745 0.2807
vn -0.7110 -0.3127 -0.6298
vn -0.8714 -0.2110 -0.4429
vn 0.8259 -0.3516 0.4406
vn 0.4853 -0.7079 -0.5132
vn 0.3346 -0.8249 -0.4556
vn 0.6495 -0.4366 0.6225
vn 0.8077 -0.5315 0.2554
vn 0.1134 -0.9765 -0.1834
vn 0.4219 -0.3409 0.8401
vn -0.5115 -0.6300 0.5844
vn 0.3836 -0.0656 0.9212
vn 0.2786 0.3249 0.9038
vn -0.9653 -0.2400 -0.1031
vn -0.6554 -0.5505 -0.5170
vn -0.6731 -0.3448 -0.6543
vn -0.7357 -0.2748 -0.6191
vn -0.6381 0.2408 0.7313
vn -0.9859 0.0344 -0.1640
vn -0.5902 0.7049 0.3934
vn -0.9144 0.2760 -0.2962
vn 0.1909 0.9319 -0.3083
vn -0.5611 0.4792 -0.6749
vn -0.9302 -0.1054 -0.3515
vn -0.7535 -0.4343 0.4936
vn 0.1062 -0.1279 0.9861
vn 0.4737 0.6192 0.6263
vn -0.0966 0.9930 0.0674
vn -0.1892 0.9784 -0.0828
vn -0.4118 0.0961 0.9062
vn -0.6132 0.5532 -0.5638
vn -0.9334 -0.0493 -0.3555
vn -0.5991 -0.6339 0.4892
vn -0.3865 -0.8950 0.2228
vn -0.3337 -0.7987 0.5007
vn -0.6223 -0.7776 -0.0902
vn -0.8964 -0.1848 0.4028
vn -0.7583 0.6009 -0.2527
vn -0.9278 -0.3029 0.2177
vn -0.8103 0.5698 -0.1368
vn -0.8623 -0.4165 -0.2882
vn -0.8893 0.4352 -0.1404
vn -0.8907 -0.3743 -0.2578
vn -0.9061 0.4143 0.0855
vn -0.9051 -0.3399 -0.2555
vn -0.8717 0.3255 0.3662
vn -0.8198 -0.5148 -0.2508
vn -0.9495 -0.0752 0.3045
vn -0.1775 -0.9708 0.1615
vn -0.2499 -0.3865 0.8878
vn -0.1207 0.3982 0.9093
vn -0.0928 0.8251 0.5574
vn 0.0916 0.9956 0.0179
vn 0.0132 0.9998 -0.0161
vn 0.1357 -0.8736 -0.4673
vn 0.1784 -0.8848 -0.4305
vn 0.1694 -0.9182 -0.3581
vn 0.0082 -0.9365 0.3505
vn 0.7268 -0.6823 0.0786
vn 0.6532 -0.1518 0.7418
vn 0.7655 0.0666 0.6400
vn 0.8927 -0.4366 0.1118
vn 0.9024 -0.3847 0.1938
vn 0.9211 -0.3355 0.1975
vn 0.8063 -0.2756 0.5233
vn 0.6959 0.6266 0.3508
vn 0.8709 0.3944 0.2932
vn 0.8134 0.3050 0.4953
vn -0.2024 -0.6194 0.7585
vn 0.6034 -0.1931 0.7737
vn -0.2180 -0.6916 0.6886
vn -0.1391 -0.8973 0.4189
vn -0.0621 -0.0950 0.9935
vn -0.0563 -0.8286 0.5569
vn 0.1182 -0.9519 0.2826
vn 0.0547 -0.8703 0.4895
vn 0.0578 -0.6641 0.7454
vn -0.7264 -0.1080 0.6787
vn 0.0919 -0.8556 0.5094
vn -0.8181 -0.2494 0.5182
vn 0.7625 0.5439 0.3503
vn 0.1155 0.9651 0.2351
vn -0.7416 0.6326 0.2234
vn 0.1281 0.9777 -0.1665
vn 0.0880 0.9842 0.1535
vn -0.7038 0.6689 0.2394
vn 0.1139 0.9825 -0.1475
vn 0.3093 0.9116 0.2706
vn 0.2446 0.9686 -0.0448
vn -0.5534 0.8318 0.0428
vn -0.5473 0.7969 0.2557
vn -0.3287 0.8689 0.3702
vn -0.4285 0.8185 0.3827
vn -0.8306 0.4252 -0.3596
vn -0.8303 0.4880 -0.2691
vn -0.0982 0.8693 0.4844
vn -0.0389 0.9379 0.3446
vn 0.0537 0.8877 0.4573
vn 0.0815 0.8402 0.5360
vn 0.2829 0.8440 0.4557
vn 0.3255 0.9263 0.1899
vn 0.8434 0.5112 0.1652
vn 0.8494 0.5269 0.0293
vn 0.8663 0.4992 -0.0195
vn 0.8713 0.4615 -0.1669
vn 0.9327 0.3585 0.0388
vn 0.9065 -0.2779 0.3178
vn 0.9243 -0.2211 0.3110
vn 0.9688 -0.2006 0.1455
vn 0.5021 -0.8268 0.2536
vn -0.9309 -0.3381 0.1380
vn -0.8593 0.5062 0.0729
vn -0.9236 -0.3716 0.0946
vn -0.7812 0.5012 0.3723
vn -0.9252 -0.3762 0.0505
vn -0.7930 0.1345 0.5942
vn -0.7705 -0.6372 0.0176
vn -0.8520 -0.2607 0.4539
vn -0.0588 -0.9832 -0.1731
vn -0.0422 -0.9220 -0.3849
vn 0.0059 -0.8554 -0.5180
vn 0.0613 -0.9951 0.0771
vn 0.0508 -0.4202 0.9060
vn 0.1095 0.4134 0.9039
vn 0.1921 0.8782 0.4381
vn 0.1012 0.9905 -0.0936
vn 0.9280 -0.3536 -0.1176
vn 0.9423 -0.3164 -0.1095
vn 0.9386 -0.3169 -0.1364
vn 0.8623 -0.5058 -0.0269
vn 0.8203 -0.0430 0.5704
vn 0.9284 0.1572 0.3368
vn 0.9081 0.4012 0.1197
vn 0.8952 0.4236 -0.1383
vn -0.5559 0.5452 0.6275
vn -0.9172 0.3759 0.1323
vn -0.9232 0.1753 -0.3419
vn -0.1990 0.5393 0.8183
vn 0.1455 0.4994 0.8541
vn 0.6194 0.5483 0.5619
vn 0.9214 0.2750 0.2746
vn -0.8904 0.1539 -0.4284
vn -0.8219 0.1444 -0.5511
vn -0.7600 0.1155 -0.6395
vn -0.6138 -0.7374 -0.2820
vn -0.5582 -0.7075 -0.4334
vn -0.4914 -0.7168 -0.4946
vn 0.9802 0.1491 0.1303
vn 0.6220 -0.7767 0.0992
vn 0.9673 0.2522 -0.0256
vn 0.7092 -0.7048 -0.0163
vn 0.9556 0.2659 -0.1272
vn 0.7228 -0.6776 -0.1361
vn -0.0197 -0.9998 0.0005
vn -0.0049 -1.0000 0.0002
vn 0.0052 -1.0000 0.0078
vn 0.0101 -0.9999 -0.0029
vn -0.0028 -1.0000 -0.0061
vn -0.0112 -0.9999 -0.0095
vn -0.0272 -0.9995 -0.0173
vn -0.0024 -1.0000 -0.0069
vn 0.0188 -0.9998 -0.0025
vn 0.6407 -0.7012 -0.3127
vn 0.9272 0.0348 -0.3729
vn -0.6434 0.0361 -0.7647
vn -0.4037 -0.7126 -0.5738
vn -0.8455 0.0400 -0.5325
vn -0.9936 -0.0192 -0.1115
vn -0.8744 -0.0743 -0.4794
vn -0.8674 0.4878 0.0989
vn -0.9482 0.3178 -0.0044
vn -0.8716 0.0593 -0.4867
vn -0.7848 0.5130 -0.3477
vn -0.9429 0.1112 0.3138
vn -0.9653 0.1951 0.1738
vn -0.9699 -0.1901 -0.1520
vn -0.7995 -0.2790 -0.5320
vn -0.8781 -0.0812 -0.4716
vn -0.9798 0.1989 -0.0224
vn -0.9026 -0.0347 -0.4291
vn -0.8090 0.5082 -0.2953
vn -0.8943 0.4304 0.1226
vn -0.6770 0.3186 -0.6635
vn -0.7957 0.1166 -0.5944
vn -0.7492 0.1096 -0.6532
vn -0.8475 0.0216 -0.5304
vn 0.9418 0.0784 -0.3268
vn 0.9397 0.3242 -0.1085
vn 0.9436 -0.0535 0.3266
vn 0.9947 0.0593 -0.0834
vn 0.9998 -0.0008 0.0173
vn 0.8290 0.4932 0.2637
vn 0.8220 -0.0222 0.5691
vn 0.6274 0.2210 0.7466
vn 0.7069 0.4397 0.5540
vn 0.8002 0.1586 0.5783
vn 0.1570 0.1156 0.9808
vn -0.2283 0.0984 0.9686
vn -0.6222 0.0512 0.7812
vn -0.6418 0.5103 0.5725
vn -0.1467 0.5727 0.8065
vn 0.3591 0.5549 0.7504
vn 0.3632 0.3837 0.8490
vn -0.1755 0.4246 0.8882
vn -0.6500 0.4450 0.6160
vn -0.7426 0.1646 0.6492
vn -0.2735 0.1618 0.9482
vn 0.3006 0.0111 0.9537
vn 0.7437 -0.0299 0.6678
vn 0.9404 -0.1628 0.2985
vn 0.9509 -0.2046 -0.2322
vn 0.9601 -0.2623 -0.0972
vn 0.9577 -0.0704 -0.2791
vn 0.9504 0.1014 -0.2942
vn 0.9822 -0.1866 -0.0203
vn 0.9681 0.2133 0.1314
vn 0.8362 0.2216 0.5018
vn 0.8658 0.0102 0.5003
vn 0.4018 0.3744 0.8357
vn 0.3635 0.1386 0.9212
vn -0.6775 0.5215 0.5187
vn -0.7364 0.3006 0.6061
vn -0.1881 0.5910 0.7844
vn -0.2039 0.3542 0.9127
vn -0.9711 0.1329 0.1983
vn -0.9642 -0.1931 -0.1816
vn -0.8000 -0.2314 -0.5536
vn -0.9009 -0.0909 -0.4244
vn -0.8138 0.1461 -0.5625
vn -0.9415 0.0181 -0.3365
vn -0.9014 0.3713 -0.2227
vn -0.9865 0.0676 -0.1489
vn -0.8714 0.4567 0.1791
vn -0.9372 0.3330 0.1038
vn -0.7474 0.2434 0.6182
vn -0.6345 0.5049 0.5853
vn -0.9460 -0.0906 0.3111
vn -0.7021 -0.0054 -0.7121
vn -0.8076 -0.1510 -0.5701
vn -0.8365 -0.2074 -0.5071
vn -0.5569 0.0041 -0.8306
vn -0.3486 -0.0882 -0.9331
vn -0.2139 -0.7114 -0.6694
vn 0.4700 -0.6989 -0.5391
vn 0.6712 -0.0571 -0.7391
vn 0.6962 -0.0154 -0.7177
vn 0.7655 -0.1435 -0.6272
vn 0.8032 -0.2998 -0.5148
vn 0.9377 -0.3176 -0.1407
vn 0.9203 -0.3784 -0.0995
vn 0.9167 -0.3094 0.2528
vn 0.9532 -0.2204 -0.2068
vn 0.9985 0.0337 -0.0427
vn 0.9149 -0.4032 0.0212
vn 0.9520 -0.0256 0.3050
vn 0.8037 -0.0531 0.5926
vn 0.8021 0.2591 0.5380
vn 0.7148 -0.4766 0.5118
vn 0.3805 0.0179 0.9246
vn -0.2158 0.2432 0.9457
vn -0.1356 0.6293 0.7652
vn 0.3997 0.4735 0.7849
vn 0.2932 -0.5007 0.8145
vn -0.4291 -0.3003 0.8519
vn 0.7853 -0.3179 -0.5313
vn 0.1354 -0.7173 -0.6834
vn 0.1694 -0.0760 -0.9826
vn 0.1570 -0.0761 -0.9847
vn 0.0733 -0.3276 -0.9420
vn -0.0060 -0.4529 -0.8915
vn -0.0199 -0.4100 -0.9119
vn 0.0378 -0.9988 -0.0311
vn -0.0263 -0.9986 -0.0459
vn 0.0035 -0.9995 -0.0302
vn -0.9945 0.0417 0.0961
vn -0.9781 0.1905 0.0842
vn -0.8698 0.4441 -0.2152
vn -0.8455 0.4601 -0.2711
vn 0.9215 -0.1434 -0.3611
vn 0.9208 -0.1492 -0.3603
vn 0.7615 0.3516 -0.5445
vn 0.7263 0.3463 -0.5938
vn -0.9931 0.0174 -0.1158
vn -0.8173 0.4036 -0.4112
vn -0.6245 0.1865 -0.7584
vn 0.0442 -0.0580 -0.9973
vn -0.1105 0.5019 -0.8579
vn 0.7260 -0.1418 -0.6729
vn 0.6647 0.2072 -0.7178
vn -0.1269 0.7086 -0.6941
vn -0.1129 0.7297 -0.6744
vn -0.1337 0.7524 -0.6450
vn 0.6590 0.3270 -0.6773
vn -0.8534 0.4428 -0.2750
vn -0.9856 0.1432 -0.0894
vn -0.9072 -0.3909 -0.1555
vn -0.3654 -0.9282 -0.0696
vn -0.0554 -0.9956 0.0752
vn 0.1302 -0.9823 0.1344
vn 0.7116 -0.6943 -0.1076
vn 0.9035 -0.0971 -0.4175
vn -0.9779 0.2000 -0.0610
vn -0.8508 0.4395 -0.2881
vn -0.9552 0.2946 0.0276
vn -0.8149 0.5503 -0.1820
vn -0.9529 -0.2885 -0.0937
vn -0.9726 -0.1612 0.1674
vn -0.4549 -0.8905 0.0109
vn -0.4854 -0.7632 0.4265
vn 0.0316 -0.9993 0.0201
vn 0.0257 -0.9803 0.1957
vn 0.2493 -0.9680 0.0291
vn 0.3420 -0.9360 0.0837
vn 0.7580 -0.6451 -0.0958
vn 0.7719 -0.6334 -0.0546
vn 0.8501 -0.1574 -0.5025
vn 0.7526 -0.3133 -0.5791
vn 0.6570 0.3648 -0.6597
vn 0.3979 0.4796 -0.7821
vn -0.1469 0.7837 -0.6035
vn -0.0884 0.8689 -0.4871
vn -0.8261 0.0253 0.5629
vn -0.8745 0.4318 0.2207
vn -0.6014 0.3341 0.7257
vn -0.6722 0.6059 0.4255
vn -0.2822 0.5193 0.8067
vn -0.4424 0.7774 0.4472
vn -0.0144 0.5794 0.8149
vn -0.3196 0.8483 0.4222
vn -0.2987 -0.4767 0.8268
vn -0.1204 -0.2079 0.9707
vn 0.1916 -0.0339 0.9809
vn 0.4848 0.0527 0.8730
vn 0.0541 -0.8147 0.5773
vn 0.3219 -0.5314 0.7836
vn 0.6556 -0.3259 0.6812
vn 0.8097 -0.1840 0.5572
vn -0.3081 0.4546 -0.8357
vn 0.2253 -0.4455 -0.8665
vn 0.1572 -0.9618 0.2242
vn 0.7728 -0.6346 -0.0102
vn 0.0860 0.8207 -0.5648
vn 0.0256 0.7846 -0.6195
vn -0.1032 0.9937 0.0446
vn -0.2010 0.9600 -0.1950
vn -0.2573 0.9318 -0.2561
vn -0.7503 0.6611 0.0103
vn -0.2749 0.9401 0.2017
vn -0.5528 0.7542 0.3543
vn -0.4491 0.8506 0.2734
vn -0.1505 0.4773 0.8658
vn 0.4554 -0.1284 0.8810
vn 0.6770 -0.4675 0.5685
vn 0.7626 -0.6148 0.2014
vn 0.4494 -0.8368 0.3126
vn 0.8723 -0.3879 0.2977
vn 0.7931 -0.4823 0.3720
vn 0.6380 -0.6372 0.4324
vn 0.2319 -0.8921 0.3878
vn -0.2018 -0.7376 0.6444
vn -0.3656 -0.5221 0.7705
vn -0.5510 -0.7831 0.2882
vn -0.5239 0.0906 0.8470
vn -0.7315 0.1334 0.6686
vn -0.9398 0.1218 0.3191
vn -0.9130 0.3272 0.2435
vn -0.7158 0.1674 0.6780
vn -0.6256 0.7589 0.1809
vn -0.5412 0.7187 0.4367
vn -0.3342 0.9382 0.0898
vn -0.2335 0.9266 0.2949
vn 0.0000 0.9999 0.0162
vn 0.0000 0.9738 0.2275
vn -0.8908 0.2280 0.3931
vn -0.9634 -0.2350 -0.1293
vn -0.6522 -0.0519 0.7563
vn -0.7847 -0.3900 0.4818
vn -0.3537 -0.1797 0.9179
vn -0.5081 -0.4651 0.7250
vn 0.0000 -0.2354 0.9719
vn 0.0000 -0.5561 0.8311
vn -0.4344 -0.4982 0.7504
vn 0.0000 -0.5898 0.8075
vn -0.4336 -0.5148 0.7395
vn 0.0000 -0.5820 0.8132
vn -0.7864 -0.2998 0.5401
vn -0.7327 -0.3307 0.5948
vn -0.9829 -0.0000 0.1839
vn -0.9588 -0.0578 0.2783
vn -0.9097 -0.0982 0.4034
vn -0.8872 -0.0238 0.4608
vn -0.3854 -0.4919 0.7807
vn -0.0000 -0.5593 0.8290
vn -0.3508 -0.8029 0.4820
vn -0.0000 -0.8757 0.4829
vn -0.3107 -0.7697 0.5576
vn -0.0000 -0.8218 0.5698
vn -0.9029 -0.0432 0.4276
vn -0.9434 -0.0337 0.3299
vn -0.8646 -0.4586 0.2054
vn -0.9420 -0.3068 0.1359
vn -0.8503 -0.4227 0.3134
vn -0.8898 -0.3902 0.2367
vn -0.5813 -0.6365 0.5069
vn -0.6855 -0.6148 0.3900
vn -0.7336 -0.2765 0.6208
vn -0.3151 -0.7220 0.6160
vn 0.0000 -0.7523 0.6588
vn -0.2536 -0.9486 0.1892
vn -0.0000 -0.9793 0.2026
vn -0.2014 -0.9406 0.2735
vn 0.0000 -0.9556 0.2948
vn -0.8390 -0.4039 0.3646
vn -0.9205 -0.3022 0.2478
vn -0.7406 -0.6525 0.1607
vn -0.8071 -0.5877 -0.0561
vn -0.6769 -0.7091 0.1976
vn -0.6934 -0.7183 0.0567
vn -0.4185 -0.8760 0.2397
vn -0.5098 -0.8542 0.1027
vn -0.6208 -0.6064 0.4969
vn -0.6211 -0.7630 0.1790
vn -0.6724 -0.7383 0.0534
vn -0.5782 -0.8026 0.1467
vn -0.5300 -0.8422 0.0985
vn -0.5351 -0.7504 0.3881
vn -0.1789 -0.9768 0.1178
vn -0.2712 -0.9621 0.0267
vn 0.0000 -0.9940 0.1092
vn -0.0000 -0.9993 0.0368
vn -0.2232 -0.8684 0.4427
vn -0.0000 -0.8836 0.4683
vn -0.5486 -0.8281 0.1153
vn -0.6545 -0.7542 0.0524
vn -0.4594 -0.8882 0.0008
vn -0.4426 -0.8966 0.0176
vn -0.2860 -0.9502 0.1241
vn -0.1619 -0.9854 0.0521
vn 0.0000 -0.9895 0.1444
vn 0.0000 -0.9991 0.0423
vn -0.4982 -0.8627 -0.0868
vn -0.6456 -0.7587 -0.0872
vn -0.4190 -0.9009 -0.1132
vn -0.4507 -0.8809 -0.1445
vn -0.2790 -0.9588 -0.0541
vn -0.1080 -0.9905 -0.0853
vn 0.0000 -0.9984 -0.0572
vn 0.0000 -0.9989 -0.0474
vn -0.4136 -0.9012 -0.1294
vn -0.6746 -0.7351 -0.0679
vn -0.4637 -0.8643 -0.1947
vn -0.6178 -0.7579 -0.2094
vn -0.4611 -0.8545 -0.2391
vn -0.6552 -0.6983 -0.2881
vn -0.2453 -0.9172 -0.3140
vn -0.5466 -0.7229 -0.4226
vn -0.3583 -0.9332 0.0262
vn 0.0000 -0.9967 0.0806
vn -0.2697 -0.9459 -0.1801
vn 0.0000 -0.9857 -0.1686
vn -0.3287 -0.9016 -0.2813
vn 0.0000 -0.9659 -0.2587
vn -0.3549 -0.8436 -0.4031
vn -0.0025 -0.9461 -0.3238
vn -0.4024 -0.6997 -0.5903
vn 0.0000 -0.9772 -0.2125
vn -0.0000 -0.6640 -0.7477
vn -0.0000 -0.9177 -0.3973
vn -0.3437 -0.7752 -0.5300
vn 0.0000 -0.8249 -0.5653
vn -0.8555 -0.1413 0.4981
vn -0.8041 -0.1951 0.5615
vn -0.9792 0.2027 0.0071
vn -0.9956 0.0925 -0.0121
vn -0.8049 0.4297 -0.4092
vn -0.8294 0.3337 -0.4480
vn -0.8904 0.4536 0.0383
vn -0.7328 0.5723 -0.3680
vn -0.6481 0.7616 -0.0001
vn -0.5722 0.7602 -0.3076
vn -0.3071 0.9497 -0.0614
vn -0.3206 0.8813 -0.3473
vn -0.4656 0.6082 -0.6429
vn -0.4889 0.5133 -0.7053
vn 0.0000 0.6819 -0.7315
vn 0.0000 0.6010 -0.7992
vn -0.4049 0.7414 -0.5352
vn 0.0000 0.8035 -0.5953
vn 0.0000 0.9250 -0.3800
vn 0.0000 0.9945 -0.1047
vn -0.7000 -0.7043 0.1182
vn -0.6850 -0.7251 0.0707
vn -0.9866 -0.0540 -0.1541
vn -0.9936 -0.0306 -0.1088
vn -0.8739 0.4032 -0.2715
vn -0.8765 0.4470 -0.1787
vn -0.5844 0.7349 -0.3441
vn -0.5789 0.7562 -0.3050
vn -0.0000 0.9517 -0.3072
vn 0.0000 0.9092 -0.4165
vn -0.7312 -0.6693 0.1320
vn -0.7424 -0.6361 0.2101
vn -0.7929 -0.5555 0.2504
vn -0.8263 -0.4687 0.3123
vn -0.8021 -0.4250 0.4195
vn -0.8822 -0.2940 0.3678
vn -0.9053 -0.1530 0.3963
vn 0.0000 0.5777 -0.8162
vn -0.0000 0.6015 -0.7989
vn -0.5499 0.4828 -0.6815
vn -0.5380 0.4484 -0.7138
vn 0.0000 0.8749 -0.4844
vn -0.5562 0.6665 -0.4964
vn 0.0000 0.6783 -0.7348
vn -0.5576 0.5768 -0.5970
vn 0.0000 0.6372 -0.7707
vn -0.5565 0.5338 -0.6367
vn -0.5078 0.4583 -0.7295
vn 0.0000 0.5798 -0.8147
vn -0.5261 0.4383 -0.7288
vn 0.0000 0.5772 -0.8166
vn -0.9780 -0.0468 -0.2035
vn -0.8546 0.3604 -0.3738
vn -0.9748 -0.0547 -0.2165
vn -0.8482 0.3044 -0.4335
vn -0.9755 -0.0408 -0.2161
vn -0.8397 0.2726 -0.4697
vn -0.9795 -0.0262 -0.1999
vn -0.8366 0.2536 -0.4856
vn -0.9865 -0.0028 -0.1635
vn -0.8297 0.2530 -0.4975
vn -0.9922 0.0333 -0.1202
vn -0.8338 0.2560 -0.4892
vn -0.9936 0.0722 -0.0869
vn -0.8351 0.2794 -0.4739
vn -0.2667 -0.9549 -0.1303
vn -0.0000 -0.9907 0.1364
vn -0.2961 -0.9202 -0.2559
vn -0.4392 -0.8674 -0.2342
vn -0.6223 -0.7825 -0.0198
vn -0.5746 -0.8141 -0.0841
vn -0.5173 -0.8484 -0.1122
vn -0.4963 -0.8525 -0.1639
vn -0.4936 -0.8469 -0.1978
vn -0.8754 -0.3814 -0.2969
vn -0.7865 -0.5365 -0.3061
vn -0.9208 0.3087 -0.2384
vn -0.9327 0.1621 -0.3223
vn -0.5873 0.7801 -0.2156
vn -0.5987 0.7079 -0.3747
vn 0.0000 0.9727 -0.2321
vn 0.0000 0.9109 -0.4126
vn -0.0000 0.9863 -0.1648
vn -0.0000 0.9942 -0.1074
vn -0.5227 0.8407 -0.1418
vn -0.5155 0.8460 -0.1360
vn 0.0000 0.9896 -0.1436
vn -0.5704 0.8064 -0.1558
vn 0.0000 0.9949 -0.1005
vn -0.5468 0.8250 -0.1427
vn -0.5398 0.8019 -0.2562
vn -0.0000 0.9390 -0.3438
vn -0.5255 0.8361 -0.1575
vn 0.0000 0.9769 -0.2136
vn -0.9365 -0.2663 -0.2283
vn -0.9064 0.3707 -0.2025
vn -0.9473 -0.2218 -0.2312
vn -0.8935 0.4021 -0.2000
vn -0.9565 -0.1945 -0.2173
vn -0.8812 0.4352 -0.1847
vn -0.9713 -0.1632 -0.1733
vn -0.8753 0.4579 -0.1557
vn -0.9845 -0.1188 -0.1288
vn -0.8670 0.4788 -0.1377
vn -0.9930 -0.0634 -0.0998
vn -0.8654 0.4818 -0.1377
vn -0.4221 -0.9043 -0.0640
vn -0.0000 -0.9990 0.0446
vn -0.4587 -0.8866 0.0598
vn 0.0000 -0.9908 0.1354
vn -0.5629 -0.8238 0.0679
vn 0.0000 -0.9790 0.2037
vn -0.6278 -0.7765 -0.0536
vn 0.0000 -0.9881 0.1538
vn -0.8354 -0.4646 -0.2937
vn -0.8477 -0.4820 -0.2215
vn -0.8502 -0.1755 -0.4963
vn -0.8224 -0.2199 -0.5248
vn -0.5912 0.1235 -0.7970
vn -0.6101 -0.0080 -0.7923
vn 0.0000 0.2741 -0.9617
vn 0.0000 0.1290 -0.9916
vn -0.0000 -0.2956 -0.9553
vn -0.5756 -0.2019 -0.7924
vn -0.6925 -0.6010 -0.3991
vn 0.0000 -0.9240 -0.3825
vn -0.8538 -0.3729 -0.3634
vn -0.8290 -0.3251 -0.4550
vn -0.7825 -0.5738 -0.2416
vn -0.7957 -0.5786 -0.1790
vn -0.8854 -0.1202 -0.4491
vn -0.9048 0.0422 -0.4238
vn -0.6043 0.3741 -0.7035
vn -0.5792 0.5949 -0.5573
vn 0.0000 0.5455 -0.8381
vn 0.0000 0.7842 -0.6205
vn -0.7250 0.6616 -0.1916
vn -0.9003 0.3366 -0.2760
vn -0.4358 0.8885 -0.1436
vn -0.0000 0.9955 -0.0947
vn -0.3282 0.9324 -0.1511
vn 0.0000 0.9894 -0.1455
vn -0.5877 0.7986 -0.1297
vn -0.7537 0.6106 -0.2430
vn -0.8109 0.0262 -0.5846
vn -0.3708 -0.5701 -0.7332
vn -0.5280 -0.8459 0.0757
vn -0.3896 -0.8761 0.2839
vn 0.0000 -0.9109 0.4127
vn -0.4107 0.7907 -0.4541
vn -0.2798 0.9370 -0.2093
vn -0.5496 0.6516 0.5229
vn -0.4837 0.7180 0.5005
vn -0.3772 0.9137 0.1515
vn -0.5102 0.8518 0.1184
vn -0.3912 0.8860 -0.2491
vn -0.2185 0.9590 -0.1804
vn -0.2865 0.9486 -0.1345
vn -0.5654 0.7729 -0.2882
vn -0.3840 0.8724 -0.3026
vn 0.0000 0.9206 -0.3904
vn -0.2628 0.9648 -0.0081
vn -0.0000 0.9985 -0.0552
vn -0.2163 0.9738 -0.0700
vn 0.0000 0.9963 -0.0858
vn -0.3330 -0.8858 0.3233
vn 0.0000 -0.9227 0.3855
vn -0.7807 0.4651 -0.4173
vn -0.4744 0.6284 -0.6165
vn -0.7203 0.3553 -0.5958
vn -0.3862 0.6149 -0.6876
vn -0.6279 0.3575 -0.6913
vn -0.9217 0.0774 -0.3802
vn -0.1799 0.8051 -0.5652
vn -0.2047 0.8265 -0.5244
vn 0.0000 0.7359 -0.6771
vn -0.6927 0.2072 -0.6908
vn -0.7216 0.1375 -0.6785
vn -0.0000 0.3784 -0.9256
vn -0.0000 0.2704 -0.9627
vn -0.5094 0.4631 -0.7253
vn 0.0000 0.6181 -0.7861
vn -0.1921 0.7199 -0.6670
vn -0.0000 0.8083 -0.5888
vn -0.1716 0.6988 -0.6944
vn -0.4115 0.5629 -0.7168
vn -0.2586 0.5286 -0.8085
vn -0.0000 0.3732 -0.9277
vn -0.2096 0.5613 -0.8007
vn -0.6297 0.3653 -0.6856
vn -0.7321 0.1099 -0.6723
vn 0.0000 0.2309 -0.9730
vn 0.0000 0.2742 -0.9617
vn -0.9080 0.3802 -0.1759
vn -0.9267 0.0946 -0.3638
vn -0.9295 0.0896 0.3577
vn -0.9847 -0.1477 0.0921
vn -0.9626 -0.2571 0.0857
vn -0.7901 -0.6084 0.0748
vn -0.7875 -0.4217 0.4495
vn -0.8440 -0.3810 0.3775
vn -0.8007 -0.4447 0.4014
vn -0.7585 -0.6192 0.2031
vn -0.8574 -0.4008 0.3227
vn -0.8456 -0.5241 0.1009
vn -0.8515 -0.3939 0.3461
vn -0.7544 -0.5366 0.3781
vn -0.6568 -0.6308 0.4131
vn -0.5240 -0.7771 0.3485
vn -0.2535 -0.9039 0.3445
vn 0.0000 -0.9339 0.3577
vn 0.0000 -0.9931 0.1172
vn -0.3512 -0.9274 0.1292
vn -0.5365 -0.8003 0.2678
vn -0.6830 -0.6658 0.3005
vn -0.4862 -0.7932 -0.3666
vn -0.5974 -0.7583 0.2608
vn -0.7703 -0.6292 -0.1037
vn -0.8030 -0.5595 0.2055
vn -0.7990 -0.5892 -0.1199
vn -0.8160 -0.5324 0.2252
vn -0.7138 -0.6984 0.0517
vn -0.8513 -0.3801 0.3617
vn -0.7151 -0.5193 0.4679
vn -0.6997 -0.5857 -0.4093
vn -0.7851 -0.4816 0.3895
vn -0.7229 -0.3648 0.5868
vn -0.9259 -0.3721 -0.0658
vn -0.6595 -0.2330 -0.7147
vn -0.3396 -0.8998 0.2739
vn -0.5751 -0.8121 -0.0989
vn -0.8080 -0.5106 -0.2939
vn -0.8820 -0.2111 -0.4212
vn -0.6164 -0.7085 0.3437
vn -0.5838 -0.7862 0.2028
vn -0.3236 -0.8808 0.3457
vn -0.4397 -0.8660 0.2382
vn 0.0000 -0.9540 0.3000
vn 0.0000 -0.9263 0.3767
vn 0.5912 0.3245 0.7384
vn 0.3089 0.0444 0.9500
vn 0.0000 -0.1055 0.9944
vn 0.0000 0.4183 0.9083
vn 0.4433 0.4611 0.7687
vn 0.0000 0.5472 0.8370
vn 0.0221 0.4101 0.9118
vn -0.3311 0.4722 0.8169
vn -0.3307 0.5309 0.7802
vn -0.9642 -0.2610 0.0464
vn -0.5954 -0.7471 0.2957
vn -0.2626 -0.3672 0.8923
vn -0.8810 -0.1882 0.4342
vn -0.4839 0.1989 0.8522
vn -0.5476 0.2150 0.8087
vn -0.2477 0.2454 0.9373
vn -0.4782 -0.7765 0.4104
vn -0.5553 -0.7771 0.2961
vn -0.2673 -0.8325 0.4853
vn -0.5532 -0.7456 0.3715
vn 0.0000 -0.7341 0.6790
vn 0.0000 -0.7107 0.7035
vn -0.6727 -0.7130 0.1977
vn -0.6798 -0.6642 0.3112
vn -0.7379 -0.6732 0.0494
vn -0.7225 -0.6471 0.2436
vn -0.7714 -0.6333 -0.0616
vn -0.7515 -0.6292 0.1981
vn -0.8570 -0.5142 -0.0331
vn -0.9468 -0.3203 -0.0305
vn -0.8953 -0.2957 0.3332
vn -0.8181 -0.5053 0.2747
vn 0.1727 0.3126 0.9340
vn 0.0000 0.3208 0.9472
vn 0.0659 -0.0002 0.9978
vn 0.0000 -0.0208 0.9998
vn -0.1262 -0.3921 0.9112
vn 0.0000 -0.3868 0.9221
vn -0.2270 -0.6707 0.7061
vn 0.0000 -0.6453 0.7639
vn -0.5666 -0.5811 0.5842
vn -0.5504 -0.3941 0.7360
vn -0.4466 -0.0949 0.8897
vn -0.6268 -0.0958 0.7733
vn -0.6524 -0.3362 0.6792
vn -0.6582 -0.5383 0.5264
vn -0.6938 -0.5423 0.4738
vn -0.6805 -0.3282 0.6551
vn -0.6454 -0.1092 0.7560
vn -0.7684 -0.5166 0.3777
vn -0.7360 -0.3786 0.5612
vn -0.7123 -0.1758 0.6795
vn -0.6611 0.0791 0.7461
vn -0.8817 -0.3185 0.3481
vn -0.8782 -0.4111 0.2444
vn -0.8035 -0.5681 0.1781
vn -0.7466 -0.6383 0.1875
vn -0.7159 -0.6824 0.1475
vn -0.4951 -0.8657 0.0746
vn -0.0000 -1.0000 0.0095
vn -0.7256 -0.6564 0.2067
vn -0.5150 -0.8130 0.2717
vn 0.0000 -0.9507 0.3102
vn -0.0000 -0.8520 0.5235
vn -0.4760 -0.7451 0.4672
vn 0.0000 -0.7330 0.6802
vn -0.4810 -0.6329 0.6067
vn -0.7255 -0.5950 0.3458
vn -0.7127 -0.5023 0.4897
vn -0.3042 -0.5435 -0.7824
vn -0.9220 -0.2912 -0.2553
vn -0.3658 -0.2401 -0.8992
vn -0.9227 -0.3265 -0.2050
vn -0.4602 0.1652 -0.8723
vn -0.9074 -0.3320 -0.2575
vn -0.4824 0.1339 -0.8657
vn -0.7328 -0.5695 -0.3724
vn -0.3342 0.1250 -0.9342
vn -0.4715 -0.6941 -0.5440
vn 0.5656 0.1576 -0.8095
vn 0.6020 -0.7130 -0.3595
vn -0.2529 -0.8890 0.3816
vn -0.5714 -0.4669 0.6749
vn -0.6415 -0.3170 0.6985
vn -0.7401 -0.1367 0.6585
vn -0.6210 0.2607 0.7392
vn 0.4400 0.7067 -0.5541
vn 0.5058 0.6232 -0.5964
vn 0.7259 0.0349 -0.6869
vn 0.9721 0.1306 0.1947
vn 0.7161 -0.5211 0.4644
vn 0.9233 0.2272 0.3097
vn 0.5711 -0.4921 0.6570
vn 0.3562 -0.3577 0.8632
vn 0.3377 -0.2194 0.9153
vn 0.9173 0.2196 0.3321
vn 0.9251 -0.1360 0.3546
vn 0.0726 -0.1514 0.9858
vn -0.4508 -0.1524 0.8795
vn 0.8357 -0.4636 0.2943
vn 0.1151 -0.9663 -0.2302
vn 0.6206 -0.3433 -0.7050
vn 0.3961 -0.8028 -0.4457
vn -0.3255 -0.3870 -0.8627
vn -0.8427 -0.5377 0.0284
vn -0.4464 -0.1553 -0.8813
vn -0.7602 -0.6493 0.0202
vn -0.6918 0.0868 -0.7169
vn -0.8203 -0.5635 -0.0973
vn -0.6761 0.1278 -0.7256
vn -0.5493 -0.7086 -0.4429
vn -0.5960 0.1874 -0.7808
vn -0.3814 -0.5060 -0.7736
vn 0.2469 0.5619 -0.7895
vn 0.4745 -0.4133 -0.7772
vn 0.2922 -0.9348 0.2019
vn -0.2183 -0.7129 0.6665
vn -0.0734 -0.5662 0.8210
vn 0.0830 0.9050 -0.4171
vn 0.1868 0.8043 -0.5641
vn 0.5642 0.2701 -0.7802
vn 0.6685 0.0356 -0.7428
vn -0.2977 -0.4848 0.8224
vn 0.6237 -0.2388 0.7443
vn 0.7021 -0.2607 0.6626
vn 0.9908 0.0235 0.1330
vn 0.9050 0.3491 0.2433
vn 0.8771 0.4080 0.2534
vn 0.8527 -0.2562 0.4553
vn 0.9142 -0.4009 0.0594
vn 0.9110 0.4119 -0.0196
vn 0.5311 -0.2159 0.8194
vn 0.9681 0.0640 0.2424
vn 0.6103 -0.3909 -0.6890
vn 0.9849 0.0608 0.1620
vn 0.5565 0.4047 0.7256
vn -0.3554 0.1294 0.9257
vn -0.3207 0.4012 0.8580
vn -0.4539 0.1784 0.8730
vn 0.4169 0.5306 0.7380
vn 0.9029 -0.0113 0.4297
vn 0.7730 -0.5966 -0.2159
vn 0.3514 -0.8844 -0.3072
vn 0.3360 -0.8148 -0.4725
vn 0.2112 -0.8540 -0.4756
vn 0.2193 -0.6869 -0.6929
vn -0.1477 -0.2667 -0.9524
vn -0.5940 0.4778 -0.6472
vn -0.8342 0.5041 0.2235
vn -0.8517 0.2697 0.4493
vn -0.6215 0.4374 0.6499
vn 0.8163 -0.4500 -0.3621
vn 0.9632 -0.0661 0.2604
vn 0.8951 -0.2494 -0.3696
vn 0.9374 0.2217 0.2685
vn 0.8639 -0.4349 -0.2543
vn 0.9549 -0.0835 0.2850
vn 0.6148 -0.4162 -0.6699
vn 0.5295 -0.4726 -0.7045
vn 0.2641 -0.1734 -0.9488
vn 0.0809 -0.2171 -0.9728
vn -0.3240 0.2883 -0.9011
vn -0.4062 0.0496 -0.9125
vn -0.2050 0.1187 -0.9715
vn 0.3230 -0.4711 -0.8208
vn 0.5083 -0.5733 -0.6426
vn 0.4979 -0.5537 -0.6675
vn 0.4739 -0.6358 -0.6093
vn 0.5816 -0.4858 -0.6525
vn 0.5464 -0.5594 -0.6233
vn 0.4939 -0.5397 -0.6817
vn -0.6918 0.4369 -0.5750
vn -0.7376 0.3653 -0.5679
vn -0.7798 0.2834 -0.5582
vn -0.8923 0.4412 0.0960
vn -0.8499 0.5214 0.0759
vn -0.8393 0.5296 0.1228
vn -0.8507 0.2469 0.4641
vn 0.5133 0.3810 0.7690
vn 0.5285 0.3705 0.7638
vn 0.5816 0.1679 0.7960
vn -0.2612 0.3523 0.8987
vn -0.1605 0.4848 0.8598
vn -0.0453 0.4487 0.8925
vn -0.5802 0.5421 0.6079
vn -0.5668 0.4989 0.6556
vn -0.8635 0.2497 0.4383
vn -0.5541 0.4768 0.6824
vn -0.5751 0.4064 0.7101
vn -0.5144 0.2372 0.8241
vn -0.4278 0.1386 0.8932
vn -0.2096 0.9376 0.2775
vn -0.3650 0.8222 0.4367
vn 0.2577 0.5659 0.7832
vn 0.3962 0.6177 0.6793
vn -0.5581 0.7671 -0.3163
vn -0.6508 0.7407 -0.1665
vn -0.6381 0.4110 -0.6511
vn -0.5990 0.3632 -0.7136
vn -0.6918 0.0095 -0.7220
vn -0.4941 -0.1103 -0.8624
vn -0.2820 -0.5122 -0.8113
vn -0.2882 -0.6045 -0.7427
vn 0.7093 0.0368 0.7039
vn 0.7334 0.0384 0.6787
vn 0.8288 -0.4455 0.3385
vn 0.8176 -0.4742 0.3266
vn 0.6646 -0.7336 -0.1418
vn 0.6536 -0.7350 -0.1806
vn 0.3094 -0.7657 -0.5639
vn 0.3874 -0.7584 -0.5241
vn 0.0660 -0.4421 -0.8945
vn -0.0420 -0.6256 -0.7790
vn 0.3099 -0.7907 -0.5279
vn 0.4270 -0.5453 -0.7213
vn -0.4859 0.6461 0.5886
vn -0.5376 0.5662 0.6249
vn -0.0179 0.4356 0.9000
vn 0.0636 0.5058 0.8603
vn -0.7873 0.6165 -0.0057
vn -0.8555 0.5149 0.0548
vn -0.7886 0.1775 -0.5888
vn -0.7927 0.1211 -0.5974
vn -0.4269 -0.2706 -0.8629
vn -0.3794 -0.2268 -0.8970
vn 0.5916 -0.0053 0.8062
vn 0.6378 0.0701 0.7670
vn 0.8971 -0.3584 0.2584
vn 0.8556 -0.4247 0.2960
vn 0.7802 -0.5231 -0.3430
vn 0.6675 -0.7152 -0.2073
vn -0.0983 -0.5715 -0.8147
vn 0.3048 -0.7573 -0.5775
vn 0.5149 -0.4395 -0.7360
vn 0.0270 -0.3113 -0.9499
vn -0.5637 0.4930 0.6627
vn -0.0634 0.3477 0.9355
vn 0.1353 0.5076 0.8509
vn -0.4488 0.7151 0.5359
vn -0.8711 0.4760 0.1212
vn -0.7141 0.6991 -0.0363
vn -0.8175 0.2095 -0.5364
vn -0.7149 0.3034 -0.6300
vn -0.4684 -0.0656 -0.8811
vn -0.3553 -0.1682 -0.9195
vn 0.5216 -0.0080 0.8532
vn 0.6743 0.0673 0.7354
vn 0.8649 -0.3112 0.3939
vn 0.8587 -0.4072 0.3111
vn 0.8258 -0.5161 -0.2273
vn 0.6783 -0.7157 -0.1663
vn 0.1522 0.4425 0.8837
vn -0.4593 0.7293 0.5072
vn -0.6978 0.7112 -0.0860
vn -0.7861 0.4034 -0.4684
vn -0.6223 0.0009 -0.7828
vn 0.0004 -0.4287 -0.9034
vn 0.6108 -0.1050 0.7848
vn 0.7546 -0.5915 0.2841
vn 0.5725 -0.7891 -0.2225
vn 0.4049 -0.7534 -0.5181
vn -0.0428 0.1126 0.9927
vn 0.0206 0.2496 0.9681
vn -0.5488 0.5790 0.6029
vn -0.6366 0.4069 0.6551
vn -0.8326 0.5537 -0.0098
vn -0.8676 0.4963 0.0306
vn -0.7376 0.4248 -0.5249
vn -0.7957 0.3776 -0.4736
vn -0.4701 0.1406 -0.8713
vn -0.4658 0.0809 -0.8812
vn -0.0859 -0.2044 -0.9751
vn 0.0063 -0.2575 -0.9663
vn 0.4382 -0.2030 0.8756
vn 0.4889 -0.1213 0.8639
vn 0.6861 -0.5461 0.4806
vn 0.7779 -0.4198 0.4677
vn 0.6110 -0.7795 -0.1381
vn 0.7595 -0.6160 -0.2093
vn 0.3339 -0.6613 -0.6717
vn 0.3571 -0.5272 -0.7711
vn 0.0426 0.2919 0.9555
vn 0.0760 0.1730 0.9820
vn -0.4942 0.4982 0.7124
vn -0.5298 0.5826 0.6163
vn -0.9076 0.4067 0.1043
vn -0.8709 0.4901 0.0368
vn -0.8760 0.1314 -0.4641
vn -0.8139 0.3107 -0.4910
vn -0.5741 -0.2008 -0.7938
vn -0.5579 0.0570 -0.8279
vn -0.2943 -0.5397 -0.7888
vn -0.1409 -0.2075 -0.9680
vn 0.5331 -0.0813 0.8421
vn 0.8754 -0.2779 0.3955
vn 0.9055 -0.3489 -0.2416
vn 0.6480 -0.7489 -0.1384
vn 0.5494 -0.8301 0.0953
vn 0.4279 -0.4522 -0.7825
vn 0.3213 -0.6755 -0.6637
vn -0.7056 -0.1588 -0.6906
vn -0.7683 0.1563 -0.6207
vn -0.8745 0.2862 -0.3915
vn -0.7111 0.5876 -0.3861
vn -0.6251 0.4796 -0.6158
vn -0.4165 0.8406 -0.3463
vn 0.4934 -0.6119 0.6182
vn -0.4139 0.5108 0.7535
vn 0.0423 0.2272 0.9729
vn -0.7991 0.5574 0.2252
vn -0.5704 0.8062 0.1567
vn -0.2404 0.9702 0.0288
vn -0.3119 0.2371 0.9200
vn 0.0702 0.4000 0.9138
vn -0.2567 0.6575 0.7084
vn 0.0216 0.8699 0.4927
vn 0.0281 0.5547 0.8316
vn -0.1441 0.3619 0.9210
vn -0.5752 -0.8089 0.1217
vn 0.1615 -0.8842 -0.4384
vn 0.4435 -0.8960 -0.0219
vn -0.3481 -0.8184 0.4572
vn -0.0265 0.9656 -0.2585
vn -0.7224 0.6396 0.2625
vn -0.4953 0.6301 0.5980
vn 0.2555 0.9538 0.1580
vn 0.7067 0.2620 0.6572
vn -0.1457 0.0941 0.9849
vn -0.1049 -0.3072 0.9458
vn 0.7573 -0.2362 0.6088
vn 0.6525 -0.1150 -0.7490
vn 0.6018 0.3834 -0.7006
vn 0.8839 0.3716 -0.2839
vn 0.9346 -0.1268 -0.3324
vn -0.9656 0.1285 -0.2261
vn -0.3403 0.3059 -0.8892
vn -0.2897 -0.1923 -0.9376
vn -0.9248 -0.2728 -0.2651
vn -0.7855 -0.6053 -0.1290
vn -0.1570 -0.6432 -0.7494
vn 0.6201 -0.6758 0.3984
vn -0.1882 -0.6304 0.7531
vn -0.2966 0.7298 -0.6159
vn -0.8927 0.4499 -0.0264
vn -0.2954 0.4248 0.8557
vn 0.4806 0.6972 0.5319
vn 0.2014 -0.0878 -0.9756
vn 0.1609 0.3105 -0.9368
vn 0.9374 0.2779 0.2100
vn 0.9779 -0.1203 0.1712
vn 0.3869 0.7857 -0.4826
vn 0.6124 0.7763 -0.1496
vn 0.7518 -0.5955 -0.2830
vn 0.5264 -0.5861 -0.6160
vn 0.0929 0.6646 -0.7414
vn 0.2091 -0.4789 -0.8526
vn 0.8563 -0.5060 0.1033
vn 0.7401 0.6374 0.2145
vn -0.8211 -0.1360 0.5544
vn -0.8232 -0.1359 0.5512
vn -0.8230 -0.1385 0.5509
vn -0.8208 -0.1386 0.5541
vn -0.8229 -0.1353 0.5518
vn -0.8226 -0.1392 0.5514
vn -0.8211 -0.1392 0.5536
vn -0.8215 -0.1354 0.5539
vn -0.8225 -0.1383 0.5517
vn -0.8214 -0.1383 0.5534
vn -0.8227 -0.1363 0.5519
vn -0.8216 -0.1363 0.5536
vn -0.5308 -0.8428 0.0893
vn 0.2494 -0.8760 -0.4129
vn 0.4993 -0.8661 0.0236
vn -0.3295 -0.8348 0.4410
vn -0.0675 0.9597 -0.2729
vn -0.7790 0.5947 0.1989
vn -0.5777 0.6026 0.5506
vn 0.1824 0.9695 0.1636
vn 0.6372 0.3123 0.7046
vn -0.2253 0.0934 0.9698
vn -0.1566 -0.3049 0.9394
vn 0.7225 -0.1821 0.6670
vn 0.7132 -0.0799 -0.6964
vn 0.6278 0.4147 -0.6587
vn 0.8778 0.4245 -0.2220
vn 0.9631 -0.0700 -0.2597
vn -0.9519 0.0647 -0.2995
vn -0.2907 0.2757 -0.9162
vn -0.2053 -0.2187 -0.9539
vn -0.8832 -0.3335 -0.3299
vn -0.7339 -0.6552 -0.1791
vn -0.0592 -0.6585 -0.7502
vn 0.6295 -0.6314 0.4529
vn -0.2046 -0.6344 0.7455
vn -0.2944 0.7040 -0.6463
vn -0.9146 0.3919 -0.0993
vn -0.3854 0.4127 0.8253
vn 0.3943 0.7311 0.5568
vn 0.2797 -0.0834 -0.9565
vn 0.2114 0.3118 -0.9263
vn 0.8995 0.3389 0.2757
vn 0.9677 -0.0563 0.2456
vn 0.3722 0.8044 -0.4630
vn 0.5720 0.8123 -0.1140
vn 0.8070 -0.5490 -0.2178
vn 0.6072 -0.5569 -0.5668
vn 0.1067 0.6625 -0.7414
vn 0.3026 -0.4722 -0.8279
vn 0.8761 -0.4496 0.1740
vn 0.6803 0.6851 0.2605
vn -0.8505 -0.1831 0.4932
vn -0.8524 -0.1832 0.4898
vn -0.8519 -0.1857 0.4896
vn -0.8500 -0.1857 0.4930
vn -0.8522 -0.1825 0.4904
vn -0.8515 -0.1863 0.4901
vn -0.8502 -0.1863 0.4924
vn -0.8509 -0.1825 0.4927
vn -0.8515 -0.1854 0.4905
vn -0.8505 -0.1854 0.4922
vn -0.8519 -0.1834 0.4906
vn -0.8509 -0.1834 0.4923
vn -0.5868 -0.8045 0.0920
vn 0.2063 -0.9013 -0.3809
vn 0.4413 -0.8951 0.0639
vn -0.3976 -0.7995 0.4503
vn 0.0040 0.9540 -0.2999
vn -0.7453 0.6484 0.1555
vn -0.5560 0.6533 0.5138
vn 0.2389 0.9602 0.1450
vn 0.6316 0.2908 0.7187
vn -0.2518 0.1347 0.9584
vn -0.2079 -0.2678 0.9408
vn 0.6861 -0.2089 0.6969
vn 0.7299 -0.1446 -0.6681
vn 0.6754 0.3553 -0.6463
vn 0.9104 0.3615 -0.2013
vn 0.9649 -0.1384 -0.2231
vn -0.9350 0.1167 -0.3350
vn -0.2408 0.2678 -0.9329
vn -0.1863 -0.2319 -0.9547
vn -0.8911 -0.2858 -0.3526
vn -0.7681 -0.6120 -0.1884
vn -0.0760 -0.6742 -0.7346
vn 0.5716 -0.6572 0.4913
vn -0.2705 -0.5989 0.7538
vn -0.2261 0.7029 -0.6744
vn -0.8835 0.4463 -0.1421
vn -0.3859 0.4594 0.8000
vn 0.4214 0.7199 0.5515
vn 0.3062 -0.1279 -0.9434
vn 0.2626 0.2716 -0.9259
vn 0.9096 0.2886 0.2990
vn 0.9531 -0.1108 0.2815
vn 0.4389 0.7658 -0.4699
vn 0.6268 0.7708 -0.1143
vn 0.7768 -0.6051 -0.1745
vn 0.5890 -0.6100 -0.5301
vn 0.1745 0.6333 -0.7540
vn 0.2996 -0.5135 -0.8041
vn 0.8388 -0.4993 0.2169
vn 0.7138 0.6475 0.2670
vn -0.8768 -0.1147 0.4669
vn -0.8786 -0.1148 0.4635
vn -0.8783 -0.1174 0.4634
vn -0.8765 -0.1173 0.4668
vn -0.8784 -0.1141 0.4641
vn -0.8780 -0.1180 0.4639
vn -0.8768 -0.1179 0.4662
vn -0.8772 -0.1141 0.4664
vn -0.8779 -0.1170 0.4642
vn -0.8770 -0.1170 0.4660
vn -0.8782 -0.1151 0.4643
vn -0.8772 -0.1150 0.4661
vn 0.3043 -0.8307 -0.4662
vn 0.0007 -0.9271 0.3748
vn 0.5284 -0.7901 0.3107
vn 0.8175 -0.5596 0.1361
vn 0.6872 -0.4764 0.5484
vn 0.5117 0.0105 0.8591
vn 0.6246 -0.7695 -0.1333
vn 0.7950 -0.4611 0.3941
vn 0.7806 -0.5561 0.2852
vn 0.6301 0.0846 0.7719
vn -0.6073 -0.4410 -0.6609
vn -0.1851 -0.6620 -0.7263
vn -0.0803 -0.6719 -0.7362
vn 0.4838 -0.8749 0.0224
vn 0.0552 -0.7326 -0.6784
vn 0.2877 -0.9562 0.0540
vn 0.6676 -0.6068 0.4314
vn 0.4259 -0.8205 0.3813
vn 0.5353 -0.4134 0.7366
vn 0.7288 -0.5564 0.3991
vn 0.5327 -0.7497 0.3926
vn 0.7798 -0.4583 0.4265
vn 0.6286 -0.4230 0.6526
vn 0.8809 -0.1994 0.4293
vn 0.8468 -0.2599 0.4641
vn 0.7976 -0.1707 0.5786
vn 0.3826 -0.6948 0.6090
vn 0.8259 -0.4225 0.3732
vn 0.5016 -0.2862 0.8164
vn 0.8815 -0.3282 0.3396
vn 0.4809 0.0080 0.8768
vn 0.7909 -0.0317 0.6111
vn 0.9176 -0.0451 0.3948
vn 0.4009 0.3000 0.8656
vn 0.7470 0.1105 0.6556
vn 0.9104 0.0108 0.4135
vn 0.2050 0.5775 0.7903
vn 0.6451 0.3125 0.6973
vn 0.9014 -0.0157 0.4327
vn 0.5129 0.5718 0.6403
vn 0.8615 0.1228 0.4927
vn 0.1152 0.7377 0.6652
vn 0.8605 -0.2471 0.4455
vn 0.8711 -0.2412 0.4278
vn 0.7171 -0.5763 0.3919
vn 0.6466 -0.7415 0.1791
vn 0.6569 -0.7536 -0.0235
vn 0.9134 -0.0946 0.3960
vn 0.6659 -0.6851 0.2952
vn 0.5569 -0.0630 0.8282
vn 0.3594 -0.8671 0.3450
vn 0.3571 -0.3004 0.8844
vn 0.5490 -0.8325 -0.0746
vn 0.3285 -0.9440 0.0316
vn 0.9056 -0.0221 0.4237
vn 0.9403 0.0106 0.3400
vn 0.9269 0.0150 0.3750
vn 0.8045 -0.4576 0.3786
vn 0.5810 -0.8123 -0.0513
vn 0.8076 -0.1340 0.5743
vn 0.8535 0.0113 0.5209
vn 0.9066 -0.0178 0.4217
vn 0.8415 -0.4436 0.3083
vn 0.6267 -0.7703 -0.1180
vn 0.7676 -0.1183 0.6299
vn 0.7733 0.0312 0.6332
vn 0.8826 -0.0229 0.4695
vn 0.9279 -0.3722 -0.0231
vn 0.6474 -0.6710 -0.3614
vn 0.1854 -0.8567 -0.4813
vn 0.2461 -0.7932 -0.5570
vn 0.3138 -0.8300 -0.4611
vn 0.3322 -0.8549 -0.3985
vn 0.1068 -0.9038 -0.4143
vn 0.1755 -0.9090 -0.3782
vn 0.2678 -0.7890 -0.5530
vn -0.3266 -0.6823 -0.6541
vn -0.4435 -0.7449 -0.4983
vn -0.4465 -0.7130 -0.5407
vn -0.3935 -0.6512 -0.6490
vn -0.3257 -0.5880 -0.7404
vn -0.1940 -0.5162 -0.8342
vn -0.1024 -0.4762 -0.8734
vn -0.0600 -0.8988 -0.4343
vn -0.3652 -0.7720 -0.5202
vn 0.8888 -0.0374 0.4568
vn 0.7304 0.0972 0.6761
vn 0.8209 0.0525 0.5687
vn 0.8482 0.2547 0.4645
vn 0.5012 0.6843 0.5297
vn 0.1222 0.8048 0.5808
vn -0.2388 -0.8411 -0.4854
vn -0.2825 -0.7738 -0.5670
vn -0.3584 -0.6860 -0.6332
vn -0.4130 -0.5787 -0.7032
vn -0.2290 -0.5388 -0.8107
vn -0.0052 0.6798 0.7334
vn -0.1205 0.7078 0.6960
vn -0.2063 0.7151 0.6679
vn -0.1868 0.6547 0.7324
vn -0.9235 0.2843 0.2576
vn -0.1183 -0.4854 -0.8662
vn 0.3294 -0.6867 -0.6480
vn 0.4067 -0.4327 -0.8046
vn 0.2234 -0.3147 -0.9225
vn 0.7078 -0.6455 -0.2870
vn 0.6960 -0.3946 -0.6000
vn 0.8604 -0.1849 -0.4748
vn 0.9881 0.0686 -0.1380
vn 0.6756 -0.1405 -0.7237
vn 0.8579 0.0400 -0.5123
vn 0.7569 -0.3804 -0.5315
vn 0.9150 0.2437 0.3216
vn 0.9499 0.2360 -0.2050
vn 0.9775 0.0261 -0.2091
vn 0.8326 0.3068 0.4611
vn 0.8988 0.4349 0.0546
vn 0.9446 0.3163 -0.0872
vn 0.7735 0.5116 0.3741
vn 0.7825 0.6073 0.1374
vn 0.8479 0.5294 0.0282
vn 0.4793 0.7843 0.3938
vn 0.5648 0.7991 0.2062
vn 0.6752 0.7314 0.0957
vn 0.1454 0.8648 0.4806
vn 0.2109 0.9199 0.3305
vn 0.3377 0.9218 0.1903
vn 0.9329 -0.3342 -0.1341
vn 0.7421 -0.5495 -0.3840
vn 0.8564 -0.4273 -0.2899
vn 0.7991 -0.4955 -0.3405
vn 0.8485 -0.4162 -0.3268
vn 0.8236 -0.4762 -0.3081
vn 0.7752 -0.5425 -0.3236
vn 0.8050 -0.5492 -0.2242
vn 0.7508 -0.6422 -0.1547
vn 0.8256 -0.5537 -0.1084
vn 0.7177 -0.6963 -0.0071
vn 0.8449 -0.5349 -0.0069
vn 0.7737 -0.6218 0.1212
vn 0.8541 -0.5127 0.0872
vn 0.8131 -0.5472 0.1986
vn 0.8730 -0.4603 0.1612
vn 0.8344 -0.5141 0.1987
vn 0.8407 -0.4419 0.3131
vn 0.8369 -0.4073 0.3656
vn 0.9299 -0.3106 0.1969
vn 0.8632 -0.3465 0.3671
vn 0.9284 -0.3617 0.0850
vn 0.8697 -0.4617 0.1745
vn 0.9165 -0.3905 -0.0871
vn 0.8237 -0.5567 0.1076
vn 0.6913 -0.6142 -0.3806
vn 0.6372 -0.7482 -0.1847
vn 0.6971 0.0107 -0.7169
vn 0.8377 0.2959 -0.4590
vn 0.8217 0.2877 -0.4919
vn 0.8208 0.1895 -0.5389
vn 0.8936 0.1487 -0.4234
vn 0.9121 0.2187 -0.3468
vn 0.8922 0.2610 -0.3686
vn 0.8894 0.3072 -0.3384
vn 0.9077 0.3580 -0.2190
vn 0.3947 0.5878 -0.7062
vn 0.4061 0.7056 -0.5807
vn 0.3535 0.6629 -0.6600
vn 0.2807 0.5160 -0.8093
vn 0.3394 0.5326 -0.7754
vn 0.3776 0.6821 -0.6263
vn 0.9095 0.4002 -0.1125
vn 0.8897 0.4542 -0.0457
vn 0.9843 0.1572 -0.0802
vn 0.9964 -0.0294 -0.0795
vn 0.4091 0.9071 -0.0991
vn 0.4309 0.9024 0.0012
vn 0.3881 0.8812 -0.2698
vn 0.3695 0.7484 -0.5507
vn 0.3629 0.8116 -0.4579
vn 0.9541 0.2991 -0.0157
vn 0.4160 0.9053 0.0861
vn 0.7493 0.6572 0.0817
vn 0.8910 0.4524 0.0379
vn 0.6317 -0.7135 -0.3030
vn 0.9186 -0.2860 -0.2727
vn 0.9161 -0.2405 -0.3209
vn 0.6328 -0.6192 -0.4649
vn 0.6170 -0.7836 -0.0728
vn 0.8199 -0.5630 -0.1042
vn 0.7227 -0.6671 -0.1807
vn 0.5801 -0.8144 0.0148
vn 0.7373 -0.6554 0.1636
vn 0.8783 -0.4759 0.0450
vn 0.2994 -0.9372 0.1788
vn 0.4270 -0.8412 0.3318
vn 0.7839 -0.5566 0.2751
vn 0.9503 -0.3078 0.0465
vn 0.3720 -0.7632 0.5284
vn 0.7148 -0.5042 0.4846
vn 0.9153 -0.3072 0.2607
vn 0.3400 -0.6523 0.6775
vn 0.7439 -0.5385 0.3959
vn 0.9485 -0.2865 0.1350
vn 0.2982 -0.7429 0.5993
vn 0.6820 -0.6522 0.3309
vn 0.9076 -0.4085 0.0974
vn 0.3280 -0.8128 0.4814
vn 0.6523 -0.7131 0.2569
vn 0.8890 -0.4494 0.0876
vn 0.2888 -0.8691 0.4016
vn 0.5871 -0.7778 0.2243
vn 0.8732 -0.4796 0.0869
vn 0.2591 -0.9220 0.2878
vn 0.3238 -0.9437 -0.0679
vn 0.2882 -0.9043 -0.3150
vn 0.2904 -0.8084 -0.5120
vn 0.6764 -0.5220 -0.5196
vn 0.9711 -0.0560 -0.2319
vn 0.2970 -0.7423 -0.6006
vn 0.6855 -0.3480 -0.6395
vn 0.9668 -0.0484 -0.2508
vn 0.3099 -0.5477 -0.7771
vn 0.7478 -0.0514 -0.6620
vn 0.9740 0.2246 0.0295
vn 0.8248 -0.4737 -0.3087
vn 0.9039 -0.2327 0.3589
vn 0.8804 -0.1997 -0.4301
vn 0.9429 -0.1608 0.2918
vn 0.3385 -0.5112 -0.7900
vn 0.3560 -0.2077 -0.9111
vn 0.3115 -0.2315 -0.9216
vn 0.9417 -0.3031 -0.1461
vn 0.9406 -0.1054 0.3227
vn 0.9645 -0.1891 0.1845
vn 0.9102 0.0686 0.4085
vn 0.9018 -0.1720 0.3965
vn 0.7685 -0.0199 0.6395
vn 0.9526 -0.1216 0.2789
vn 0.7969 -0.1325 0.5894
vn 0.6396 -0.3671 0.6754
vn 0.3368 0.0112 0.9415
vn 0.4886 -0.8645 0.1177
vn 0.3249 -0.0179 0.9456
vn 0.8772 -0.0140 0.4798
vn 0.6668 -0.1537 0.7292
vn 0.8546 -0.2440 0.4583
vn 0.6441 -0.1601 0.7480
vn 0.9045 -0.1790 0.3871
vn 0.6280 -0.1731 0.7587
vn 0.3418 -0.1187 0.9322
vn 0.3371 -0.1805 0.9240
vn 0.2519 -0.1843 0.9500
vn 0.8410 -0.0950 0.5326
vn 0.4823 -0.2378 0.8431
vn 0.7626 -0.1783 0.6218
vn 0.2716 -0.2661 0.9249
vn 0.5135 0.1562 0.8437
vn -0.2112 0.0970 0.9726
vn 0.1591 -0.2606 0.9523
vn -0.0082 -0.3562 0.9344
vn -0.2853 -0.3561 0.8898
vn 0.1911 -0.9365 -0.2942
vn 0.2013 -0.9352 -0.2914
vn 0.1491 -0.9278 -0.3420
vn 0.0632 -0.8857 -0.4599
vn 0.9444 0.1023 0.3125
vn 0.8951 -0.3252 -0.3051
vn 0.8808 0.1967 -0.4306
vn 0.8911 -0.2587 0.3727
vn 0.9087 -0.1100 -0.4026
vn 0.9657 -0.1404 0.2183
vn 0.9299 0.1830 -0.3191
vn 0.9383 0.0189 0.3454
vn 0.9830 -0.1210 -0.1382
vn 0.9044 -0.2560 0.3414
vn 0.8516 0.1955 0.4864
vn 0.9177 -0.1892 0.3494
vn 0.8514 0.4479 0.2731
vn 0.7262 0.4473 0.5221
vn 0.2965 0.7593 -0.5792
vn 0.4150 -0.0167 -0.9097
vn 0.3953 -0.2573 -0.8818
vn 0.3120 0.1317 -0.9409
vn -0.5535 -0.3195 -0.7691
vn -0.8621 -0.1033 -0.4961
vn -0.3036 -0.4229 -0.8538
vn -0.1333 -0.4306 -0.8926
vn -0.1220 0.7694 0.6270
vn -0.1970 0.7328 0.6513
vn -0.3000 0.7127 0.6341
vn -0.5484 0.5502 0.6297
vn -0.9762 0.1248 0.1773
vn -0.2248 -0.8564 -0.4647
vn -0.6093 -0.7656 -0.2066
vn -0.0513 -0.8662 -0.4970
vn -0.0031 -0.8486 -0.5290
vn -0.0050 0.3414 0.9399
vn -0.0129 0.2922 0.9563
vn -0.0359 0.2103 0.9770
vn -0.3816 0.0177 0.9242
vn -0.8214 -0.3606 0.4419
vn -0.3026 -0.7211 0.6232
vn -0.0511 -0.7497 0.6598
vn -0.0013 -0.7477 0.6641
vn 0.1071 -0.4521 0.8855
vn 0.8307 -0.4889 0.2664
vn 0.9225 -0.1109 0.3697
vn 0.1764 -0.3567 0.9174
vn 0.8927 -0.2490 -0.3756
vn 0.9095 -0.0166 -0.4154
vn 0.7351 -0.0249 -0.6775
vn 0.0225 0.5187 -0.8546
vn -0.0452 0.2382 -0.9702
vn 0.7234 0.2061 -0.6589
vn -0.0998 0.5932 -0.7988
vn 0.3642 -0.0700 -0.9287
vn -0.1811 0.6399 -0.7468
vn -0.0686 0.0589 -0.9959
vn -0.8803 0.3843 -0.2783
vn -0.6337 -0.6273 -0.4527
vn -0.6936 0.6641 0.2791
vn -0.8352 0.5435 0.0845
vn -0.9597 -0.0026 -0.2811
vn -0.7469 0.1068 0.6563
vn -0.4625 -0.7869 0.4086
vn -0.6592 -0.1937 0.7266
vn -0.2153 -0.8013 0.5581
vn 0.4097 -0.8644 -0.2916
vn 0.8592 -0.4994 0.1113
vn 0.9788 -0.1817 0.0943
vn 0.1086 -0.6702 0.7342
vn -0.6629 -0.3631 0.6547
vn 0.3321 -0.5862 0.7390
vn -0.6150 -0.5417 0.5731
vn -0.8528 -0.2806 -0.4405
vn -0.6901 -0.5644 0.4531
vn -0.1059 0.1746 -0.9789
vn 0.7093 0.3769 -0.5956
vn 0.2254 -0.5085 0.8311
vn -0.6396 -0.5787 -0.5060
vn -0.2555 -0.9534 -0.1606
vn 0.8783 -0.1212 0.4624
vn 0.0312 -0.0737 -0.9968
vn 0.6131 0.5348 -0.5815
vn 0.9527 0.0242 0.3031
vn 0.7912 0.4607 0.4023
vn 0.8267 -0.5618 -0.0301
vn 0.5751 -0.7446 -0.3387
vn 0.4322 -0.6829 -0.5889
vn 0.7984 -0.5822 -0.1539
vn 0.4245 -0.8462 -0.3221
vn 0.7826 -0.6223 -0.0170
vn 0.4218 -0.8876 -0.1850
vn 0.7335 -0.6794 0.0209
vn 0.3571 -0.8848 -0.2993
vn 0.7275 -0.5999 -0.3330
vn -0.0624 -0.9305 -0.3609
vn -0.0900 -0.7957 -0.5990
vn -0.6720 -0.6114 -0.4178
vn -0.5665 -0.5867 -0.5787
vn -0.8914 -0.1704 -0.4199
vn -0.8030 -0.3486 -0.4833
vn 0.0188 -0.8663 -0.4991
vn -0.5330 -0.5681 -0.6271
vn -0.7797 -0.1500 -0.6079
vn 0.1085 -0.7144 -0.6913
vn -0.5813 -0.2977 -0.7573
vn -0.8220 0.1158 -0.5576
vn -0.4357 -0.2886 -0.8526
vn -0.7738 0.0596 -0.6307
vn 0.1297 -0.5814 -0.8032
vn -0.8839 0.3717 -0.2838
vn -0.8386 0.1533 -0.5228
vn -0.8458 0.3598 -0.3938
vn -0.8312 0.4393 -0.3408
vn -0.8468 0.4427 -0.2947
vn -0.3401 0.9397 -0.0369
vn -0.3547 0.8139 -0.4602
vn 0.3174 0.9426 0.1037
vn 0.4066 0.8906 -0.2038
vn 0.9698 0.0177 -0.2434
vn 0.9831 0.0408 0.1786
vn 0.6700 0.7084 -0.2220
vn 0.7221 0.6596 0.2086
vn 0.9458 0.0264 0.3237
vn 0.6213 0.5618 0.5463
vn 0.0924 0.8584 0.5046
vn -0.4917 0.8584 0.1461
vn 0.8949 -0.0626 0.4418
vn 0.5522 0.4369 0.7100
vn -0.6025 0.7833 0.1535
vn -0.0180 0.7691 0.6389
vn 0.8452 -0.1613 0.5095
vn 0.4770 0.3190 0.8189
vn -0.1272 0.7203 0.6820
vn -0.6177 0.7583 0.2081
vn 0.0724 -0.5361 -0.8410
vn -0.5421 -0.1479 -0.8272
vn 0.0785 -0.4358 -0.8966
vn -0.4666 -0.1436 -0.8727
vn 0.1404 -0.5507 -0.8228
vn -0.5484 -0.2386 -0.8015
vn 0.0867 -0.5807 -0.8095
vn -0.5101 -0.3564 -0.7828
vn -0.0131 -0.7599 -0.6499
vn -0.5445 -0.5604 -0.6241
vn -0.1724 -0.8742 -0.4539
vn -0.6370 -0.6721 -0.3775
vn -0.2226 -0.9369 -0.2696
vn -0.6768 -0.7146 -0.1770
vn -0.2853 -0.9481 -0.1404
vn -0.6568 -0.7475 -0.1000
vn -0.3988 -0.9169 -0.0125
vn -0.6818 -0.7304 -0.0415
vn -0.3504 -0.9321 0.0918
vn -0.6718 -0.7406 -0.0123
vn -0.3813 -0.9202 0.0886
vn -0.7071 -0.7032 -0.0747
vn -0.4060 -0.9131 -0.0363
vn -0.7250 -0.6559 -0.2102
vn 0.5208 -0.6077 -0.5996
vn 0.4595 -0.5448 -0.7014
vn 0.5811 -0.5746 -0.5763
vn 0.4832 -0.6215 -0.6166
vn 0.4322 -0.7469 -0.5053
vn 0.4155 -0.8165 -0.4010
vn 0.2747 -0.9110 -0.3077
vn 0.2835 -0.9436 -0.1709
vn 0.2066 -0.9784 -0.0090
vn 0.1577 -0.9732 0.1671
vn 0.0743 -0.9681 0.2394
vn -0.0115 -0.9958 0.0908
vn -0.8878 -0.3951 -0.2362
vn -0.8320 -0.4412 -0.3364
vn -0.8950 -0.4306 -0.1161
vn -0.8901 -0.4523 -0.0555
vn -0.8544 -0.5170 -0.0517
vn -0.9052 -0.4179 -0.0769
vn -0.8982 -0.3580 -0.2552
vn -0.8388 -0.2586 -0.4790
vn -0.8393 -0.0610 -0.5403
vn -0.8336 0.2393 -0.4978
vn -0.7896 0.1468 -0.5958
vn -0.8776 0.1097 -0.4667
vn -0.8447 0.5161 -0.1418
vn -0.8795 0.4661 -0.0962
vn -0.9281 0.3704 -0.0391
vn -0.9589 0.2650 -0.1013
vn -0.9738 0.1904 -0.1244
vn -0.9882 0.1525 0.0120
vn -0.9912 0.0869 0.1002
vn -0.9995 -0.0076 0.0311
vn -0.9935 0.0699 -0.0899
vn -0.9457 0.1851 -0.2672
vn -0.8841 0.2019 -0.4214
vn -0.8076 0.1217 -0.5771
vn 0.8105 -0.5488 -0.2049
vn 0.8065 -0.5173 -0.2865
vn 0.8514 -0.4756 -0.2210
vn 0.8093 -0.5133 -0.2856
vn 0.8277 -0.5145 -0.2240
vn 0.8852 -0.4241 -0.1911
vn 0.8431 -0.4803 -0.2416
vn 0.8800 -0.4364 -0.1874
vn 0.9136 -0.4056 -0.0279
vn 0.7492 -0.6221 0.2273
vn 0.6821 -0.6482 0.3386
vn 0.6665 -0.7267 0.1666
vn 0.8344 -0.2341 0.4989
vn 0.4004 0.2347 0.8858
vn -0.1643 0.6117 0.7739
vn -0.6229 0.7033 0.3426
vn -0.6633 0.6083 0.4359
vn -0.2698 0.5365 0.7996
vn 0.8488 -0.2157 0.4827
vn 0.3340 0.2386 0.9119
vn -0.3052 0.5165 0.8001
vn 0.3717 0.2790 0.8854
vn 0.8866 -0.1552 0.4357
vn -0.7327 0.5248 0.4332
vn -0.7405 0.5463 0.3915
vn -0.2483 0.6311 0.7349
vn 0.4865 0.3952 0.7792
vn 0.9386 -0.1203 0.3232
vn -0.2227 0.7930 0.5671
vn 0.5013 0.6189 0.6046
vn -0.2108 0.8841 0.4169
vn 0.4866 0.7847 0.3840
vn 0.9603 0.0501 0.2743
vn 0.9651 0.2296 0.1259
vn -0.7336 0.6098 0.3001
vn -0.7132 0.6414 0.2827
vn -0.1836 0.9404 0.2862
vn 0.4727 0.8642 0.1723
vn 0.9389 0.3418 -0.0410
vn -0.7073 0.6571 0.2607
vn 0.6154 0.7881 0.0119
vn 0.9545 0.2801 -0.1028
vn -0.7292 0.6734 0.1215
vn -0.0663 0.9914 0.1129
vn 0.9716 0.2362 -0.0123
vn 0.6741 0.7376 -0.0392
vn -0.0036 0.9976 -0.0696
vn -0.6973 0.7108 -0.0923
vn 0.1198 0.9653 -0.2320
vn 0.7306 0.6820 -0.0326
vn -0.5511 0.7692 -0.3234
vn 0.9818 0.1120 0.1531
vn 0.9763 0.0655 0.2062
vn 0.7346 0.6734 -0.0831
vn 0.9942 0.0705 0.0815
vn 0.7442 0.6506 -0.1511
vn 0.1129 0.9210 -0.3730
vn 0.2098 0.8886 -0.4080
vn -0.4643 0.7400 -0.4866
vn -0.3268 0.7483 -0.5773
vn 0.4733 -0.6763 -0.5645
vn 0.8841 0.0630 -0.4631
vn 0.1028 0.4966 -0.8619
vn -0.3352 -0.1813 -0.9246
vn 0.7822 0.5510 -0.2907
vn 0.3329 0.7940 -0.5086
vn -0.3864 -0.8984 -0.2087
vn -0.6326 -0.7191 -0.2876
vn -0.6249 -0.6445 -0.4407
vn -0.1788 -0.9488 -0.2603
vn 0.4416 0.8875 -0.1318
vn 0.4155 0.9034 -0.1062
vn -0.6798 -0.1327 -0.7213
vn -0.6629 0.2489 -0.7061
vn -0.0238 0.2370 -0.9712
vn 0.0293 0.0825 -0.9962
vn -0.4590 -0.2099 -0.8633
vn -0.0230 -0.3364 -0.9414
vn 0.1816 0.2071 -0.9613
vn -0.5206 -0.0224 -0.8535
vn 0.3932 -0.4544 -0.7994
vn 0.6416 -0.2156 -0.7361
vn 0.8106 0.0013 -0.5856
vn -0.3859 -0.0772 -0.9193
vn 0.0085 -0.2361 -0.9717
vn 0.3519 -0.2978 -0.8874
vn 0.2972 0.1988 -0.9339
vn -0.3408 0.1301 -0.9311
vn 0.2628 0.4201 -0.8686
vn -0.1706 0.3736 -0.9118
vn -0.2860 -0.0024 -0.9582
vn 0.0493 0.1974 -0.9791
vn 0.0194 -0.2364 -0.9715
vn 0.5067 -0.0167 -0.8619
vn 0.3413 -0.4755 -0.8108
vn 0.7662 -0.3920 -0.5092
vn -0.4468 0.7990 -0.4024
vn -0.6148 0.4767 -0.6283
vn 0.2861 0.9302 0.2298
vn 0.4877 0.6630 0.5680
vn 0.1299 0.9010 0.4140
vn 0.3256 0.6574 0.6796
vn 0.4783 0.4339 0.7635
vn 0.4468 0.5487 0.7065
vn 0.3634 0.9285 0.0766
vn -0.2318 0.8251 -0.5153
vn -0.2184 0.8080 -0.5473
vn -0.5496 0.4891 -0.6773
vn -0.2866 0.5910 -0.7541
vn 0.2870 0.6553 0.6987
vn 0.2879 0.7089 0.6439
vn 0.3895 0.8488 0.3575
vn 0.0548 0.5119 0.8573
vn 0.4513 0.4968 0.7413
vn 0.9045 -0.0931 0.4162
vn 0.8711 -0.1578 0.4650
vn 0.6718 0.3342 0.6610
vn 0.7181 0.4425 -0.5372
vn 0.0981 0.9657 -0.2404
vn 0.1326 0.9905 -0.0368
vn 0.7328 0.4156 -0.5388
vn -0.5302 0.5153 0.6733
vn -0.3551 0.7975 0.4878
vn -0.5624 -0.3465 0.7508
vn -0.3237 -0.1555 0.9333
vn -0.2514 -0.9287 -0.2727
vn 0.3957 -0.8745 0.2807
vn 0.7110 -0.3127 -0.6298
vn 0.8714 -0.2110 -0.4429
vn -0.8259 -0.3516 0.4406
vn -0.6495 -0.4366 0.6225
vn -0.3346 -0.8249 -0.4556
vn -0.4853 -0.7079 -0.5132
vn -0.8077 -0.5315 0.2554
vn -0.1134 -0.9765 -0.1834
vn -0.4219 -0.3409 0.8401
vn 0.5115 -0.6300 0.5844
vn -0.3836 -0.0656 0.9212
vn -0.2786 0.3249 0.9038
vn 0.9653 -0.2400 -0.1031
vn 0.6554 -0.5505 -0.5170
vn 0.6731 -0.3448 -0.6543
vn 0.7357 -0.2748 -0.6191
vn 0.6381 0.2408 0.7313
vn 0.9859 0.0344 -0.1640
vn 0.5902 0.7049 0.3934
vn 0.9144 0.2760 -0.2962
vn -0.1909 0.9319 -0.3083
vn 0.5611 0.4792 -0.6749
vn 0.9302 -0.1054 -0.3515
vn 0.7535 -0.4343 0.4936
vn -0.1062 -0.1279 0.9861
vn -0.4737 0.6192 0.6263
vn 0.0966 0.9930 0.0674
vn 0.1892 0.9784 -0.0828
vn 0.4118 0.0961 0.9062
vn 0.6132 0.5532 -0.5638
vn 0.9334 -0.0493 -0.3555
vn 0.5991 -0.6339 0.4892
vn 0.3865 -0.8950 0.2228
vn 0.3337 -0.7987 0.5007
vn 0.6223 -0.7776 -0.0902
vn 0.8964 -0.1848 0.4028
vn 0.7583 0.6009 -0.2527
vn 0.9278 -0.3029 0.2177
vn 0.8103 0.5698 -0.1368
vn 0.8623 -0.4165 -0.2882
vn 0.8893 0.4352 -0.1404
vn 0.8907 -0.3743 -0.2578
vn 0.9061 0.4143 0.0855
vn 0.9051 -0.3399 -0.2555
vn 0.8717 0.3255 0.3662
vn 0.8198 -0.5148 -0.2508
vn 0.9495 -0.0752 0.3045
vn 0.1775 -0.9708 0.1615
vn 0.2499 -0.3865 0.8878
vn 0.1207 0.3982 0.9093
vn 0.0928 0.8251 0.5574
vn -0.0916 0.9956 0.0179
vn -0.0132 0.9998 -0.0161
vn -0.1357 -0.8736 -0.4673
vn -0.1784 -0.8848 -0.4305
vn -0.1694 -0.9182 -0.3581
vn -0.0082 -0.9365 0.3505
vn -0.7268 -0.6823 0.0786
vn -0.6532 -0.1518 0.7418
vn -0.7655 0.0666 0.6400
vn -0.8927 -0.4366 0.1118
vn -0.9024 -0.3847 0.1938
vn -0.9211 -0.3355 0.1975
vn -0.8063 -0.2756 0.5233
vn -0.6959 0.6266 0.3508
vn -0.8709 0.3944 0.2932
vn -0.8134 0.3050 0.4953
vn 0.2024 -0.6194 0.7585
vn -0.6034 -0.1931 0.7737
vn 0.2180 -0.6916 0.6886
vn 0.1391 -0.8973 0.4189
vn 0.0621 -0.0950 0.9935
vn 0.0563 -0.8286 0.5569
vn -0.1182 -0.9519 0.2826
vn -0.0547 -0.8703 0.4895
vn -0.0578 -0.6641 0.7454
vn 0.7264 -0.1080 0.6787
vn -0.0919 -0.8556 0.5094
vn 0.8181 -0.2494 0.5182
vn -0.7625 0.5439 0.3503
vn -0.1155 0.9651 0.2351
vn 0.7416 0.6326 0.2234
vn -0.1281 0.9777 -0.1665
vn -0.0880 0.9842 0.1535
vn 0.7038 0.6689 0.2394
vn -0.1139 0.9825 -0.1475
vn -0.3093 0.9116 0.2706
vn -0.2446 0.9686 -0.0448
vn 0.5534 0.8318 0.0428
vn 0.4285 0.8185 0.3827
vn 0.3287 0.8689 0.3702
vn 0.5473 0.7969 0.2557
vn 0.8306 0.4252 -0.3596
vn 0.8303 0.4880 -0.2691
vn 0.0389 0.9379 0.3446
vn 0.0982 0.8693 0.4844
vn -0.0816 0.8402 0.5360
vn -0.0537 0.8877 0.4573
vn -0.3255 0.9263 0.1899
vn -0.2829 0.8440 0.4557
vn -0.8434 0.5112 0.1652
vn -0.8494 0.5269 0.0293
vn -0.8663 0.4992 -0.0195
vn -0.8713 0.4615 -0.1669
vn -0.9327 0.3585 0.0388
vn -0.9065 -0.2779 0.3178
vn -0.9243 -0.2211 0.3110
vn -0.9688 -0.2006 0.1455
vn -0.5021 -0.8268 0.2536
vn 0.9309 -0.3381 0.1380
vn 0.8593 0.5062 0.0729
vn 0.9236 -0.3716 0.0946
vn 0.7812 0.5012 0.3723
vn 0.9252 -0.3762 0.0505
vn 0.7930 0.1345 0.5942
vn 0.7705 -0.6372 0.0176
vn 0.8520 -0.2607 0.4539
vn 0.0588 -0.9832 -0.1731
vn 0.0422 -0.9220 -0.3849
vn -0.0059 -0.8554 -0.5180
vn -0.0613 -0.9951 0.0771
vn -0.0508 -0.4202 0.9060
vn -0.1095 0.4134 0.9039
vn -0.1921 0.8782 0.4381
vn -0.1012 0.9905 -0.0936
vn -0.9280 -0.3536 -0.1176
vn -0.9423 -0.3164 -0.1095
vn -0.9386 -0.3169 -0.1364
vn -0.8623 -0.5058 -0.0269
vn -0.8203 -0.0430 0.5704
vn -0.9284 0.1572 0.3368
vn -0.9081 0.4012 0.1197
vn -0.8952 0.4236 -0.1383
vn 0.9172 0.3759 0.1323
vn 0.5559 0.5452 0.6275
vn 0.9232 0.1753 -0.3419
vn 0.1990 0.5393 0.8183
vn -0.1455 0.4994 0.8541
vn -0.6194 0.5483 0.5619
vn -0.9214 0.2750 0.2746
vn 0.8904 0.1539 -0.4284
vn 0.8219 0.1444 -0.5511
vn 0.7600 0.1155 -0.6395
vn 0.6138 -0.7374 -0.2820
vn 0.5582 -0.7075 -0.4334
vn 0.4914 -0.7168 -0.4946
vn -0.9802 0.1491 0.1303
vn -0.6220 -0.7767 0.0992
vn -0.9673 0.2522 -0.0256
vn -0.7092 -0.7048 -0.0163
vn -0.9556 0.2659 -0.1272
vn -0.7228 -0.6776 -0.1361
vn 0.0197 -0.9998 0.0005
vn 0.0049 -1.0000 0.0002
vn -0.0052 -1.0000 0.0078
vn -0.0101 -0.9999 -0.0029
vn 0.0028 -1.0000 -0.0061
vn 0.0112 -0.9999 -0.0095
vn 0.0272 -0.9995 -0.0173
vn 0.0024 -1.0000 -0.0069
vn -0.0188 -0.9998 -0.0025
vn -0.6407 -0.7012 -0.3127
vn -0.9272 0.0348 -0.3729
vn 0.6434 0.0361 -0.7647
vn 0.4037 -0.7126 -0.5738
vn 0.8455 0.0400 -0.5325
vn 0.9936 -0.0192 -0.1115
vn 0.8744 -0.0743 -0.4794
vn 0.8674 0.4878 0.0989
vn 0.7848 0.5130 -0.3477
vn 0.8716 0.0593 -0.4867
vn 0.9482 0.3178 -0.0044
vn 0.9429 0.1112 0.3138
vn 0.9653 0.1951 0.1738
vn 0.9699 -0.1901 -0.1520
vn 0.7995 -0.2790 -0.5320
vn 0.8781 -0.0812 -0.4716
vn 0.9798 0.1989 -0.0224
vn 0.8943 0.4304 0.1226
vn 0.8090 0.5082 -0.2953
vn 0.9026 -0.0347 -0.4291
vn 0.6770 0.3186 -0.6635
vn 0.7957 0.1166 -0.5944
vn 0.7492 0.1096 -0.6532
vn 0.8475 0.0216 -0.5304
vn -0.9418 0.0784 -0.3268
vn -0.9947 0.0593 -0.0834
vn -0.9436 -0.0535 0.3266
vn -0.9397 0.3242 -0.1085
vn -0.9998 -0.0008 0.0173
vn -0.8290 0.4932 0.2637
vn -0.8220 -0.0222 0.5691
vn -0.6274 0.2210 0.7466
vn -0.7069 0.4397 0.5540
vn -0.8002 0.1586 0.5783
vn -0.1570 0.1156 0.9808
vn 0.2283 0.0984 0.9686
vn 0.6222 0.0512 0.7812
vn 0.6418 0.5103 0.5725
vn 0.1467 0.5727 0.8065
vn -0.3591 0.5549 0.7504
vn -0.3632 0.3837 0.8490
vn 0.1755 0.4246 0.8882
vn 0.6500 0.4450 0.6160
vn 0.7426 0.1646 0.6492
vn 0.2735 0.1618 0.9482
vn -0.3006 0.0111 0.9537
vn -0.7437 -0.0299 0.6678
vn -0.9404 -0.1628 0.2985
vn -0.9509 -0.2046 -0.2322
vn -0.9601 -0.2623 -0.0972
vn -0.9577 -0.0704 -0.2791
vn -0.9504 0.1014 -0.2942
vn -0.9822 -0.1866 -0.0203
vn -0.9681 0.2133 0.1314
vn -0.8362 0.2216 0.5018
vn -0.8658 0.0102 0.5003
vn -0.4018 0.3744 0.8357
vn -0.3635 0.1386 0.9212
vn 0.6775 0.5215 0.5187
vn 0.7364 0.3006 0.6061
vn 0.1881 0.5910 0.7844
vn 0.2039 0.3542 0.9127
vn 0.9711 0.1329 0.1983
vn 0.9642 -0.1931 -0.1816
vn 0.8000 -0.2314 -0.5536
vn 0.9009 -0.0909 -0.4244
vn 0.8138 0.1461 -0.5625
vn 0.9415 0.0181 -0.3365
vn 0.9014 0.3713 -0.2227
vn 0.9865 0.0676 -0.1489
vn 0.8714 0.4567 0.1791
vn 0.9372 0.3330 0.1038
vn 0.7474 0.2434 0.6182
vn 0.6345 0.5049 0.5853
vn 0.9460 -0.0906 0.3111
vn 0.7021 -0.0054 -0.7121
vn 0.8076 -0.1510 -0.5701
vn 0.8365 -0.2074 -0.5071
vn 0.5569 0.0041 -0.8306
vn 0.3486 -0.0882 -0.9331
vn 0.2139 -0.7114 -0.6694
vn -0.4700 -0.6989 -0.5391
vn -0.6712 -0.0571 -0.7391
vn -0.6962 -0.0154 -0.7177
vn -0.7655 -0.1435 -0.6272
vn -0.8032 -0.2998 -0.5148
vn -0.9377 -0.3176 -0.1407
vn -0.9203 -0.3784 -0.0995
vn -0.9167 -0.3094 0.2528
vn -0.9532 -0.2204 -0.2068
vn -0.9985 0.0337 -0.0427
vn -0.9149 -0.4032 0.0212
vn -0.9520 -0.0256 0.3050
vn -0.8037 -0.0531 0.5926
vn -0.8021 0.2591 0.5380
vn -0.7148 -0.4766 0.5118
vn -0.3805 0.0179 0.9246
vn 0.2158 0.2432 0.9457
vn 0.1356 0.6293 0.7652
vn -0.3997 0.4735 0.7849
vn -0.2932 -0.5007 0.8145
vn 0.4291 -0.3003 0.8519
vn -0.7853 -0.3179 -0.5313
vn -0.1354 -0.7173 -0.6834
vn -0.1694 -0.0760 -0.9826
vn -0.1570 -0.0761 -0.9847
vn -0.0733 -0.3276 -0.9420
vn 0.0060 -0.4529 -0.8915
vn 0.0199 -0.4100 -0.9119
vn -0.0378 -0.9988 -0.0311
vn 0.0263 -0.9986 -0.0459
vn -0.0035 -0.9995 -0.0302
vn 0.9945 0.0417 0.0961
vn 0.9781 0.1905 0.0842
vn 0.8698 0.4441 -0.2152
vn 0.8455 0.4601 -0.2711
vn -0.9215 -0.1434 -0.3611
vn -0.9208 -0.1492 -0.3603
vn -0.7615 0.3516 -0.5445
vn -0.7263 0.3463 -0.5938
vn 0.9931 0.0174 -0.1158
vn 0.8173 0.4036 -0.4112
vn 0.6245 0.1865 -0.7584
vn -0.0442 -0.0580 -0.9973
vn 0.1105 0.5019 -0.8579
vn -0.7260 -0.1418 -0.6729
vn -0.6647 0.2072 -0.7178
vn 0.1269 0.7086 -0.6941
vn 0.1129 0.7297 -0.6744
vn 0.1337 0.7524 -0.6450
vn -0.6590 0.3270 -0.6773
vn 0.8534 0.4428 -0.2750
vn 0.9856 0.1432 -0.0894
vn 0.9072 -0.3909 -0.1555
vn 0.3654 -0.9282 -0.0696
vn 0.0554 -0.9956 0.0752
vn -0.1302 -0.9823 0.1344
vn -0.7116 -0.6943 -0.1076
vn -0.9035 -0.0971 -0.4175
vn 0.9779 0.2000 -0.0610
vn 0.8508 0.4395 -0.2881
vn 0.9552 0.2946 0.0276
vn 0.8149 0.5503 -0.1820
vn 0.9529 -0.2885 -0.0937
vn 0.9726 -0.1612 0.1674
vn 0.4549 -0.8905 0.0109
vn 0.4854 -0.7632 0.4265
vn -0.0316 -0.9993 0.0201
vn -0.0257 -0.9803 0.1957
vn -0.2493 -0.9680 0.0291
vn -0.3420 -0.9360 0.0837
vn -0.7580 -0.6451 -0.0958
vn -0.7719 -0.6334 -0.0546
vn -0.8501 -0.1574 -0.5025
vn -0.7526 -0.3133 -0.5791
vn -0.6570 0.3648 -0.6597
vn -0.3979 0.4796 -0.7821
vn 0.1469 0.7837 -0.6035
vn 0.0884 0.8689 -0.4871
vn 0.8261 0.0253 0.5629
vn 0.8745 0.4318 0.2207
vn 0.6014 0.3341 0.7257
vn 0.6722 0.6059 0.4255
vn 0.2822 0.5193 0.8067
vn 0.4424 0.7774 0.4472
vn 0.0144 0.5794 0.8149
vn 0.3196 0.8483 0.4222
vn 0.2987 -0.4767 0.8268
vn 0.1204 -0.2079 0.9707
vn -0.1916 -0.0339 0.9809
vn -0.4848 0.0527 0.8730
vn -0.0541 -0.8147 0.5773
vn -0.3219 -0.5314 0.7836
vn -0.6556 -0.3259 0.6812
vn -0.8097 -0.1840 0.5572
vn 0.3081 0.4546 -0.8357
vn -0.2253 -0.4455 -0.8665
vn -0.1572 -0.9618 0.2242
vn -0.7728 -0.6346 -0.0102
vn -0.0860 0.8207 -0.5648
vn -0.0256 0.7846 -0.6195
vn 0.1032 0.9937 0.0446
vn 0.2010 0.9600 -0.1950
vn 0.2573 0.9318 -0.2561
vn 0.7503 0.6611 0.0103
vn 0.2749 0.9401 0.2017
vn 0.5528 0.7542 0.3543
vn 0.4491 0.8506 0.2734
vn 0.1505 0.4773 0.8658
vn -0.4554 -0.1284 0.8810
vn -0.6770 -0.4675 0.5685
vn -0.7626 -0.6148 0.2014
vn -0.4494 -0.8368 0.3126
vn -0.8723 -0.3879 0.2977
vn -0.7931 -0.4823 0.3720
vn -0.6380 -0.6372 0.4324
vn -0.2319 -0.8921 0.3878
vn 0.2018 -0.7376 0.6444
vn 0.3656 -0.5221 0.7705
vn 0.5510 -0.7831 0.2882
vn 0.5239 0.0906 0.8470
vn 0.7315 0.1334 0.6686
vn 0.7158 0.1674 0.6780
vn 0.9130 0.3272 0.2435
vn 0.9398 0.1218 0.3191
vn 0.6256 0.7589 0.1809
vn 0.5412 0.7187 0.4367
vn 0.3342 0.9382 0.0898
vn 0.2335 0.9266 0.2949
vn 0.8908 0.2280 0.3931
vn 0.9634 -0.2350 -0.1293
vn 0.6522 -0.0519 0.7563
vn 0.7847 -0.3900 0.4818
vn 0.3537 -0.1797 0.9179
vn 0.5081 -0.4651 0.7250
vn 0.4344 -0.4982 0.7504
vn 0.4336 -0.5148 0.7395
vn 0.7864 -0.2998 0.5401
vn 0.7327 -0.3307 0.5948
vn 0.9829 -0.0000 0.1839
vn 0.9588 -0.0578 0.2783
vn 0.9097 -0.0982 0.4034
vn 0.8872 -0.0238 0.4608
vn 0.3854 -0.4919 0.7807
vn 0.3508 -0.8029 0.4820
vn 0.3107 -0.7697 0.5576
vn 0.9029 -0.0432 0.4276
vn 0.9434 -0.0337 0.3299
vn 0.8646 -0.4586 0.2054
vn 0.9420 -0.3068 0.1359
vn 0.8503 -0.4227 0.3134
vn 0.8898 -0.3902 0.2367
vn 0.5813 -0.6365 0.5069
vn 0.6855 -0.6148 0.3900
vn 0.7336 -0.2765 0.6208
vn 0.3151 -0.7220 0.6160
vn 0.2536 -0.9486 0.1892
vn 0.2014 -0.9406 0.2735
vn 0.8390 -0.4039 0.3646
vn 0.9205 -0.3022 0.2478
vn 0.7406 -0.6525 0.1607
vn 0.8071 -0.5877 -0.0561
vn 0.6769 -0.7091 0.1976
vn 0.6934 -0.7183 0.0567
vn 0.4185 -0.8760 0.2397
vn 0.5098 -0.8542 0.1027
vn 0.6208 -0.6064 0.4969
vn 0.6211 -0.7630 0.1790
vn 0.6724 -0.7383 0.0534
vn 0.5782 -0.8026 0.1467
vn 0.5300 -0.8422 0.0985
vn 0.5351 -0.7504 0.3881
vn 0.1789 -0.9768 0.1178
vn 0.2712 -0.9621 0.0267
vn 0.2232 -0.8684 0.4427
vn 0.5486 -0.8281 0.1153
vn 0.6545 -0.7542 0.0524
vn 0.4594 -0.8882 0.0008
vn 0.4426 -0.8966 0.0176
vn 0.2860 -0.9502 0.1241
vn 0.1619 -0.9854 0.0521
vn 0.4982 -0.8627 -0.0868
vn 0.6456 -0.7587 -0.0872
vn 0.4190 -0.9009 -0.1132
vn 0.4507 -0.8809 -0.1445
vn 0.2790 -0.9588 -0.0541
vn 0.1080 -0.9905 -0.0853
vn 0.4136 -0.9012 -0.1294
vn 0.6746 -0.7351 -0.0679
vn 0.4637 -0.8643 -0.1947
vn 0.6178 -0.7579 -0.2094
vn 0.4611 -0.8545 -0.2391
vn 0.6552 -0.6983 -0.2881
vn 0.2453 -0.9172 -0.3140
vn 0.5466 -0.7229 -0.4226
vn 0.3583 -0.9332 0.0262
vn 0.2697 -0.9459 -0.1801
vn 0.3287 -0.9016 -0.2813
vn 0.3549 -0.8436 -0.4031
vn 0.0025 -0.9461 -0.3238
vn 0.4024 -0.6997 -0.5903
vn 0.3437 -0.7752 -0.5300
vn 0.8555 -0.1413 0.4981
vn 0.8041 -0.1951 0.5615
vn 0.9792 0.2027 0.0071
vn 0.9956 0.0925 -0.0121
vn 0.8049 0.4297 -0.4092
vn 0.8294 0.3337 -0.4480
vn 0.8904 0.4536 0.0383
vn 0.7328 0.5723 -0.3680
vn 0.6481 0.7616 -0.0001
vn 0.5722 0.7602 -0.3076
vn 0.3071 0.9497 -0.0614
vn 0.3206 0.8813 -0.3473
vn 0.4656 0.6082 -0.6429
vn 0.4889 0.5133 -0.7053
vn 0.4049 0.7414 -0.5352
vn 0.7000 -0.7043 0.1182
vn 0.6850 -0.7251 0.0707
vn 0.9866 -0.0540 -0.1541
vn 0.9936 -0.0306 -0.1088
vn 0.8739 0.4032 -0.2715
vn 0.8765 0.4470 -0.1787
vn 0.5844 0.7349 -0.3441
vn 0.5789 0.7562 -0.3050
vn 0.7312 -0.6693 0.1320
vn 0.7424 -0.6361 0.2101
vn 0.7929 -0.5555 0.2504
vn 0.8263 -0.4687 0.3123
vn 0.8021 -0.4250 0.4195
vn 0.8822 -0.2940 0.3678
vn 0.9053 -0.1530 0.3963
vn 0.5380 0.4484 -0.7138
vn 0.5499 0.4828 -0.6815
vn 0.5562 0.6665 -0.4964
vn 0.5576 0.5768 -0.5970
vn 0.5565 0.5338 -0.6367
vn 0.5078 0.4583 -0.7295
vn 0.5261 0.4383 -0.7288
vn 0.8546 0.3604 -0.3738
vn 0.9780 -0.0468 -0.2035
vn 0.8482 0.3044 -0.4335
vn 0.9748 -0.0547 -0.2165
vn 0.8397 0.2726 -0.4697
vn 0.9755 -0.0408 -0.2161
vn 0.8366 0.2536 -0.4856
vn 0.9795 -0.0262 -0.1999
vn 0.8297 0.2530 -0.4975
vn 0.9865 -0.0028 -0.1635
vn 0.8338 0.2560 -0.4892
vn 0.9922 0.0333 -0.1202
vn 0.8351 0.2794 -0.4739
vn 0.9936 0.0722 -0.0869
vn 0.2667 -0.9549 -0.1303
vn 0.2961 -0.9202 -0.2559
vn 0.4392 -0.8674 -0.2342
vn 0.6223 -0.7825 -0.0198
vn 0.5746 -0.8141 -0.0841
vn 0.5173 -0.8484 -0.1122
vn 0.4963 -0.8525 -0.1639
vn 0.4936 -0.8469 -0.1978
vn 0.8754 -0.3814 -0.2969
vn 0.7865 -0.5365 -0.3061
vn 0.9208 0.3087 -0.2384
vn 0.9327 0.1621 -0.3223
vn 0.5873 0.7801 -0.2156
vn 0.5987 0.7079 -0.3747
vn 0.5155 0.8460 -0.1360
vn 0.5227 0.8407 -0.1418
vn 0.5704 0.8064 -0.1558
vn 0.5468 0.8250 -0.1427
vn 0.5398 0.8019 -0.2562
vn 0.5255 0.8361 -0.1575
vn 0.9064 0.3707 -0.2025
vn 0.9365 -0.2663 -0.2283
vn 0.8935 0.4021 -0.2000
vn 0.9473 -0.2218 -0.2312
vn 0.8812 0.4352 -0.1847
vn 0.9565 -0.1945 -0.2173
vn 0.8753 0.4579 -0.1557
vn 0.9713 -0.1632 -0.1733
vn 0.8670 0.4788 -0.1377
vn 0.9845 -0.1188 -0.1288
vn 0.8654 0.4818 -0.1377
vn 0.9930 -0.0634 -0.0998
vn 0.4221 -0.9043 -0.0640
vn 0.4587 -0.8866 0.0598
vn 0.5629 -0.8238 0.0679
vn 0.6278 -0.7765 -0.0536
vn 0.8354 -0.4646 -0.2937
vn 0.8477 -0.4820 -0.2215
vn 0.8502 -0.1755 -0.4963
vn 0.8224 -0.2199 -0.5248
vn 0.5912 0.1235 -0.7970
vn 0.6101 -0.0080 -0.7923
vn 0.5756 -0.2019 -0.7924
vn 0.6925 -0.6010 -0.3991
vn 0.8538 -0.3729 -0.3634
vn 0.8290 -0.3251 -0.4550
vn 0.7825 -0.5738 -0.2416
vn 0.7957 -0.5786 -0.1790
vn 0.8854 -0.1202 -0.4491
vn 0.9048 0.0422 -0.4238
vn 0.6043 0.3741 -0.7035
vn 0.5792 0.5949 -0.5573
vn 0.7250 0.6616 -0.1916
vn 0.9003 0.3366 -0.2760
vn 0.4358 0.8885 -0.1436
vn 0.3282 0.9324 -0.1511
vn 0.5877 0.7986 -0.1297
vn 0.7537 0.6106 -0.2430
vn 0.8109 0.0262 -0.5846
vn 0.3708 -0.5701 -0.7332
vn 0.5280 -0.8459 0.0757
vn 0.3896 -0.8761 0.2839
vn 0.4107 0.7907 -0.4541
vn 0.2798 0.9370 -0.2093
vn 0.5496 0.6516 0.5229
vn 0.4837 0.7180 0.5005
vn 0.3772 0.9137 0.1515
vn 0.5102 0.8518 0.1184
vn 0.3912 0.8860 -0.2491
vn 0.2185 0.9590 -0.1804
vn 0.2865 0.9486 -0.1345
vn 0.5654 0.7729 -0.2882
vn 0.3840 0.8724 -0.3026
vn 0.2628 0.9648 -0.0081
vn 0.2163 0.9738 -0.0700
vn 0.3330 -0.8858 0.3233
vn 0.7807 0.4651 -0.4173
vn 0.4744 0.6284 -0.6165
vn 0.7203 0.3553 -0.5958
vn 0.3862 0.6149 -0.6876
vn 0.6279 0.3575 -0.6913
vn 0.9217 0.0774 -0.3802
vn 0.1799 0.8051 -0.5652
vn 0.2047 0.8265 -0.5244
vn 0.6927 0.2072 -0.6908
vn 0.7216 0.1375 -0.6785
vn 0.5094 0.4631 -0.7253
vn 0.1921 0.7199 -0.6670
vn 0.1716 0.6988 -0.6944
vn 0.4115 0.5629 -0.7168
vn 0.2586 0.5286 -0.8085
vn 0.2096 0.5613 -0.8007
vn 0.6297 0.3653 -0.6856
vn 0.7321 0.1099 -0.6723
vn 0.9080 0.3802 -0.1759
vn 0.9267 0.0946 -0.3638
vn 0.9295 0.0896 0.3577
vn 0.9847 -0.1477 0.0921
vn 0.9626 -0.2571 0.0857
vn 0.7901 -0.6084 0.0748
vn 0.7875 -0.4217 0.4495
vn 0.8440 -0.3810 0.3775
vn 0.8007 -0.4447 0.4014
vn 0.7585 -0.6192 0.2031
vn 0.8574 -0.4008 0.3227
vn 0.8456 -0.5241 0.1009
vn 0.8515 -0.3939 0.3461
vn 0.7544 -0.5366 0.3781
vn 0.6568 -0.6308 0.4131
vn 0.5240 -0.7771 0.3485
vn 0.2535 -0.9039 0.3445
vn 0.3512 -0.9274 0.1292
vn 0.5365 -0.8003 0.2678
vn 0.6830 -0.6658 0.3005
vn 0.4862 -0.7932 -0.3666
vn 0.5974 -0.7583 0.2608
vn 0.7703 -0.6292 -0.1037
vn 0.8030 -0.5595 0.2055
vn 0.7990 -0.5892 -0.1199
vn 0.8160 -0.5324 0.2252
vn 0.7138 -0.6984 0.0517
vn 0.8513 -0.3801 0.3617
vn 0.7151 -0.5193 0.4679
vn 0.6997 -0.5857 -0.4093
vn 0.7851 -0.4816 0.3895
vn 0.7229 -0.3648 0.5868
vn 0.9259 -0.3721 -0.0658
vn 0.6595 -0.2330 -0.7147
vn 0.3396 -0.8998 0.2739
vn 0.5751 -0.8121 -0.0989
vn 0.8080 -0.5106 -0.2939
vn 0.8820 -0.2111 -0.4212
vn 0.6164 -0.7085 0.3437
vn 0.5838 -0.7862 0.2028
vn 0.3236 -0.8808 0.3457
vn 0.4397 -0.8660 0.2382
vn -0.5912 0.3245 0.7384
vn -0.3089 0.0444 0.9500
vn -0.4433 0.4611 0.7687
vn -0.0221 0.4101 0.9118
vn 0.3311 0.4722 0.8169
vn 0.3307 0.5309 0.7802
vn 0.9642 -0.2610 0.0464
vn 0.5954 -0.7471 0.2957
vn 0.2626 -0.3672 0.8923
vn 0.8810 -0.1882 0.4342
vn 0.4839 0.1989 0.8522
vn 0.5476 0.2150 0.8087
vn 0.2477 0.2454 0.9373
vn 0.4782 -0.7765 0.4104
vn 0.5553 -0.7771 0.2961
vn 0.2673 -0.8325 0.4853
vn 0.5532 -0.7456 0.3715
vn 0.6727 -0.7130 0.1977
vn 0.6798 -0.6642 0.3112
vn 0.7379 -0.6732 0.0494
vn 0.7225 -0.6471 0.2436
vn 0.7714 -0.6333 -0.0616
vn 0.7515 -0.6292 0.1981
vn 0.8570 -0.5142 -0.0331
vn 0.9468 -0.3203 -0.0305
vn 0.8953 -0.2957 0.3332
vn 0.8181 -0.5053 0.2747
vn -0.1727 0.3126 0.9340
vn -0.0659 -0.0002 0.9978
vn 0.1262 -0.3921 0.9112
vn 0.2270 -0.6707 0.7061
vn 0.5666 -0.5811 0.5842
vn 0.5504 -0.3941 0.7360
vn 0.4466 -0.0949 0.8897
vn 0.6268 -0.0958 0.7733
vn 0.6524 -0.3362 0.6792
vn 0.6582 -0.5383 0.5264
vn 0.6938 -0.5423 0.4738
vn 0.6805 -0.3282 0.6551
vn 0.6454 -0.1092 0.7560
vn 0.7684 -0.5166 0.3777
vn 0.7360 -0.3786 0.5612
vn 0.7123 -0.1758 0.6795
vn 0.6611 0.0791 0.7461
vn 0.8817 -0.3185 0.3481
vn 0.8782 -0.4111 0.2444
vn 0.8035 -0.5681 0.1781
vn 0.7466 -0.6383 0.1875
vn 0.7159 -0.6824 0.1475
vn 0.4951 -0.8657 0.0746
vn 0.7256 -0.6564 0.2067
vn 0.5150 -0.8130 0.2717
vn 0.4760 -0.7451 0.4672
vn 0.4810 -0.6329 0.6067
vn 0.7255 -0.5950 0.3458
vn 0.7127 -0.5023 0.4897
vn 0.3042 -0.5435 -0.7824
vn 0.9220 -0.2912 -0.2553
vn 0.3658 -0.2401 -0.8992
vn 0.9227 -0.3265 -0.2050
vn 0.4602 0.1652 -0.8723
vn 0.9074 -0.3320 -0.2575
vn 0.4824 0.1339 -0.8657
vn 0.7328 -0.5695 -0.3724
vn 0.3342 0.1250 -0.9342
vn 0.4715 -0.6941 -0.5440
vn -0.5656 0.1576 -0.8095
vn -0.6020 -0.7130 -0.3595
vn 0.2529 -0.8890 0.3816
vn 0.5714 -0.4669 0.6749
vn 0.6415 -0.3170 0.6985
vn 0.7401 -0.1367 0.6585
vn 0.6210 0.2607 0.7392
vn -0.4400 0.7067 -0.5541
vn -0.5058 0.6232 -0.5964
vn -0.7259 0.0349 -0.6869
vn -0.9721 0.1306 0.1947
vn -0.7161 -0.5211 0.4644
vn -0.9233 0.2272 0.3097
vn -0.5711 -0.4921 0.6570
vn -0.3562 -0.3577 0.8632
vn -0.3377 -0.2194 0.9153
vn -0.9173 0.2196 0.3321
vn -0.9251 -0.1360 0.3546
vn -0.0726 -0.1514 0.9858
vn 0.4508 -0.1524 0.8795
vn -0.8357 -0.4636 0.2943
vn -0.1151 -0.9663 -0.2302
vn -0.6206 -0.3433 -0.7050
vn -0.3961 -0.8028 -0.4457
vn 0.3255 -0.3870 -0.8627
vn 0.8427 -0.5377 0.0284
vn 0.4464 -0.1553 -0.8813
vn 0.7602 -0.6493 0.0202
vn 0.6918 0.0868 -0.7169
vn 0.8203 -0.5635 -0.0973
vn 0.6761 0.1278 -0.7256
vn 0.5493 -0.7086 -0.4429
vn 0.5960 0.1874 -0.7808
vn 0.3814 -0.5060 -0.7736
vn -0.2469 0.5619 -0.7895
vn -0.4745 -0.4133 -0.7772
vn -0.2922 -0.9348 0.2019
vn 0.2183 -0.7129 0.6665
vn 0.0734 -0.5662 0.8210
vn -0.0830 0.9050 -0.4171
vn -0.1868 0.8043 -0.5641
vn -0.5642 0.2701 -0.7802
vn -0.6685 0.0356 -0.7428
vn 0.2977 -0.4848 0.8224
vn -0.6237 -0.2388 0.7443
vn -0.7021 -0.2607 0.6626
vn -0.9908 0.0235 0.1330
vn -0.9050 0.3491 0.2433
vn -0.8771 0.4080 0.2534
vn -0.8527 -0.2562 0.4553
vn -0.9142 -0.4009 0.0594
vn -0.9110 0.4119 -0.0196
vn -0.5311 -0.2159 0.8194
vn -0.9681 0.0640 0.2424
vn -0.6103 -0.3909 -0.6890
vn -0.9849 0.0608 0.1620
vn -0.5565 0.4047 0.7256
vn 0.3554 0.1294 0.9257
vn 0.3207 0.4012 0.8580
vn 0.4539 0.1784 0.8730
vn -0.4169 0.5306 0.7380
vn -0.9029 -0.0113 0.4297
vn -0.7730 -0.5966 -0.2159
vn -0.3514 -0.8844 -0.3072
vn -0.3360 -0.8148 -0.4725
vn -0.2112 -0.8540 -0.4756
vn -0.2193 -0.6869 -0.6929
vn 0.1477 -0.2667 -0.9524
vn 0.5940 0.4778 -0.6472
vn 0.8342 0.5041 0.2235
vn 0.8517 0.2697 0.4493
vn 0.6215 0.4374 0.6499
vn -0.8163 -0.4500 -0.3621
vn -0.9632 -0.0661 0.2604
vn -0.8951 -0.2494 -0.3696
vn -0.9374 0.2217 0.2685
vn -0.8639 -0.4349 -0.2543
vn -0.9549 -0.0835 0.2850
vn -0.6148 -0.4162 -0.6699
vn -0.5295 -0.4726 -0.7045
vn -0.2641 -0.1734 -0.9488
vn -0.0809 -0.2171 -0.9728
vn 0.3240 0.2883 -0.9011
vn 0.4062 0.0496 -0.9125
vn 0.2050 0.1187 -0.9715
vn -0.3230 -0.4711 -0.8208
vn -0.5083 -0.5733 -0.6426
vn -0.4979 -0.5537 -0.6675
vn -0.4739 -0.6358 -0.6093
vn -0.5816 -0.4858 -0.6525
vn -0.5464 -0.5594 -0.6233
vn -0.4939 -0.5397 -0.6817
vn 0.6918 0.4369 -0.5750
vn 0.7376 0.3653 -0.5679
vn 0.7798 0.2834 -0.5582
vn 0.8923 0.4412 0.0960
vn 0.8499 0.5214 0.0759
vn 0.8393 0.5296 0.1228
vn 0.8507 0.2469 0.4641
vn -0.5133 0.3810 0.7690
vn -0.5285 0.3705 0.7638
vn -0.5816 0.1679 0.7960
vn 0.2612 0.3523 0.8987
vn 0.1605 0.4848 0.8598
vn 0.0453 0.4487 0.8925
vn 0.5802 0.5421 0.6079
vn 0.5668 0.4989 0.6556
vn 0.8635 0.2497 0.4383
vn 0.5541 0.4768 0.6824
vn 0.5751 0.4064 0.7101
vn 0.5144 0.2372 0.8241
vn 0.4278 0.1386 0.8932
vn 0.2096 0.9376 0.2775
vn -0.3962 0.6177 0.6793
vn -0.2577 0.5659 0.7832
vn 0.3650 0.8222 0.4367
vn 0.5581 0.7671 -0.3163
vn 0.6508 0.7407 -0.1665
vn 0.6381 0.4110 -0.6511
vn 0.5990 0.3632 -0.7136
vn 0.6918 0.0095 -0.7220
vn 0.4941 -0.1103 -0.8624
vn 0.2820 -0.5122 -0.8113
vn 0.2882 -0.6045 -0.7427
vn -0.7334 0.0384 0.6787
vn -0.7093 0.0368 0.7039
vn -0.8176 -0.4742 0.3266
vn -0.8288 -0.4455 0.3385
vn -0.6536 -0.7350 -0.1806
vn -0.6646 -0.7336 -0.1418
vn -0.3874 -0.7584 -0.5241
vn -0.3094 -0.7657 -0.5639
vn -0.0660 -0.4421 -0.8945
vn -0.4270 -0.5453 -0.7213
vn -0.3099 -0.7907 -0.5279
vn 0.0420 -0.6256 -0.7790
vn 0.4859 0.6461 0.5886
vn -0.0636 0.5058 0.8603
vn 0.0179 0.4356 0.9000
vn 0.5376 0.5662 0.6249
vn 0.7873 0.6165 -0.0057
vn 0.8555 0.5149 0.0548
vn 0.7886 0.1775 -0.5888
vn 0.7927 0.1211 -0.5974
vn 0.4269 -0.2706 -0.8629
vn 0.3794 -0.2268 -0.8970
vn -0.6378 0.0701 0.7670
vn -0.5916 -0.0053 0.8062
vn -0.8556 -0.4247 0.2960
vn -0.8971 -0.3584 0.2584
vn -0.6675 -0.7152 -0.2073
vn -0.7802 -0.5231 -0.3430
vn -0.3048 -0.7573 -0.5775
vn 0.0983 -0.5715 -0.8147
vn -0.0270 -0.3113 -0.9499
vn -0.5149 -0.4395 -0.7360
vn 0.0634 0.3477 0.9355
vn 0.5637 0.4930 0.6627
vn 0.4488 0.7151 0.5359
vn -0.1353 0.5076 0.8509
vn 0.8710 0.4760 0.1212
vn 0.7141 0.6991 -0.0363
vn 0.8175 0.2095 -0.5364
vn 0.7149 0.3034 -0.6300
vn 0.4684 -0.0656 -0.8811
vn 0.3553 -0.1682 -0.9195
vn -0.5216 -0.0080 0.8532
vn -0.6743 0.0673 0.7354
vn -0.8649 -0.3112 0.3939
vn -0.8587 -0.4072 0.3111
vn -0.8258 -0.5161 -0.2273
vn -0.6783 -0.7157 -0.1663
vn 0.4593 0.7293 0.5072
vn -0.1522 0.4425 0.8837
vn 0.6978 0.7112 -0.0860
vn 0.7861 0.4034 -0.4684
vn 0.6223 0.0009 -0.7828
vn -0.0004 -0.4287 -0.9034
vn -0.6108 -0.1050 0.7848
vn -0.7546 -0.5915 0.2841
vn -0.5725 -0.7891 -0.2225
vn -0.4049 -0.7534 -0.5181
vn 0.0428 0.1126 0.9927
vn 0.6366 0.4069 0.6551
vn 0.5488 0.5790 0.6029
vn -0.0206 0.2496 0.9681
vn 0.8676 0.4963 0.0306
vn 0.8326 0.5537 -0.0098
vn 0.7957 0.3776 -0.4736
vn 0.7376 0.4248 -0.5249
vn 0.4658 0.0809 -0.8812
vn 0.4701 0.1406 -0.8713
vn -0.0063 -0.2575 -0.9663
vn 0.0859 -0.2044 -0.9751
vn -0.4382 -0.2030 0.8756
vn -0.4889 -0.1213 0.8639
vn -0.6861 -0.5461 0.4806
vn -0.7779 -0.4198 0.4677
vn -0.6110 -0.7795 -0.1381
vn -0.7595 -0.6160 -0.2093
vn -0.3339 -0.6613 -0.6717
vn -0.3571 -0.5272 -0.7711
vn -0.0426 0.2919 0.9555
vn 0.5298 0.5826 0.6163
vn 0.4942 0.4982 0.7124
vn -0.0760 0.1730 0.9820
vn 0.8709 0.4901 0.0368
vn 0.9076 0.4067 0.1043
vn 0.8139 0.3107 -0.4910
vn 0.8760 0.1314 -0.4641
vn 0.5579 0.0570 -0.8279
vn 0.5741 -0.2008 -0.7938
vn 0.1409 -0.2075 -0.9680
vn 0.2943 -0.5397 -0.7888
vn -0.5331 -0.0813 0.8421
vn -0.8754 -0.2779 0.3955
vn -0.9055 -0.3489 -0.2416
vn -0.5494 -0.8301 0.0953
vn -0.6480 -0.7489 -0.1384
vn -0.4279 -0.4522 -0.7825
vn -0.3213 -0.6755 -0.6637
vn 0.7056 -0.1588 -0.6906
vn 0.7683 0.1563 -0.6207
vn 0.8745 0.2862 -0.3915
vn 0.7111 0.5876 -0.3861
vn 0.6251 0.4796 -0.6158
vn 0.4165 0.8406 -0.3463
vn -0.4934 -0.6119 0.6182
vn 0.4139 0.5108 0.7535
vn -0.0423 0.2272 0.9729
vn 0.7991 0.5574 0.2252
vn 0.5704 0.8062 0.1567
vn 0.2404 0.9702 0.0288
vn 0.3119 0.2371 0.9200
vn -0.0702 0.4000 0.9138
vn 0.2567 0.6574 0.7084
vn -0.0216 0.8699 0.4927
vn -0.0281 0.5547 0.8316
vn 0.1441 0.3619 0.9210
vn 0.5752 -0.8089 0.1217
vn 0.3481 -0.8184 0.4572
vn -0.4435 -0.8960 -0.0219
vn -0.1615 -0.8842 -0.4384
vn 0.0265 0.9656 -0.2585
vn -0.2555 0.9538 0.1580
vn 0.4953 0.6301 0.5980
vn 0.7224 0.6397 0.2625
vn -0.7067 0.2620 0.6572
vn -0.7573 -0.2362 0.6088
vn 0.1049 -0.3072 0.9458
vn 0.1457 0.0941 0.9848
vn -0.6525 -0.1150 -0.7490
vn -0.9346 -0.1268 -0.3324
vn -0.8839 0.3716 -0.2840
vn -0.6018 0.3834 -0.7006
vn 0.9656 0.1285 -0.2261
vn 0.9248 -0.2728 -0.2651
vn 0.2897 -0.1923 -0.9376
vn 0.3403 0.3059 -0.8892
vn 0.7855 -0.6053 -0.1290
vn 0.1570 -0.6432 -0.7494
vn -0.6201 -0.6758 0.3984
vn 0.1882 -0.6304 0.7531
vn 0.2966 0.7298 -0.6159
vn 0.8927 0.4499 -0.0264
vn 0.2955 0.4248 0.8557
vn -0.4806 0.6972 0.5319
vn -0.2014 -0.0878 -0.9756
vn -0.1609 0.3105 -0.9368
vn -0.9374 0.2779 0.2100
vn -0.9779 -0.1203 0.1712
vn -0.6124 0.7763 -0.1496
vn -0.3869 0.7857 -0.4826
vn -0.5264 -0.5861 -0.6160
vn -0.7518 -0.5955 -0.2830
vn -0.0929 0.6646 -0.7414
vn -0.2091 -0.4789 -0.8526
vn -0.8563 -0.5060 0.1033
vn -0.7401 0.6374 0.2145
vn 0.8232 -0.1359 0.5512
vn 0.8211 -0.1360 0.5544
vn 0.8208 -0.1386 0.5541
vn 0.8230 -0.1385 0.5509
vn 0.8226 -0.1392 0.5514
vn 0.8229 -0.1353 0.5518
vn 0.8215 -0.1354 0.5539
vn 0.8211 -0.1392 0.5536
vn 0.8225 -0.1383 0.5517
vn 0.8214 -0.1383 0.5534
vn 0.8227 -0.1363 0.5519
vn 0.8216 -0.1363 0.5536
vn 0.5308 -0.8428 0.0893
vn 0.3295 -0.8348 0.4410
vn -0.4993 -0.8661 0.0236
vn -0.2494 -0.8760 -0.4129
vn 0.0675 0.9597 -0.2729
vn -0.1824 0.9695 0.1636
vn 0.5777 0.6026 0.5506
vn 0.7790 0.5947 0.1989
vn -0.6372 0.3123 0.7046
vn -0.7225 -0.1821 0.6670
vn 0.1566 -0.3049 0.9394
vn 0.2253 0.0934 0.9698
vn -0.7132 -0.0799 -0.6964
vn -0.9631 -0.0700 -0.2597
vn -0.8778 0.4245 -0.2220
vn -0.6278 0.4147 -0.6587
vn 0.9519 0.0647 -0.2995
vn 0.8832 -0.3335 -0.3299
vn 0.2053 -0.2187 -0.9539
vn 0.2907 0.2757 -0.9162
vn 0.7339 -0.6552 -0.1791
vn 0.0592 -0.6585 -0.7502
vn -0.6295 -0.6314 0.4529
vn 0.2046 -0.6344 0.7455
vn 0.2944 0.7040 -0.6463
vn 0.9146 0.3919 -0.0993
vn 0.3854 0.4127 0.8253
vn -0.3943 0.7311 0.5568
vn -0.2797 -0.0834 -0.9565
vn -0.2114 0.3118 -0.9263
vn -0.8995 0.3389 0.2757
vn -0.9677 -0.0563 0.2456
vn -0.5720 0.8123 -0.1140
vn -0.3722 0.8044 -0.4630
vn -0.6072 -0.5569 -0.5668
vn -0.8070 -0.5490 -0.2178
vn -0.1067 0.6625 -0.7414
vn -0.3026 -0.4722 -0.8279
vn -0.8761 -0.4496 0.1740
vn -0.6803 0.6851 0.2605
vn 0.8524 -0.1832 0.4898
vn 0.8505 -0.1831 0.4932
vn 0.8500 -0.1857 0.4930
vn 0.8519 -0.1857 0.4896
vn 0.8515 -0.1863 0.4901
vn 0.8522 -0.1825 0.4904
vn 0.8509 -0.1825 0.4927
vn 0.8502 -0.1863 0.4924
vn 0.8515 -0.1854 0.4905
vn 0.8505 -0.1854 0.4922
vn 0.8519 -0.1834 0.4906
vn 0.8509 -0.1834 0.4923
vn 0.5868 -0.8045 0.0920
vn 0.3976 -0.7995 0.4503
vn -0.4413 -0.8951 0.0639
vn -0.2063 -0.9013 -0.3809
vn -0.0040 0.9540 -0.2999
vn -0.2389 0.9602 0.1450
vn 0.5560 0.6534 0.5138
vn 0.7453 0.6484 0.1555
vn -0.6316 0.2908 0.7187
vn -0.6861 -0.2089 0.6969
vn 0.2079 -0.2678 0.9408
vn 0.2518 0.1347 0.9584
vn -0.7299 -0.1446 -0.6681
vn -0.9649 -0.1384 -0.2231
vn -0.9104 0.3615 -0.2013
vn -0.6753 0.3553 -0.6463
vn 0.9350 0.1167 -0.3350
vn 0.8911 -0.2858 -0.3526
vn 0.1863 -0.2319 -0.9547
vn 0.2408 0.2678 -0.9329
vn 0.7681 -0.6120 -0.1884
vn 0.0760 -0.6742 -0.7346
vn -0.5716 -0.6572 0.4913
vn 0.2705 -0.5989 0.7538
vn 0.2261 0.7029 -0.6744
vn 0.8835 0.4463 -0.1421
vn 0.3859 0.4594 0.8000
vn -0.4214 0.7199 0.5515
vn -0.3062 -0.1279 -0.9434
vn -0.2626 0.2716 -0.9259
vn -0.9096 0.2886 0.2990
vn -0.9531 -0.1108 0.2815
vn -0.6268 0.7708 -0.1143
vn -0.4389 0.7658 -0.4699
vn -0.5890 -0.6100 -0.5301
vn -0.7768 -0.6051 -0.1745
vn -0.1745 0.6333 -0.7540
vn -0.2996 -0.5135 -0.8041
vn -0.8388 -0.4993 0.2169
vn -0.7138 0.6475 0.2670
vn 0.8786 -0.1147 0.4635
vn 0.8768 -0.1147 0.4669
vn 0.8765 -0.1173 0.4668
vn 0.8783 -0.1174 0.4634
vn 0.8780 -0.1180 0.4639
vn 0.8784 -0.1141 0.4641
vn 0.8772 -0.1141 0.4664
vn 0.8768 -0.1179 0.4662
vn 0.8779 -0.1170 0.4642
vn 0.8770 -0.1170 0.4660
vn 0.8782 -0.1151 0.4643
vn 0.8772 -0.1150 0.4661
# 3516 vertex normals

vt 0.6658 0.3783 -0.1290
vt 0.6601 0.3862 -0.1214
vt 0.6547 0.3766 -0.1228
vt 0.6629 0.3741 -0.1263
vt 0.6565 0.3661 -0.1334
vt 0.6631 0.3696 -0.1298
vt 0.6813 0.3869 -0.1426
vt 0.6791 0.3965 -0.1329
vt 0.6688 0.3547 -0.1480
vt 0.6729 0.3594 -0.1427
vt 0.6679 0.3749 -0.1265
vt 0.6838 0.3815 -0.1420
vt 0.6997 0.3855 -0.1523
vt 0.6988 0.3917 -0.1549
vt 0.7174 0.3886 -0.1631
vt 0.7173 0.3940 -0.1651
vt 0.7301 0.3876 -0.1668
vt 0.7316 0.3928 -0.1688
vt 0.6970 0.4017 -0.1445
vt 0.7172 0.4051 -0.1577
vt 0.7336 0.4048 -0.1622
vt 0.7014 0.4275 -0.1245
vt 0.6966 0.4188 -0.1282
vt 0.7175 0.4162 -0.1494
vt 0.7146 0.4216 -0.1421
vt 0.6953 0.4402 -0.1050
vt 0.6875 0.4426 -0.0932
vt 0.6954 0.4525 -0.0908
vt 0.6915 0.4596 -0.0786
vt 0.7255 0.4327 -0.1404
vt 0.7151 0.4338 -0.1308
vt 0.7120 0.4586 -0.1010
vt 0.7061 0.4475 -0.1081
vt 0.7368 0.4363 -0.1413
vt 0.7275 0.4676 -0.1016
vt 0.7093 0.4939 -0.0580
vt 0.6946 0.4811 -0.0577
vt 0.6832 0.4718 -0.0560
vt 0.7356 0.4175 -0.1551
vt 0.6731 0.4610 -0.0572
vt 0.6681 0.5065 -0.0029
vt 0.6592 0.4932 -0.0070
vt 0.6791 0.5205 -0.0027
vt 0.6517 0.4778 -0.0160
vt 0.6457 0.5387 0.0418
vt 0.6385 0.5228 0.0414
vt 0.6325 0.5061 0.0355
vt 0.6282 0.4882 0.0200
vt 0.5989 0.5117 0.0753
vt 0.5976 0.4907 0.0541
vt 0.6013 0.5328 0.0818
vt 0.6054 0.5512 0.0822
vt 0.6730 0.4085 -0.1144
vt 0.6517 0.3970 -0.1035
vt 0.6455 0.3784 -0.1174
vt 0.6491 0.3621 -0.1346
vt 0.6641 0.3480 -0.1528
vt 0.6671 0.4316 -0.0831
vt 0.6814 0.3457 -0.1635
vt 0.6850 0.3507 -0.1578
vt 0.6933 0.3371 -0.1730
vt 0.6968 0.3419 -0.1686
vt 0.7049 0.3253 -0.1773
vt 0.7094 0.3302 -0.1729
vt 0.6776 0.3399 -0.1680
vt 0.6880 0.3320 -0.1769
vt 0.6990 0.3202 -0.1813
vt 0.6472 0.4277 -0.0663
vt 0.6619 0.4489 -0.0587
vt 0.6459 0.4540 -0.0364
vt 0.6247 0.3800 -0.1024
vt 0.6233 0.3629 -0.1186
vt 0.6251 0.4009 -0.0766
vt 0.6234 0.4298 -0.0408
vt 0.6234 0.4597 -0.0070
vt 0.5980 0.3817 -0.0810
vt 0.5974 0.3627 -0.1015
vt 0.5995 0.4048 -0.0509
vt 0.5988 0.4322 -0.0154
vt 0.5975 0.4613 0.0204
vt 0.5722 0.3805 -0.0616
vt 0.5724 0.3619 -0.0819
vt 0.6832 0.3274 -0.1750
vt 0.6919 0.3162 -0.1788
vt 0.6721 0.3341 -0.1654
vt 0.6599 0.3408 -0.1534
vt 0.6416 0.3477 -0.1377
vt 0.6195 0.3463 -0.1213
vt 0.5957 0.3458 -0.1079
vt 0.5718 0.3463 -0.0902
vt 0.5679 0.3302 -0.0858
vt 0.5919 0.3291 -0.1018
vt 0.6144 0.3273 -0.1115
vt 0.6317 0.3262 -0.1236
vt 0.6496 0.3249 -0.1389
vt 0.6630 0.3233 -0.1523
vt 0.6728 0.3187 -0.1606
vt 0.6805 0.3112 -0.1649
vt 0.5638 0.3177 -0.0689
vt 0.5882 0.3164 -0.0836
vt 0.5736 0.4041 -0.0286
vt 0.5731 0.4313 0.0085
vt 0.5722 0.4587 0.0428
vt 0.5714 0.4855 0.0757
vt 0.5712 0.5104 0.1008
vt 0.5710 0.5343 0.1084
vt 0.5715 0.5555 0.1098
vt 0.6081 0.3141 -0.0937
vt 0.6256 0.3119 -0.1047
vt 0.6407 0.3098 -0.1160
vt 0.6500 0.3081 -0.1233
vt 0.6562 0.3042 -0.1273
vt 0.6607 0.2991 -0.1297
vt 0.7114 0.3341 -0.1671
vt 0.6991 0.3450 -0.1633
vt 0.6873 0.3542 -0.1534
vt 0.6754 0.3623 -0.1394
vt 0.6662 0.3712 -0.1266
vt 0.6662 0.3727 -0.1234
vt 0.5448 0.3343 -0.0608
vt 0.5405 0.3206 -0.0496
vt 0.5507 0.3501 -0.0644
vt 0.5239 0.3488 -0.0292
vt 0.5235 0.3294 -0.0320
vt 0.5575 0.3623 -0.0638
vt 0.5540 0.3774 -0.0435
vt 0.5501 0.4001 -0.0086
vt 0.5381 0.3657 -0.0349
vt 0.5282 0.3879 0.0014
vt 0.5049 0.3704 0.0071
vt 0.5483 0.4268 0.0305
vt 0.5246 0.4160 0.0415
vt 0.5013 0.4043 0.0481
vt 0.5471 0.4529 0.0638
vt 0.5223 0.4417 0.0762
vt 0.4998 0.4297 0.0799
vt 0.5457 0.4785 0.0957
vt 0.5180 0.4657 0.1071
vt 0.4923 0.4501 0.1095
vt 0.5437 0.5046 0.1211
vt 0.5129 0.4917 0.1355
vt 0.4819 0.4732 0.1391
vt 0.5428 0.5313 0.1302
vt 0.5072 0.5189 0.1522
vt 0.4719 0.5006 0.1650
vt 0.5402 0.5544 0.1311
vt 0.5013 0.5469 0.1523
vt 0.4580 0.5321 0.1694
vt 0.5006 0.3397 -0.0083
vt 0.4753 0.3735 0.0320
vt 0.4727 0.3447 0.0182
vt 0.4453 0.3772 0.0577
vt 0.4452 0.3502 0.0422
vt 0.4141 0.3762 0.0766
vt 0.4155 0.3483 0.0631
vt 0.3782 0.3684 0.0885
vt 0.3841 0.3473 0.0759
vt 0.3434 0.3558 0.0885
vt 0.3529 0.3323 0.0712
vt 0.3173 0.3416 0.0775
vt 0.3262 0.3255 0.0638
vt 0.2959 0.3257 0.0590
vt 0.3062 0.3097 0.0453
vt 0.2790 0.3111 0.0403
vt 0.2898 0.2994 0.0295
vt 0.2642 0.2961 0.0191
vt 0.2760 0.2830 0.0087
vt 0.2508 0.2827 -0.0023
vt 0.2625 0.2718 -0.0129
vt 0.2369 0.2711 -0.0206
vt 0.2485 0.2573 -0.0329
vt 0.2179 0.2570 -0.0396
vt 0.2269 0.2441 -0.0529
vt 0.1976 0.2412 -0.0593
vt 0.2053 0.2299 -0.0704
vt 0.1790 0.2269 -0.0653
vt 0.1939 0.2181 -0.0772
vt 0.1898 0.2513 -0.0399
vt 0.1680 0.2433 -0.0449
vt 0.2068 0.2682 -0.0192
vt 0.2230 0.2840 0.0010
vt 0.2358 0.2981 0.0220
vt 0.2493 0.3131 0.0456
vt 0.2651 0.3293 0.0694
vt 0.2827 0.3452 0.0905
vt 0.3049 0.3623 0.1120
vt 0.3340 0.3795 0.1271
vt 0.1856 0.2633 -0.0216
vt 0.1702 0.2647 -0.0215
vt 0.1960 0.2766 -0.0070
vt 0.1795 0.2847 -0.0030
vt 0.2083 0.2934 0.0119
vt 0.1910 0.3033 0.0153
vt 0.2191 0.3104 0.0350
vt 0.2011 0.3213 0.0383
vt 0.2316 0.3286 0.0643
vt 0.2115 0.3421 0.0687
vt 0.2470 0.3476 0.0915
vt 0.2256 0.3641 0.0967
vt 0.3709 0.3968 0.1324
vt 0.4172 0.4144 0.1261
vt 0.4527 0.4059 0.0895
vt 0.4781 0.4011 0.0633
vt 0.3523 0.4306 0.1712
vt 0.3937 0.4531 0.1727
vt 0.3161 0.4087 0.1614
vt 0.2648 0.3663 0.1149
vt 0.2871 0.3870 0.1406
vt 0.4826 0.4207 0.0832
vt 0.2432 0.3868 0.1213
vt 0.2651 0.4119 0.1476
vt 0.2942 0.4390 0.1688
vt 0.3306 0.4653 0.1794
vt 0.3717 0.4900 0.1813
vt 0.4339 0.4767 0.1710
vt 0.4136 0.5122 0.1791
vt 0.4514 0.4494 0.1379
vt 0.4698 0.4315 0.1059
vt 0.3819 0.3161 0.0340
vt 0.4082 0.3161 0.0269
vt 0.4117 0.3305 0.0404
vt 0.3831 0.3293 0.0500
vt 0.3543 0.3205 0.0555
vt 0.3550 0.3109 0.0456
vt 0.2127 0.2131 -0.0855
vt 0.2158 0.2246 -0.0786
vt 0.2102 0.2269 -0.0755
vt 0.2026 0.2138 -0.0849
vt 0.2358 0.2361 -0.0645
vt 0.2312 0.2399 -0.0592
vt 0.2231 0.2146 -0.0814
vt 0.2228 0.2222 -0.0789
vt 0.2420 0.2298 -0.0696
vt 0.2469 0.2201 -0.0722
vt 0.2562 0.2488 -0.0458
vt 0.2514 0.2532 -0.0395
vt 0.2622 0.2416 -0.0513
vt 0.2689 0.2307 -0.0529
vt 0.2708 0.2609 -0.0272
vt 0.2661 0.2665 -0.0202
vt 0.2775 0.2522 -0.0330
vt 0.2843 0.2412 -0.0361
vt 0.2863 0.2733 -0.0043
vt 0.2816 0.2783 0.0019
vt 0.2935 0.2649 -0.0090
vt 0.3002 0.2547 -0.0108
vt 0.3004 0.2859 0.0108
vt 0.2956 0.2923 0.0188
vt 0.3067 0.2760 0.0039
vt 0.3142 0.2634 0.0013
vt 0.3181 0.2964 0.0273
vt 0.3124 0.3037 0.0362
vt 0.3228 0.2851 0.0197
vt 0.3282 0.2716 0.0169
vt 0.3357 0.3051 0.0358
vt 0.3320 0.3143 0.0466
vt 0.3386 0.2923 0.0274
vt 0.3407 0.2766 0.0237
vt 0.3564 0.2981 0.0369
vt 0.3573 0.2811 0.0327
vt 0.3802 0.2999 0.0230
vt 0.3781 0.2794 0.0193
vt 0.4034 0.2977 0.0156
vt 0.3986 0.2766 0.0130
vt 0.4339 0.3143 0.0025
vt 0.4394 0.3311 0.0209
vt 0.4258 0.2932 -0.0103
vt 0.4164 0.2695 -0.0134
vt 0.4577 0.3091 -0.0139
vt 0.4664 0.3255 -0.0018
vt 0.4472 0.2866 -0.0247
vt 0.4346 0.2624 -0.0272
vt 0.4748 0.3039 -0.0357
vt 0.4870 0.3223 -0.0199
vt 0.4918 0.2952 -0.0616
vt 0.5053 0.3129 -0.0459
vt 0.5004 0.2868 -0.0736
vt 0.5151 0.3022 -0.0633
vt 0.4753 0.2732 -0.0679
vt 0.4831 0.2650 -0.0808
vt 0.4574 0.2459 -0.0698
vt 0.4674 0.2400 -0.0835
vt 0.4613 0.2817 -0.0454
vt 0.4459 0.2538 -0.0503
vt 0.5413 0.3165 -0.0551
vt 0.5290 0.3135 -0.0547
vt 0.6876 0.0624 0.3172
vt 0.6981 0.0689 0.3384
vt 0.6976 0.0803 0.3389
vt 0.6808 0.0741 0.3071
vt 0.6632 0.0695 0.2734
vt 0.6641 0.0545 0.2708
vt 0.6465 0.0673 0.2423
vt 0.6488 0.0494 0.2401
vt 0.5544 0.3104 -0.0724
vt 0.6716 0.0373 0.2806
vt 0.6610 0.0325 0.2594
vt 0.5894 0.3012 -0.0895
vt 0.5742 0.2910 -0.1022
vt 0.6489 0.0294 0.2357
vt 0.6328 0.0596 0.2138
vt 0.6342 0.0450 0.2108
vt 0.6162 0.0559 0.1813
vt 0.6187 0.0411 0.1797
vt 0.5989 0.0531 0.1484
vt 0.6016 0.0363 0.1450
vt 0.6356 0.0272 0.2092
vt 0.6203 0.0252 0.1787
vt 0.6030 0.0225 0.1441
vt 0.5800 0.0453 0.1090
vt 0.5816 0.0316 0.1050
vt 0.5572 0.0420 0.0653
vt 0.5582 0.0282 0.0601
vt 0.5381 0.0423 0.0315
vt 0.5337 0.0258 0.0137
vt 0.5841 0.0194 0.1064
vt 0.5609 0.0170 0.0623
vt 0.5417 0.0138 0.0258
vt 0.5433 0.0078 0.0260
vt 0.5622 0.0078 0.0614
vt 0.5863 0.0078 0.1071
vt 0.6051 0.0078 0.1440
vt 0.6234 0.0078 0.1800
vt 0.6384 0.0078 0.2099
vt 0.6501 0.0078 0.2327
vt 0.6587 0.0078 0.2491
vt 0.6673 0.0078 0.2658
vt 0.6070 0.2821 -0.0988
vt 0.5907 0.2707 -0.1143
vt 0.6012 0.3002 -0.0950
vt 0.6143 0.2842 -0.1022
vt 0.6156 0.3006 -0.1019
vt 0.6241 0.2868 -0.1068
vt 0.6301 0.3013 -0.1088
vt 0.6362 0.2907 -0.1122
vt 0.6439 0.3025 -0.1175
vt 0.6499 0.2953 -0.1209
vt 0.6902 0.0969 0.3284
vt 0.6764 0.0915 0.3023
vt 0.6560 0.1116 0.2661
vt 0.6599 0.0874 0.2706
vt 0.6711 0.1132 0.2962
vt 0.6378 0.1117 0.2387
vt 0.6426 0.0871 0.2409
vt 0.6224 0.1105 0.2146
vt 0.6285 0.0827 0.2138
vt 0.6019 0.1074 0.1768
vt 0.6092 0.0803 0.1776
vt 0.5790 0.1046 0.1386
vt 0.5904 0.0769 0.1436
vt 0.5974 0.1306 0.1818
vt 0.5843 0.1233 0.1564
vt 0.6177 0.1449 0.2146
vt 0.6336 0.1399 0.2346
vt 0.6821 0.1158 0.3157
vt 0.6394 0.1657 0.2321
vt 0.6323 0.1685 0.2046
vt 0.6492 0.1376 0.2582
vt 0.6647 0.1407 0.2869
vt 0.6760 0.1422 0.3069
vt 0.6484 0.1687 0.2544
vt 0.6620 0.1707 0.2818
vt 0.6734 0.1712 0.3036
vt 0.1661 0.4504 -0.0117
vt 0.1661 0.4381 0.0006
vt 0.1791 0.4392 0.0172
vt 0.1791 0.4491 0.0089
vt 0.1661 0.4635 -0.0199
vt 0.1791 0.4637 -0.0001
vt 0.1661 0.4792 -0.0285
vt 0.1791 0.4803 -0.0082
vt 0.1661 0.4915 -0.0314
vt 0.1791 0.4915 -0.0087
vt 0.1661 0.3997 -0.0287
vt 0.1661 0.3843 -0.0317
vt 0.1791 0.3843 -0.0253
vt 0.1791 0.3974 -0.0224
vt 0.1661 0.4107 -0.0208
vt 0.1791 0.4109 -0.0140
vt 0.1661 0.4209 -0.0096
vt 0.1791 0.4231 -0.0023
vt 0.1661 0.4301 0.0005
vt 0.1791 0.4322 0.0093
vt 0.1661 0.4340 0.0031
vt 0.1791 0.4351 0.0164
vt 0.1958 0.4409 0.0295
vt 0.1989 0.4484 0.0311
vt 0.2031 0.4612 0.0308
vt 0.2072 0.4758 0.0293
vt 0.2106 0.4915 0.0294
vt 0.2106 0.3843 0.0123
vt 0.2049 0.3997 0.0123
vt 0.1993 0.4138 0.0149
vt 0.1949 0.4253 0.0181
vt 0.1921 0.4321 0.0203
vt 0.1926 0.4363 0.0266
vt 0.2064 0.4444 0.0304
vt 0.2023 0.4388 0.0266
vt 0.2030 0.4300 0.0304
vt 0.1982 0.4347 0.0266
vt 0.2132 0.4557 0.0317
vt 0.2192 0.4716 0.0317
vt 0.2225 0.4915 0.0317
vt 0.2098 0.4196 0.0317
vt 0.2170 0.4046 0.0317
vt 0.2225 0.3843 0.0317
vt 0.7019 0.4358 -0.1136
vt 0.7039 0.4390 -0.1101
vt 0.7095 0.4304 -0.1257
vt 0.7048 0.4316 -0.1207
vt 0.7116 0.4342 -0.1255
vt 0.7070 0.4410 -0.1139
vt 0.2474 0.8712 -0.0450
vt 0.2641 0.8892 -0.0090
vt 0.2454 0.8931 -0.0170
vt 0.2366 0.8829 -0.0306
vt 0.2259 0.8754 -0.0412
vt 0.2310 0.8658 -0.0563
vt 0.2070 0.8550 -0.0555
vt 0.2075 0.8511 -0.0594
vt 0.2042 0.8542 -0.0565
vt 0.2066 0.8446 -0.0648
vt 0.2172 0.8799 -0.0432
vt 0.2245 0.8882 -0.0380
vt 0.2326 0.8951 -0.0297
vt 0.2150 0.8380 -0.0587
vt 0.2131 0.8430 -0.0657
vt 0.2118 0.8357 -0.0565
vt 0.2403 0.8306 -0.0432
vt 0.2404 0.8402 -0.0560
vt 0.2392 0.8495 -0.0699
vt 0.2372 0.8565 -0.0726
vt 0.2523 0.8653 -0.0546
vt 0.2715 0.8784 -0.0180
vt 0.2554 0.8574 -0.0556
vt 0.2526 0.8434 -0.0493
vt 0.2713 0.8631 -0.0324
vt 0.2659 0.8461 -0.0363
vt 0.2516 0.8312 -0.0380
vt 0.2628 0.8333 -0.0297
vt 0.2739 0.8274 -0.0178
vt 0.2804 0.8443 -0.0225
vt 0.2368 0.9066 -0.0178
vt 0.2501 0.9041 -0.0040
vt 0.2707 0.8956 0.0065
vt 0.2860 0.8667 -0.0161
vt 0.2438 0.9218 0.0040
vt 0.2212 0.9244 -0.0019
vt 0.2228 0.9095 -0.0225
vt 0.3062 0.8710 0.0057
vt 0.2963 0.8527 -0.0019
vt 0.2583 0.9155 0.0122
vt 0.2780 0.9058 0.0243
vt 0.2792 0.8820 -0.0035
vt 0.2940 0.8934 0.0251
vt 0.0605 0.0825 -0.1622
vt 0.0605 0.1094 -0.1328
vt 0.0478 0.1094 -0.1381
vt 0.0478 0.0825 -0.1706
vt 0.0478 0.0565 -0.1910
vt 0.0605 0.0565 -0.1847
vt 0.0478 0.0335 -0.2043
vt 0.0605 0.0335 -0.1968
vt 0.0478 0.0078 -0.2089
vt 0.0605 0.0078 -0.2035
vt 0.0357 0.0335 -0.2118
vt 0.0357 0.0078 -0.2149
vt 0.0223 0.0335 -0.1987
vt 0.0223 0.0078 -0.2033
vt 0.0078 0.0335 -0.1713
vt 0.0078 0.0078 -0.1837
vt 0.0357 0.0565 -0.1934
vt 0.0223 0.0565 -0.1805
vt 0.0078 0.0565 -0.1556
vt 0.0357 0.0825 -0.1743
vt 0.0223 0.0825 -0.1574
vt 0.0078 0.0825 -0.1317
vt 0.0223 0.1094 -0.1252
vt 0.0078 0.1094 -0.1052
vt 0.0357 0.1094 -0.1367
vt 0.1435 0.0335 -0.1442
vt 0.1435 0.0078 -0.1531
vt 0.1562 0.0078 -0.1837
vt 0.1562 0.0335 -0.1713
vt 0.1562 0.0565 -0.1556
vt 0.1435 0.0565 -0.1335
vt 0.1562 0.0825 -0.1317
vt 0.1435 0.0825 -0.1154
vt 0.1562 0.1094 -0.1052
vt 0.1435 0.1094 -0.0921
vt 0.1284 0.0335 -0.1180
vt 0.1284 0.0078 -0.1167
vt 0.1131 0.0335 -0.1204
vt 0.1131 0.0078 -0.1133
vt 0.0783 0.0078 -0.1787
vt 0.0783 0.0335 -0.1684
vt 0.0968 0.0078 -0.1393
vt 0.0968 0.0335 -0.1373
vt 0.0783 0.0565 -0.1576
vt 0.0968 0.0565 -0.1270
vt 0.1131 0.0565 -0.1105
vt 0.1284 0.0565 -0.1101
vt 0.0783 0.0825 -0.1415
vt 0.0968 0.0825 -0.1121
vt 0.1284 0.0825 -0.0985
vt 0.1131 0.0825 -0.0963
vt 0.0783 0.1094 -0.1160
vt 0.0968 0.1094 -0.0940
vt 0.1131 0.1094 -0.0782
vt 0.1284 0.1094 -0.0802
vt 0.0357 0.1323 -0.1101
vt 0.0223 0.1323 -0.0974
vt 0.0357 0.1606 -0.0730
vt 0.0223 0.1606 -0.0620
vt 0.0357 0.1918 -0.0409
vt 0.0223 0.1918 -0.0316
vt 0.0357 0.2340 0.0098
vt 0.0223 0.2340 0.0189
vt 0.0357 0.2847 0.0595
vt 0.0223 0.2847 0.0666
vt 0.0357 0.3406 0.1009
vt 0.0223 0.3406 0.1080
vt 0.0357 0.4009 0.1302
vt 0.0223 0.4009 0.1378
vt 0.0357 0.4614 0.1496
vt 0.0223 0.4614 0.1584
vt 0.0357 0.5219 0.1589
vt 0.0223 0.5219 0.1674
vt 0.0357 0.5722 0.1535
vt 0.0223 0.5722 0.1602
vt 0.0357 0.6102 0.1416
vt 0.0223 0.6102 0.1473
vt 0.0357 0.6374 0.1346
vt 0.0223 0.6374 0.1392
vt 0.0478 0.1323 -0.1103
vt 0.0478 0.1606 -0.0750
vt 0.0478 0.1918 -0.0410
vt 0.0478 0.2340 0.0098
vt 0.0478 0.2847 0.0594
vt 0.0478 0.3406 0.1013
vt 0.0478 0.4009 0.1308
vt 0.0478 0.4614 0.1488
vt 0.0478 0.5219 0.1563
vt 0.0478 0.5722 0.1530
vt 0.0478 0.6102 0.1406
vt 0.0478 0.6374 0.1329
vt 0.0078 0.6102 0.1552
vt 0.0078 0.6374 0.1451
vt 0.0078 0.5722 0.1669
vt 0.0078 0.5219 0.1753
vt 0.0078 0.4614 0.1673
vt 0.0078 0.4009 0.1509
vt 0.0078 0.3406 0.1194
vt 0.0078 0.2847 0.0755
vt 0.0078 0.2340 0.0276
vt 0.0078 0.1323 -0.0808
vt 0.0078 0.1606 -0.0516
vt 0.0078 0.1918 -0.0163
vt 0.1435 0.1323 -0.0730
vt 0.1562 0.1323 -0.0808
vt 0.1562 0.1606 -0.0516
vt 0.1435 0.1606 -0.0416
vt 0.1562 0.1918 -0.0163
vt 0.1435 0.1918 -0.0064
vt 0.1562 0.2340 0.0276
vt 0.1435 0.2340 0.0388
vt 0.1562 0.2847 0.0755
vt 0.1435 0.2847 0.0883
vt 0.1562 0.3406 0.1194
vt 0.1435 0.3406 0.1338
vt 0.1562 0.4009 0.1509
vt 0.1435 0.4009 0.1657
vt 0.1562 0.4614 0.1673
vt 0.1435 0.4614 0.1852
vt 0.1562 0.5219 0.1753
vt 0.1435 0.5219 0.1940
vt 0.1562 0.5722 0.1669
vt 0.1435 0.5722 0.1852
vt 0.1562 0.6102 0.1552
vt 0.1435 0.6102 0.1678
vt 0.1562 0.6374 0.1451
vt 0.1435 0.6374 0.1529
vt 0.0605 0.1323 -0.1098
vt 0.0605 0.1606 -0.0755
vt 0.0605 0.1918 -0.0375
vt 0.0605 0.2340 0.0135
vt 0.0605 0.2847 0.0650
vt 0.0605 0.3406 0.1117
vt 0.0605 0.4009 0.1421
vt 0.0605 0.4614 0.1604
vt 0.0605 0.5219 0.1685
vt 0.0605 0.5722 0.1589
vt 0.0605 0.6102 0.1453
vt 0.0605 0.6374 0.1348
vt 0.0783 0.1323 -0.0966
vt 0.0968 0.1323 -0.0731
vt 0.1131 0.1323 -0.0605
vt 0.1284 0.1323 -0.0630
vt 0.1284 0.1606 -0.0338
vt 0.1131 0.1606 -0.0324
vt 0.0783 0.1606 -0.0647
vt 0.0968 0.1606 -0.0438
vt 0.1131 0.1918 0.0056
vt 0.0968 0.1918 -0.0026
vt 0.0783 0.1918 -0.0232
vt 0.1284 0.1918 -0.0004
vt 0.1284 0.2340 0.0531
vt 0.1131 0.2340 0.0591
vt 0.0968 0.2340 0.0505
vt 0.0783 0.2340 0.0286
vt 0.1131 0.2847 0.1164
vt 0.0968 0.2847 0.1100
vt 0.1131 0.3406 0.1601
vt 0.0968 0.3406 0.1569
vt 0.0783 0.2847 0.0876
vt 0.0783 0.3406 0.1363
vt 0.1284 0.2847 0.1068
vt 0.1284 0.3406 0.1498
vt 0.1131 0.4009 0.1943
vt 0.0968 0.4009 0.1919
vt 0.0783 0.4009 0.1728
vt 0.1284 0.4009 0.1837
vt 0.0968 0.4614 0.2050
vt 0.0783 0.4614 0.1857
vt 0.1284 0.4614 0.2025
vt 0.1131 0.4614 0.2127
vt 0.0783 0.5219 0.1884
vt 0.0968 0.5219 0.2065
vt 0.1131 0.5219 0.2149
vt 0.1284 0.5219 0.2071
vt 0.1131 0.5722 0.2014
vt 0.0968 0.5722 0.1928
vt 0.1284 0.5722 0.1965
vt 0.0783 0.5722 0.1764
vt 0.0783 0.6102 0.1602
vt 0.0968 0.6102 0.1751
vt 0.0783 0.6374 0.1479
vt 0.0968 0.6374 0.1590
vt 0.1131 0.6102 0.1814
vt 0.1131 0.6374 0.1637
vt 0.1284 0.6102 0.1770
vt 0.1284 0.6374 0.1607
vt 0.0605 0.6530 0.1344
vt 0.0783 0.6530 0.1441
vt 0.1284 0.6530 0.1498
vt 0.1435 0.6530 0.1419
vt 0.1435 0.6645 0.1344
vt 0.1284 0.6645 0.1441
vt 0.0968 0.6530 0.1510
vt 0.1131 0.6530 0.1540
vt 0.1131 0.6645 0.1510
vt 0.0357 0.6530 0.1342
vt 0.0223 0.6530 0.1367
vt 0.0078 0.6530 0.1381
vt 0.0223 0.6645 0.1381
vt 0.0357 0.6645 0.1335
vt 0.0478 0.6530 0.1335
vt 0.1562 0.6530 0.1381
vt 0.1562 0.6645 0.1335
vt 0.5211 0.1626 0.1396
vt 0.5572 0.1706 0.1852
vt 0.5344 0.1905 0.1601
vt 0.5084 0.1753 0.1263
vt 0.5776 0.2633 0.0576
vt 0.5587 0.2600 0.0685
vt 0.5637 0.2390 0.1083
vt 0.5851 0.2302 0.1188
vt 0.6038 0.2407 0.0950
vt 0.5990 0.2615 0.0575
vt 0.3778 0.2127 0.0274
vt 0.3868 0.2187 0.0431
vt 0.3878 0.2338 0.0685
vt 0.3690 0.2346 0.0576
vt 0.3899 0.1999 0.0136
vt 0.3957 0.2064 0.0279
vt 0.3446 0.2260 0.0209
vt 0.3576 0.2145 0.0149
vt 0.3505 0.2447 0.0575
vt 0.4072 0.1978 0.0188
vt 0.4106 0.2098 0.0358
vt 0.4277 0.2005 0.0350
vt 0.4243 0.2075 0.0428
vt 0.4504 0.2088 0.0680
vt 0.4453 0.2156 0.0749
vt 0.3683 0.1996 -0.0007
vt 0.3812 0.1867 -0.0144
vt 0.4004 0.1775 -0.0210
vt 0.3385 0.2099 -0.0116
vt 0.3487 0.1989 -0.0182
vt 0.3333 0.1977 -0.0378
vt 0.3396 0.1867 -0.0456
vt 0.3579 0.1853 -0.0303
vt 0.3468 0.1729 -0.0569
vt 0.3681 0.1712 -0.0464
vt 0.3540 0.1569 -0.0755
vt 0.3806 0.1571 -0.0630
vt 0.3646 0.1397 -0.0924
vt 0.6141 0.1735 0.2009
vt 0.6314 0.1782 0.1828
vt 0.6273 0.1987 0.1536
vt 0.6142 0.1936 0.1686
vt 0.5327 0.1514 0.1455
vt 0.5590 0.1543 0.1749
vt 0.5444 0.1440 0.1400
vt 0.5575 0.1401 0.1459
vt 0.5828 0.1442 0.1841
vt 0.5744 0.1307 0.1531
vt 0.5884 0.1571 0.2042
vt 0.5951 0.1810 0.1929
vt 0.5729 0.1956 0.1786
vt 0.5528 0.2125 0.1556
vt 0.6020 0.2078 0.1513
vt 0.6131 0.2177 0.1309
vt 0.5652 0.1157 0.1366
vt 0.5523 0.1249 0.1338
vt 0.5442 0.1320 0.1332
vt 0.5442 0.0982 0.0833
vt 0.5523 0.0845 0.0762
vt 0.5669 0.0666 0.0944
vt 0.5542 0.0601 0.0688
vt 0.5446 0.0631 0.0542
vt 0.6963 0.6211 0.0164
vt 0.6861 0.6014 0.0237
vt 0.6960 0.5956 0.0386
vt 0.7095 0.6102 0.0288
vt 0.7004 0.5841 0.0269
vt 0.7155 0.5945 0.0242
vt 0.7019 0.5648 0.0012
vt 0.7123 0.5696 0.0015
vt 0.7029 0.5458 -0.0140
vt 0.7123 0.5506 -0.0117
vt 0.6673 0.6053 -0.0013
vt 0.6766 0.6209 -0.0020
vt 0.6581 0.6173 -0.0117
vt 0.6524 0.6080 -0.0140
vt 0.6779 0.5507 -0.0153
vt 0.6789 0.5399 -0.0229
vt 0.6927 0.5421 -0.0170
vt 0.6908 0.5574 -0.0047
vt 0.6568 0.5462 -0.0364
vt 0.6546 0.5432 -0.0399
vt 0.6544 0.5487 -0.0348
vt 0.6476 0.5511 -0.0373
vt 0.6756 0.5612 -0.0050
vt 0.6884 0.5753 0.0179
vt 0.6469 0.5583 -0.0338
vt 0.6447 0.5610 -0.0356
vt 0.6407 0.5589 -0.0399
vt 0.6518 0.5811 -0.0162
vt 0.6420 0.5837 -0.0229
vt 0.6598 0.5934 -0.0056
vt 0.6470 0.5974 -0.0170
vt 0.6703 0.5695 0.0003
vt 0.6627 0.5762 -0.0047
vt 0.6820 0.5826 0.0240
vt 0.6743 0.5879 0.0138
vt 0.7152 0.6152 0.0300
vt 0.7005 0.6244 0.0159
vt 0.6801 0.6317 -0.0089
vt 0.6549 0.6246 -0.0211
vt 0.7208 0.5717 -0.0035
vt 0.7198 0.5470 -0.0211
vt 0.7212 0.5960 0.0217
vt 0.7484 0.6060 0.0032
vt 0.7292 0.6314 0.0119
vt 0.7359 0.5781 -0.0138
vt 0.7099 0.6452 -0.0014
vt 0.6829 0.6533 -0.0259
vt 0.6525 0.6359 -0.0337
vt 0.6235 0.6276 -0.0138
vt 0.6332 0.6123 -0.0035
vt 0.6499 0.6470 -0.0437
vt 0.6303 0.6533 -0.0436
vt 0.6709 0.6638 -0.0432
vt 0.7423 0.5593 -0.0075
vt 0.7631 0.5755 0.0215
vt 0.7447 0.5500 -0.0036
vt 0.7641 0.5664 0.0226
vt 0.7491 0.5340 -0.0047
vt 0.7667 0.5477 0.0233
vt 0.7523 0.5225 -0.0077
vt 0.7705 0.5352 0.0203
vt 0.7580 0.5090 -0.0149
vt 0.7752 0.5187 0.0067
vt 0.7731 0.4836 -0.0372
vt 0.7768 0.4835 -0.0348
vt 0.7735 0.4796 -0.0411
vt 0.7822 0.4795 -0.0380
vt 0.7826 0.5151 0.0062
vt 0.7817 0.5350 0.0295
vt 0.7820 0.5518 0.0372
vt 0.7804 0.5714 0.0291
vt 0.7478 0.5005 -0.0253
vt 0.7400 0.5127 -0.0205
vt 0.7361 0.5240 -0.0171
vt 0.7330 0.5379 -0.0122
vt 0.7909 0.4835 -0.0383
vt 0.7873 0.4834 -0.0357
vt 0.7908 0.4799 -0.0411
vt 0.7935 0.5139 -0.0015
vt 0.8071 0.5084 -0.0167
vt 0.8154 0.5018 -0.0253
vt 0.8219 0.5143 -0.0205
vt 0.8094 0.5209 -0.0088
vt 0.8251 0.5255 -0.0171
vt 0.8105 0.5338 -0.0027
vt 0.8265 0.5398 -0.0122
vt 0.8122 0.5471 0.0006
vt 0.7962 0.5613 0.0216
vt 0.7945 0.5478 0.0232
vt 0.7934 0.5338 0.0175
vt 0.7259 0.5426 -0.0206
vt 0.8158 0.5562 -0.0035
vt 0.8339 0.5441 -0.0206
vt 0.5839 0.6369 -0.0206
vt 0.6012 0.6212 -0.0075
vt 0.5910 0.6478 -0.0322
vt 0.5989 0.6596 -0.0441
vt 0.9516 0.6422 -0.0201
vt 0.9779 0.6307 -0.0035
vt 0.9842 0.6509 -0.0206
vt 0.9755 0.6606 -0.0322
vt 0.9660 0.6702 -0.0441
vt 0.9397 0.6597 -0.0440
vt 0.9178 0.6444 -0.0440
vt 0.9186 0.6323 -0.0373
vt 0.9198 0.6160 -0.0271
vt 0.9436 0.6156 -0.0083
vt 0.8464 0.5399 -0.0159
vt 0.8501 0.5569 -0.0039
vt 0.8398 0.5631 -0.0083
vt 0.8360 0.5387 -0.0271
vt 0.7974 0.5662 0.0198
vt 0.8212 0.5815 -0.0201
vt 0.8155 0.5971 -0.0040
vt 0.8471 0.5839 0.0161
vt 0.7804 0.5798 0.0310
vt 0.7817 0.6065 0.0171
vt 0.8565 0.5780 0.0175
vt 0.8601 0.6006 0.0271
vt 0.8376 0.6265 0.0106
vt 0.8668 0.5935 0.0242
vt 0.7485 0.6622 0.0334
vt 0.7394 0.6471 0.0245
vt 0.7547 0.6264 0.0127
vt 0.7615 0.6459 0.0270
vt 0.7366 0.6800 0.0142
vt 0.7209 0.6633 0.0028
vt 0.7808 0.6262 0.0289
vt 0.7805 0.6447 0.0395
vt 0.8066 0.6194 0.0079
vt 0.7995 0.6430 0.0237
vt 0.8243 0.6435 0.0276
vt 0.8124 0.6585 0.0347
vt 0.8459 0.6630 -0.0007
vt 0.8263 0.6788 0.0117
vt 0.8617 0.6437 -0.0106
vt 0.8743 0.6111 0.0119
vt 0.8809 0.6031 0.0117
vt 0.9009 0.6066 -0.0082
vt 0.8961 0.6154 -0.0129
vt 0.8865 0.6463 -0.0296
vt 0.9165 0.6064 -0.0159
vt 0.8987 0.6557 -0.0439
vt 0.8643 0.5478 -0.0022
vt 0.8703 0.5662 0.0217
vt 0.8766 0.5379 -0.0062
vt 0.8850 0.5572 0.0210
vt 0.8891 0.5299 -0.0133
vt 0.9005 0.5416 0.0003
vt 0.9173 0.5182 -0.0386
vt 0.9212 0.5220 -0.0346
vt 0.8585 0.5306 -0.0172
vt 0.8709 0.5226 -0.0198
vt 0.8867 0.5158 -0.0255
vt 0.9185 0.5154 -0.0416
vt 0.9283 0.5241 -0.0361
vt 0.9060 0.5447 0.0032
vt 0.8916 0.5641 0.0292
vt 0.8796 0.5779 0.0323
vt 0.9247 0.5937 -0.0172
vt 0.9090 0.5904 -0.0046
vt 0.9164 0.5776 -0.0064
vt 0.9312 0.5808 -0.0198
vt 0.9244 0.5627 -0.0142
vt 0.9367 0.5649 -0.0255
vt 0.9330 0.5363 -0.0362
vt 0.9291 0.5327 -0.0321
vt 0.9376 0.5333 -0.0416
vt 0.9143 0.5542 -0.0026
vt 0.8978 0.5709 0.0191
vt 0.8899 0.5845 0.0202
vt 0.7677 0.6654 0.0374
vt 0.7585 0.6771 0.0389
vt 0.7559 0.6937 0.0283
vt 0.7802 0.6636 0.0446
vt 0.7901 0.6664 0.0387
vt 0.7993 0.6738 0.0387
vt 0.8059 0.6924 0.0234
vt 0.6984 0.6766 -0.0236
vt 0.7101 0.6950 -0.0192
vt 0.7210 0.7114 -0.0147
vt 0.6839 0.6839 -0.0433
vt 0.6932 0.7044 -0.0422
vt 0.6998 0.7235 -0.0422
vt 0.8650 0.6729 -0.0221
vt 0.8800 0.6834 -0.0436
vt 0.8489 0.6942 -0.0160
vt 0.8670 0.7074 -0.0430
vt 0.8361 0.7128 -0.0127
vt 0.8590 0.7253 -0.0427
vt 0.6449 0.6769 -0.0443
vt 0.6192 0.6901 -0.0444
vt 0.9213 0.6786 -0.0446
vt 0.9434 0.6973 -0.0444
vt 0.9031 0.7019 -0.0444
vt 0.9249 0.7205 -0.0443
vt 0.6364 0.7154 -0.0443
vt 0.6593 0.6995 -0.0441
vt 0.6733 0.7208 -0.0440
vt 0.6532 0.7374 -0.0441
vt 0.8875 0.7238 -0.0442
vt 0.9072 0.7410 -0.0441
vt 0.8483 0.7433 -0.0423
vt 0.8241 0.7309 -0.0108
vt 0.7309 0.7251 -0.0114
vt 0.7081 0.7392 -0.0420
vt 0.7654 0.7089 0.0322
vt 0.4784 0.6376 -0.2435
vt 0.4752 0.6285 -0.2403
vt 0.4858 0.6201 -0.2697
vt 0.4924 0.6353 -0.2780
vt 0.4562 0.6457 -0.1877
vt 0.4459 0.6411 -0.1710
vt 0.4540 0.6200 -0.1951
vt 0.4604 0.6337 -0.2011
vt 0.4850 0.6512 -0.2555
vt 0.4761 0.6497 -0.2336
vt 0.4372 0.6395 -0.1517
vt 0.4413 0.6249 -0.1647
vt 0.4390 0.6171 -0.1608
vt 0.4461 0.6078 -0.1772
vt 0.4109 0.6324 -0.0980
vt 0.4187 0.6095 -0.1154
vt 0.4235 0.6220 -0.1213
vt 0.4187 0.6348 -0.1119
vt 0.4682 0.6271 -0.2230
vt 0.4717 0.6151 -0.2372
vt 0.4319 0.6153 -0.1431
vt 0.4316 0.6049 -0.1444
vt 0.4499 0.7496 -0.2566
vt 0.4515 0.7331 -0.2386
vt 0.4603 0.7343 -0.2596
vt 0.4671 0.7496 -0.2920
vt 0.4338 0.7343 -0.2064
vt 0.4455 0.7220 -0.2132
vt 0.4672 0.7211 -0.2592
vt 0.4615 0.7053 -0.2299
vt 0.4725 0.7063 -0.2561
vt 0.4788 0.7247 -0.2884
vt 0.4466 0.7052 -0.1999
vt 0.4361 0.7059 -0.1835
vt 0.4621 0.6916 -0.2195
vt 0.4768 0.6942 -0.2559
vt 0.4651 0.6799 -0.2173
vt 0.4755 0.6820 -0.2436
vt 0.4846 0.6690 -0.2587
vt 0.4702 0.6649 -0.2221
vt 0.4552 0.6615 -0.1844
vt 0.4494 0.6762 -0.1787
vt 0.4473 0.6892 -0.1853
vt 0.4373 0.6892 -0.1731
vt 0.4381 0.6744 -0.1636
vt 0.4412 0.6583 -0.1647
vt 0.4328 0.6566 -0.1446
vt 0.4299 0.6721 -0.1444
vt 0.4282 0.6876 -0.1530
vt 0.4262 0.7039 -0.1630
vt 0.4237 0.7251 -0.1772
vt 0.4258 0.7455 -0.1992
vt 0.4202 0.7334 -0.1773
vt 0.4092 0.7431 -0.1599
vt 0.4129 0.7335 -0.1608
vt 0.3975 0.7261 -0.1203
vt 0.4086 0.7223 -0.1411
vt 0.4107 0.7037 -0.1313
vt 0.3992 0.7031 -0.1102
vt 0.4131 0.6860 -0.1207
vt 0.4005 0.6843 -0.0992
vt 0.4148 0.6528 -0.1055
vt 0.4054 0.6503 -0.0903
vt 0.4121 0.6691 -0.1061
vt 0.4027 0.6688 -0.0937
vt 0.4014 0.6321 -0.0782
vt 0.4064 0.6153 -0.0883
vt 0.4077 0.6079 -0.0892
vt 0.4134 0.6011 -0.1007
vt 0.4011 0.6065 -0.0725
vt 0.4013 0.5984 -0.0710
vt 0.3944 0.6128 -0.0581
vt 0.3895 0.6045 -0.0455
vt 0.3869 0.6277 -0.0471
vt 0.3759 0.6204 -0.0243
vt 0.3953 0.6490 -0.0699
vt 0.3800 0.6453 -0.0419
vt 0.3620 0.6355 -0.0058
vt 0.4623 0.6020 -0.2147
vt 0.4263 0.5923 -0.1296
vt 0.3993 0.5811 -0.0605
vt 0.4900 0.6046 -0.2822
vt 0.7411 0.7424 -0.0097
vt 0.7684 0.7283 0.0263
vt 0.7154 0.7542 -0.0421
vt 0.8389 0.7603 -0.0421
vt 0.8133 0.7512 -0.0110
vt 0.7989 0.7192 0.0217
vt 0.7887 0.7384 0.0212
vt 0.4317 0.7566 -0.2247
vt 0.4569 0.7679 -0.2929
vt 0.4004 0.7513 -0.1425
vt 0.3891 0.7388 -0.1056
vt 0.3856 0.7271 -0.0961
vt 0.3881 0.7206 -0.0997
vt 0.3748 0.7389 -0.0677
vt 0.3788 0.7285 -0.0791
vt 0.3603 0.7299 -0.0324
vt 0.3741 0.7213 -0.0666
vt 0.3882 0.7003 -0.0879
vt 0.3722 0.7016 -0.0560
vt 0.3600 0.7065 -0.0334
vt 0.3905 0.6836 -0.0812
vt 0.3909 0.6679 -0.0699
vt 0.3746 0.6646 -0.0412
vt 0.3732 0.6831 -0.0487
vt 0.3604 0.6851 -0.0295
vt 0.3621 0.6623 -0.0231
vt 0.3817 0.7609 -0.0827
vt 0.7247 0.7752 -0.0422
vt 0.7497 0.7638 -0.0106
vt 0.7580 0.7861 -0.0110
vt 0.7327 0.7970 -0.0421
vt 0.7753 0.7515 0.0228
vt 0.7832 0.7736 0.0212
vt 0.4678 0.5788 -0.2219
vt 0.4780 0.5578 -0.2247
vt 0.5042 0.5640 -0.2929
vt 0.4954 0.5845 -0.2895
vt 0.4348 0.5701 -0.1439
vt 0.4457 0.5490 -0.1425
vt 0.4102 0.5592 -0.0821
vt 0.4209 0.5375 -0.0827
vt 0.8595 0.7647 -0.0421
vt 0.8557 0.7457 -0.0423
vt 0.8743 0.7435 -0.0440
vt 0.6853 0.7399 -0.0438
vt 0.7018 0.7407 -0.0420
vt 0.7004 0.7569 -0.0421
vt 0.6699 0.7561 -0.0439
vt 0.6898 0.7767 -0.0422
vt 0.8911 0.7601 -0.0439
vt 0.8736 0.7828 -0.0422
vt 0.3510 0.6102 0.0351
vt 0.3639 0.6033 0.0149
vt 0.3373 0.5826 0.0891
vt 0.3520 0.5801 0.0602
vt 0.3472 0.7501 0.0165
vt 0.3543 0.7566 -0.0061
vt 0.3547 0.5268 0.0507
vt 0.3365 0.5235 0.0777
vt 0.3476 0.4984 0.0165
vt 0.3683 0.5062 -0.0061
vt 0.3829 0.5929 -0.0221
vt 0.3671 0.5737 0.0289
vt 0.3810 0.5650 -0.0048
vt 0.3857 0.5496 -0.0127
vt 0.3663 0.5497 0.0450
vt 0.3590 0.7774 -0.0137
vt 0.3870 0.5282 -0.0137
vt 0.3700 0.5311 0.0256
vt 0.3499 0.5511 0.0810
vt 0.3326 0.5513 0.1164
vt 0.3114 0.5505 0.1548
vt 0.3113 0.5208 0.1174
vt 0.3179 0.5836 0.1226
vt 0.3300 0.6147 0.0616
vt 0.3416 0.6401 0.0068
vt 0.3479 0.6636 -0.0215
vt 0.3487 0.6837 -0.0255
vt 0.3446 0.7021 -0.0265
vt 0.3390 0.7274 -0.0172
vt 0.3330 0.7534 0.0423
vt 0.3231 0.4907 0.0423
vt 0.3019 0.6183 0.0918
vt 0.2942 0.5842 0.1620
vt 0.2744 0.6202 0.1257
vt 0.2668 0.5855 0.2068
vt 0.3138 0.6502 0.0087
vt 0.2867 0.6544 0.0295
vt 0.3146 0.6639 -0.0214
vt 0.2865 0.6639 -0.0078
vt 0.3199 0.6841 -0.0250
vt 0.2906 0.6818 -0.0224
vt 0.3193 0.7044 -0.0191
vt 0.2929 0.7060 -0.0146
vt 0.3157 0.7315 0.0017
vt 0.2899 0.7326 0.0152
vt 0.3125 0.7625 0.0699
vt 0.2843 0.7679 0.0913
vt 0.2971 0.4856 0.0699
vt 0.2857 0.5179 0.1524
vt 0.2512 0.5180 0.1943
vt 0.2729 0.4806 0.0913
vt 0.2879 0.5506 0.1947
vt 0.2592 0.5530 0.2375
vt 0.2555 0.6514 0.0857
vt 0.2482 0.6192 0.1658
vt 0.2258 0.6410 0.1577
vt 0.2231 0.6159 0.2052
vt 0.2016 0.6384 0.2028
vt 0.2008 0.6097 0.2398
vt 0.1838 0.6362 0.2277
vt 0.1824 0.6032 0.2619
vt 0.2537 0.6653 0.0417
vt 0.2275 0.6617 0.1001
vt 0.2024 0.6629 0.1517
vt 0.1901 0.6643 0.1769
vt 0.2582 0.6796 0.0089
vt 0.2333 0.6841 0.0543
vt 0.2133 0.6911 0.1003
vt 0.2040 0.6945 0.1275
vt 0.2320 0.5037 0.1950
vt 0.2592 0.4816 0.1131
vt 0.2430 0.7588 0.1058
vt 0.2523 0.7447 0.0781
vt 0.2715 0.7756 0.1131
vt 0.2163 0.5440 0.2651
vt 0.2006 0.5305 0.2580
vt 0.1910 0.5709 0.2919
vt 0.1777 0.5613 0.2929
vt 0.2309 0.5642 0.2677
vt 0.2424 0.5894 0.2379
vt 0.2076 0.5812 0.2806
vt 0.2239 0.5928 0.2564
vt 0.1746 0.5991 0.2711
vt 0.1744 0.6345 0.2375
vt 0.1815 0.6661 0.1915
vt 0.1924 0.7026 0.1562
vt 0.2616 0.7245 0.0321
vt 0.2652 0.7031 0.0064
vt 0.2238 0.7231 0.1037
vt 0.2368 0.7117 0.0644
vt 0.2469 0.7008 0.0355
vt 0.2107 0.7343 0.1422
vt 0.2862 0.0732 -0.2310
vt 0.3064 0.0869 -0.2002
vt 0.2906 0.0936 -0.2163
vt 0.2794 0.0804 -0.2430
vt 0.2588 0.0724 -0.2536
vt 0.2592 0.0609 -0.2653
vt 0.3133 0.1017 -0.1753
vt 0.2977 0.0976 -0.1815
vt 0.8581 0.0554 0.1151
vt 0.8706 0.0313 0.1440
vt 0.8975 0.0306 0.1852
vt 0.8831 0.0577 0.1578
vt 0.9211 0.0292 0.2099
vt 0.9206 0.0511 0.2191
vt 0.9454 0.0283 0.2280
vt 0.9499 0.0477 0.2429
vt 0.9633 0.0229 0.2346
vt 0.9738 0.0409 0.2502
vt 0.8355 0.0499 0.0877
vt 0.8371 0.0318 0.1056
vt 0.8105 0.0447 0.0531
vt 0.8189 0.0267 0.0847
vt 0.7825 0.0376 0.0212
vt 0.7947 0.0220 0.0568
vt 0.7562 0.0216 0.0079
vt 0.7702 0.0078 0.0428
vt 0.7636 0.0622 -0.0335
vt 0.7345 0.0458 -0.0463
vt 0.7524 0.0852 -0.0632
vt 0.7217 0.0701 -0.0738
vt 0.7934 0.0729 -0.0017
vt 0.7792 0.0972 -0.0411
vt 0.8194 0.0785 0.0360
vt 0.7981 0.1069 -0.0216
vt 0.8396 0.0856 0.0637
vt 0.8146 0.1160 -0.0022
vt 0.7386 0.1045 -0.1041
vt 0.7079 0.0924 -0.1147
vt 0.7295 0.1296 -0.1383
vt 0.6977 0.1205 -0.1475
vt 0.7247 0.1519 -0.1518
vt 0.6937 0.1448 -0.1578
vt 0.8049 0.1350 -0.0357
vt 0.7917 0.1259 -0.0506
vt 0.7929 0.1569 -0.0726
vt 0.7792 0.1461 -0.0899
vt 0.7800 0.1725 -0.1004
vt 0.7642 0.1642 -0.1226
vt 0.7458 0.1585 -0.1405
vt 0.7576 0.1388 -0.1165
vt 0.7693 0.1156 -0.0769
vt 0.7193 0.1728 -0.1840
vt 0.6890 0.1683 -0.1901
vt 0.7152 0.1943 -0.2030
vt 0.6885 0.1942 -0.2089
vt 0.7130 0.2155 -0.2026
vt 0.6921 0.2174 -0.2061
vt 0.7761 0.1901 -0.1256
vt 0.7601 0.1816 -0.1473
vt 0.7712 0.2065 -0.1444
vt 0.7550 0.2005 -0.1695
vt 0.7629 0.2218 -0.1616
vt 0.7473 0.2180 -0.1823
vt 0.7313 0.2160 -0.1943
vt 0.7363 0.1973 -0.1899
vt 0.7414 0.1772 -0.1695
vt 0.7619 0.2477 -0.1844
vt 0.7415 0.2457 -0.2132
vt 0.7560 0.2691 -0.1990
vt 0.7404 0.2690 -0.2184
vt 0.7303 0.2307 -0.2121
vt 0.7225 0.2711 -0.2269
vt 0.7184 0.2532 -0.2332
vt 0.7041 0.2750 -0.2290
vt 0.6982 0.2570 -0.2371
vt 0.7141 0.2333 -0.2225
vt 0.6940 0.2357 -0.2259
vt 0.7606 0.2914 -0.2108
vt 0.7454 0.2915 -0.2326
vt 0.7589 0.3118 -0.2187
vt 0.7475 0.3159 -0.2324
vt 0.7283 0.2950 -0.2474
vt 0.7341 0.3202 -0.2392
vt 0.7099 0.3001 -0.2510
vt 0.7197 0.3245 -0.2408
vt 0.7653 0.3291 -0.2185
vt 0.7536 0.3331 -0.2379
vt 0.7676 0.3477 -0.2181
vt 0.7576 0.3523 -0.2311
vt 0.7410 0.3385 -0.2496
vt 0.7476 0.3576 -0.2363
vt 0.7264 0.3442 -0.2528
vt 0.7362 0.3633 -0.2357
vt 0.7778 0.3657 -0.2140
vt 0.7667 0.3684 -0.2308
vt 0.7850 0.3908 -0.2105
vt 0.7745 0.3955 -0.2271
vt 0.7935 0.4151 -0.2046
vt 0.7840 0.4187 -0.2200
vt 0.8028 0.4375 -0.1956
vt 0.7955 0.4384 -0.2051
vt 0.7562 0.3726 -0.2426
vt 0.7429 0.3790 -0.2463
vt 0.7663 0.3994 -0.2351
vt 0.7571 0.4040 -0.2367
vt 0.7774 0.4216 -0.2276
vt 0.7706 0.4260 -0.2294
vt 0.7887 0.4398 -0.2128
vt 0.8051 0.4509 -0.1896
vt 0.7973 0.4480 -0.2003
vt 0.7997 0.4600 -0.1873
vt 0.7938 0.4541 -0.2001
vt 0.7840 0.4432 -0.2149
vt 0.7921 0.4466 -0.2074
vt 0.7892 0.4495 -0.2083
vt 0.8559 0.0900 0.0872
vt 0.8298 0.1231 0.0155
vt 0.8792 0.1061 0.1173
vt 0.8627 0.1303 0.0662
vt 0.9139 0.1318 0.1479
vt 0.8995 0.1548 0.1026
vt 0.9016 0.0822 0.1760
vt 0.9288 0.1096 0.1908
vt 0.9274 0.0718 0.2206
vt 0.9407 0.0944 0.2184
vt 0.9575 0.0701 0.2456
vt 0.9628 0.0956 0.2343
vt 0.9496 0.1448 0.1755
vt 0.9378 0.1698 0.1351
vt 0.9863 0.1551 0.1860
vt 0.9758 0.1845 0.1471
vt 0.9588 0.1193 0.2108
vt 0.9921 0.1240 0.2191
vt 0.9918 0.0943 0.2420
vt 0.9851 0.0658 0.2528
vt 0.7768 0.2701 -0.1916
vt 0.7763 0.2893 -0.2038
vt 0.8069 0.2736 -0.1443
vt 0.8084 0.2929 -0.1526
vt 0.8438 0.2809 -0.0869
vt 0.8434 0.2977 -0.0957
vt 0.8805 0.2897 -0.0413
vt 0.8791 0.3037 -0.0494
vt 0.9158 0.2987 -0.0195
vt 0.9139 0.3099 -0.0277
vt 0.7778 0.2487 -0.1767
vt 0.7815 0.2261 -0.1559
vt 0.7850 0.2095 -0.1369
vt 0.7902 0.1940 -0.1157
vt 0.7971 0.1789 -0.0911
vt 0.8044 0.1631 -0.0636
vt 0.8153 0.1426 -0.0262
vt 0.9421 0.2468 0.0523
vt 0.9342 0.2592 0.0320
vt 0.8978 0.2409 0.0145
vt 0.9054 0.2274 0.0360
vt 0.9175 0.2891 -0.0150
vt 0.8827 0.2775 -0.0322
vt 0.9219 0.2800 -0.0013
vt 0.8865 0.2657 -0.0189
vt 0.9275 0.2700 0.0146
vt 0.8916 0.2535 -0.0035
vt 0.9256 0.1922 0.0963
vt 0.9636 0.2100 0.1099
vt 0.9145 0.2116 0.0625
vt 0.9519 0.2308 0.0779
vt 0.8086 0.2562 -0.1307
vt 0.8462 0.2663 -0.0748
vt 0.8109 0.2390 -0.1156
vt 0.8492 0.2523 -0.0611
vt 0.8154 0.2232 -0.0962
vt 0.8534 0.2386 -0.0451
vt 0.8207 0.2068 -0.0744
vt 0.8591 0.2242 -0.0252
vt 0.8274 0.1902 -0.0492
vt 0.8671 0.2094 -0.0002
vt 0.8353 0.1734 -0.0205
vt 0.8759 0.1930 0.0282
vt 0.8472 0.1546 0.0174
vt 0.8866 0.1749 0.0624
vt 0.8171 0.4565 -0.1903
vt 0.8064 0.4686 -0.1925
vt 0.8120 0.4357 -0.1959
vt 0.8049 0.4117 -0.2026
vt 0.7769 0.3076 -0.2117
vt 0.7796 0.3258 -0.2140
vt 0.7829 0.3428 -0.2152
vt 0.7889 0.3621 -0.2125
vt 0.7969 0.3867 -0.2079
vt 0.8343 0.4321 -0.1664
vt 0.8374 0.4525 -0.1678
vt 0.8580 0.4303 -0.1221
vt 0.8584 0.4512 -0.1300
vt 0.8826 0.4317 -0.0853
vt 0.8802 0.4542 -0.0964
vt 0.9069 0.4358 -0.0705
vt 0.9011 0.4607 -0.0832
vt 0.9108 0.3560 -0.0525
vt 0.9106 0.3742 -0.0566
vt 0.8811 0.3731 -0.0720
vt 0.8798 0.3546 -0.0680
vt 0.9093 0.4133 -0.0635
vt 0.8830 0.4111 -0.0798
vt 0.9103 0.3930 -0.0596
vt 0.8823 0.3917 -0.0755
vt 0.8784 0.3196 -0.0586
vt 0.9118 0.3236 -0.0398
vt 0.8788 0.3365 -0.0643
vt 0.9112 0.3388 -0.0461
vt 0.8304 0.4104 -0.1648
vt 0.8565 0.4100 -0.1174
vt 0.8256 0.3885 -0.1646
vt 0.8540 0.3901 -0.1143
vt 0.8208 0.3670 -0.1646
vt 0.8512 0.3706 -0.1115
vt 0.8165 0.3477 -0.1641
vt 0.8484 0.3518 -0.1091
vt 0.8132 0.3296 -0.1619
vt 0.8460 0.3334 -0.1060
vt 0.8105 0.3114 -0.1582
vt 0.8443 0.3153 -0.1016
vt 0.8258 0.4760 -0.1892
vt 0.8152 0.4820 -0.1941
vt 0.8316 0.4927 -0.1920
vt 0.8238 0.4961 -0.1952
vt 0.8359 0.5069 -0.1988
vt 0.8308 0.5102 -0.2023
vt 0.8385 0.5145 -0.2011
vt 0.8343 0.5162 -0.2043
vt 0.8415 0.5132 -0.1961
vt 0.8423 0.5053 -0.1897
vt 0.8489 0.5065 -0.1795
vt 0.8451 0.5140 -0.1908
vt 0.8547 0.5104 -0.1718
vt 0.8477 0.5161 -0.1877
vt 0.8588 0.5166 -0.1698
vt 0.8506 0.5202 -0.1849
vt 0.8429 0.5224 -0.1990
vt 0.8432 0.5193 -0.1974
vt 0.8402 0.5186 -0.2020
vt 0.8380 0.5215 -0.2059
vt 0.8416 0.5165 -0.1983
vt 0.8430 0.5168 -0.1962
vt 0.8401 0.4726 -0.1727
vt 0.8417 0.4906 -0.1802
vt 0.8535 0.4921 -0.1621
vt 0.8573 0.4725 -0.1434
vt 0.8654 0.4988 -0.1455
vt 0.8746 0.4784 -0.1181
vt 0.8733 0.5067 -0.1411
vt 0.8889 0.4863 -0.1097
vt 0.1950 0.1450 -0.1567
vt 0.1772 0.1432 -0.1695
vt 0.1808 0.1258 -0.1945
vt 0.1962 0.1270 -0.1854
vt 0.1925 0.1631 -0.1363
vt 0.1715 0.1623 -0.1512
vt 0.1910 0.1849 -0.1249
vt 0.1680 0.1798 -0.1444
vt 0.2134 0.1626 -0.1432
vt 0.2124 0.1843 -0.1350
vt 0.2143 0.1465 -0.1554
vt 0.2147 0.1292 -0.1781
vt 0.1980 0.1065 -0.2223
vt 0.2024 0.0799 -0.2712
vt 0.2100 0.0811 -0.2756
vt 0.2105 0.1086 -0.2137
vt 0.1749 0.1025 -0.2363
vt 0.1966 0.0772 -0.2752
vt 0.1996 0.0597 -0.2964
vt 0.2207 0.0571 -0.2896
vt 0.2287 0.0636 -0.2811
vt 0.1998 0.0362 -0.3247
vt 0.2215 0.0336 -0.3115
vt 0.1999 0.0078 -0.3389
vt 0.2193 0.0078 -0.3218
vt 0.2409 0.1185 -0.1660
vt 0.2413 0.1339 -0.1556
vt 0.2676 0.1210 -0.1397
vt 0.2716 0.1359 -0.1285
vt 0.3116 0.1170 -0.1537
vt 0.3005 0.1137 -0.1502
vt 0.2921 0.1225 -0.1361
vt 0.2859 0.1057 -0.1561
vt 0.3052 0.1321 -0.1359
vt 0.2969 0.1452 -0.1253
vt 0.2877 0.1597 -0.1206
vt 0.2645 0.1541 -0.1197
vt 0.2390 0.1505 -0.1379
vt 0.2363 0.1676 -0.1205
vt 0.2333 0.1867 -0.1145
vt 0.2599 0.1704 -0.1104
vt 0.2578 0.1872 -0.1028
vt 0.2821 0.1734 -0.1155
vt 0.2805 0.1838 -0.1108
vt 0.2473 0.0333 -0.2977
vt 0.2415 0.0078 -0.3063
vt 0.3151 0.1343 -0.1293
vt 0.3090 0.1483 -0.1141
vt 0.3283 0.1400 -0.1127
vt 0.3223 0.1545 -0.0965
vt 0.3417 0.1484 -0.0933
vt 0.3482 0.1317 -0.1131
vt 0.3017 0.1618 -0.1093
vt 0.2938 0.1746 -0.1078
vt 0.2881 0.1845 -0.1031
vt 0.3363 0.2508 0.0619
vt 0.3300 0.2332 0.0269
vt 0.3228 0.2558 0.0645
vt 0.3152 0.2390 0.0309
vt 0.6134 0.2627 0.0619
vt 0.6151 0.2447 0.0953
vt 0.6257 0.2459 0.0977
vt 0.6273 0.2649 0.0645
vt 0.6179 0.2252 0.1237
vt 0.6235 0.2244 0.1256
vt 0.3157 0.1685 -0.0898
vt 0.3080 0.1822 -0.0822
vt 0.3354 0.1634 -0.0778
vt 0.2975 0.1937 -0.0719
vt 0.3286 0.1784 -0.0673
vt 0.3210 0.1957 -0.0488
vt 0.3250 0.2160 -0.0079
vt 0.3091 0.2220 -0.0040
vt 0.3043 0.2065 -0.0384
vt 0.3195 0.1197 -0.1479
vt 0.3328 0.1248 -0.1319
vt 0.3196 0.1033 -0.1714
vt 0.3355 0.1079 -0.1550
vt 0.3546 0.1139 -0.1339
vt 0.3736 0.1200 -0.1110
vt 0.3143 0.0860 -0.1986
vt 0.3370 0.0929 -0.1730
vt 0.3583 0.0971 -0.1501
vt 0.3837 0.1000 -0.1198
vt 0.3606 0.0810 -0.1645
vt 0.3817 0.0808 -0.1433
vt 0.3384 0.0791 -0.1869
vt 0.3176 0.0715 -0.2131
vt 0.2947 0.0674 -0.2342
vt 0.2764 0.0519 -0.2642
vt 0.2641 0.0306 -0.2862
vt 0.2568 0.0078 -0.2945
vt 0.2682 0.0078 -0.2879
vt 0.2767 0.0289 -0.2802
vt 0.2874 0.0440 -0.2636
vt 0.3011 0.0564 -0.2432
vt 0.3920 0.1393 -0.0851
vt 0.4043 0.1226 -0.0890
vt 0.4032 0.0965 -0.1075
vt 0.4191 0.1123 -0.0770
vt 0.3956 0.0800 -0.1350
vt 0.3817 0.0634 -0.1648
vt 0.3941 0.0618 -0.1598
vt 0.4376 0.1253 -0.0415
vt 0.4237 0.1401 -0.0554
vt 0.4125 0.1570 -0.0537
vt 0.4564 0.1375 -0.0027
vt 0.4428 0.1559 -0.0135
vt 0.4351 0.1718 -0.0084
vt 0.4295 0.1878 0.0132
vt 0.4703 0.1477 0.0225
vt 0.4578 0.1706 0.0211
vt 0.4586 0.1834 0.0367
vt 0.4562 0.1965 0.0525
vt 0.3868 0.0433 -0.1793
vt 0.3974 0.0428 -0.1746
vt 0.3916 0.0258 -0.1859
vt 0.4032 0.0244 -0.1852
vt 0.3935 0.0078 -0.1881
vt 0.4102 0.0078 -0.1911
vt 0.5299 0.0169 0.0018
vt 0.5343 0.0100 0.0097
vt 0.5350 0.0078 0.0092
vt 0.5292 0.0078 -0.0046
vt 0.5205 0.0185 -0.0122
vt 0.5200 0.0078 -0.0207
vt 0.5221 0.0306 -0.0002
vt 0.5242 0.0536 0.0204
vt 0.5261 0.0819 0.0454
vt 0.4689 0.1239 -0.0056
vt 0.4827 0.1351 0.0261
vt 0.4991 0.1264 0.0379
vt 0.4843 0.1115 0.0008
vt 0.5048 0.0542 -0.0123
vt 0.5020 0.0770 0.0014
vt 0.5054 0.0323 -0.0280
vt 0.4147 0.0247 -0.1723
vt 0.4097 0.0412 -0.1649
vt 0.4313 0.0209 -0.1598
vt 0.4279 0.0387 -0.1513
vt 0.4215 0.0078 -0.1762
vt 0.4358 0.0078 -0.1547
vt 0.4093 0.0606 -0.1478
vt 0.4293 0.0568 -0.1325
vt 0.4147 0.0762 -0.1252
vt 0.4332 0.0711 -0.1124
vt 0.4228 0.0900 -0.1017
vt 0.4398 0.0828 -0.0926
vt 0.4359 0.1028 -0.0732
vt 0.4522 0.1138 -0.0401
vt 0.4673 0.1015 -0.0363
vt 0.4527 0.0923 -0.0670
vt 0.5032 0.0181 -0.0421
vt 0.5039 0.0078 -0.0479
vt 0.4886 0.0147 -0.0729
vt 0.4866 0.0078 -0.0787
vt 0.4704 0.0133 -0.1072
vt 0.4686 0.0078 -0.1096
vt 0.4508 0.0155 -0.1368
vt 0.4500 0.0078 -0.1367
vt 0.4490 0.0350 -0.1263
vt 0.4682 0.0314 -0.0977
vt 0.4868 0.0304 -0.0645
vt 0.4856 0.0526 -0.0489
vt 0.4671 0.0524 -0.0817
vt 0.4487 0.0535 -0.1104
vt 0.4494 0.0678 -0.0957
vt 0.4652 0.0685 -0.0705
vt 0.4824 0.0718 -0.0381
vt 0.4504 0.0774 -0.0850
vt 0.4615 0.0816 -0.0645
vt 0.4766 0.0885 -0.0337
vt 0.4947 0.0989 0.0066
vt 0.3617 0.0624 -0.1893
vt 0.3402 0.0598 -0.2145
vt 0.3206 0.0553 -0.2343
vt 0.3078 0.0508 -0.2468
vt 0.3019 0.0407 -0.2629
vt 0.2954 0.0260 -0.2834
vt 0.2911 0.0078 -0.2946
vt 0.3193 0.0412 -0.2538
vt 0.3167 0.0255 -0.2743
vt 0.3146 0.0078 -0.2863
vt 0.3391 0.0078 -0.2640
vt 0.3398 0.0258 -0.2551
vt 0.3646 0.0078 -0.2331
vt 0.3641 0.0257 -0.2249
vt 0.3403 0.0428 -0.2364
vt 0.3633 0.0437 -0.2097
vt 0.3032 0.8432 -0.0219
vt 0.3145 0.8563 -0.0149
vt 0.3066 0.8359 -0.0309
vt 0.3178 0.8490 -0.0255
vt 0.3097 0.8198 -0.0509
vt 0.3221 0.8278 -0.0578
vt 0.3111 0.8044 -0.0645
vt 0.3242 0.8086 -0.0802
vt 0.3209 0.7770 -0.0864
vt 0.3244 0.7767 -0.0905
vt 0.3205 0.7725 -0.0874
vt 0.3283 0.7707 -0.0926
vt 0.3312 0.8081 -0.0863
vt 0.3312 0.8289 -0.0619
vt 0.3327 0.8527 -0.0237
vt 0.3329 0.8599 -0.0110
vt 0.3344 0.8719 0.0110
vt 0.3033 0.7975 -0.0608
vt 0.2983 0.8149 -0.0462
vt 0.2960 0.8259 -0.0348
vt 0.3348 0.7752 -0.0875
vt 0.3319 0.7746 -0.0906
vt 0.3356 0.7709 -0.0874
vt 0.3558 0.7932 -0.0608
vt 0.3488 0.7996 -0.0652
vt 0.3370 0.8053 -0.0811
vt 0.3383 0.8229 -0.0629
vt 0.3447 0.8424 -0.0318
vt 0.3523 0.8134 -0.0527
vt 0.3546 0.8272 -0.0379
vt 0.3621 0.8099 -0.0462
vt 0.3641 0.8211 -0.0348
vt 0.3459 0.8539 -0.0159
vt 0.3615 0.8648 0.0040
vt 0.3579 0.8335 -0.0299
vt 0.3657 0.8488 -0.0047
vt 0.3703 0.8247 -0.0257
vt 0.2909 0.8309 -0.0257
vt 0.2015 0.9425 -0.0257
vt 0.2059 0.9257 -0.0219
vt 0.2154 0.9461 -0.0053
vt 0.4915 0.9085 -0.0257
vt 0.4786 0.9150 -0.0053
vt 0.4698 0.8953 -0.0047
vt 0.4888 0.8938 -0.0299
vt 0.3826 0.8246 -0.0375
vt 0.3936 0.8395 -0.0473
vt 0.3963 0.8168 -0.0507
vt 0.4013 0.8343 -0.0576
vt 0.4123 0.8082 -0.0682
vt 0.4197 0.8219 -0.0880
vt 0.4291 0.7985 -0.0785
vt 0.4344 0.8103 -0.1006
vt 0.4524 0.7888 -0.0776
vt 0.4565 0.7916 -0.0831
vt 0.4544 0.7856 -0.0747
vt 0.4625 0.7920 -0.0819
vt 0.4391 0.8157 -0.1054
vt 0.4238 0.8271 -0.0912
vt 0.4118 0.8444 -0.0576
vt 0.4247 0.7875 -0.0636
vt 0.4080 0.7946 -0.0559
vt 0.3932 0.8027 -0.0432
vt 0.3818 0.8012 -0.0279
vt 0.4071 0.8484 -0.0482
vt 0.4324 0.8346 -0.0781
vt 0.4234 0.8519 -0.0497
vt 0.4359 0.8565 -0.0432
vt 0.4453 0.8426 -0.0594
vt 0.4568 0.8451 -0.0559
vt 0.4470 0.8595 -0.0432
vt 0.4561 0.8264 -0.0708
vt 0.4643 0.8295 -0.0636
vt 0.4448 0.8212 -0.0906
vt 0.4629 0.7991 -0.0808
vt 0.4686 0.8003 -0.0747
vt 0.4646 0.8023 -0.0765
vt 0.4187 0.8557 -0.0413
vt 0.4300 0.8655 -0.0308
vt 0.4426 0.8737 -0.0279
vt 0.4617 0.8722 -0.0375
vt 0.4400 0.8921 -0.0067
vt 0.4218 0.8892 0.0019
vt 0.4062 0.8811 0.0023
vt 0.3933 0.8709 -0.0046
vt 0.3820 0.8880 0.0238
vt 0.3587 0.8804 0.0209
vt 0.4003 0.8917 0.0184
vt 0.4191 0.8968 0.0108
vt 0.4380 0.9036 0.0003
vt 0.4526 0.9134 -0.0027
vt 0.4677 0.9248 -0.0015
vt 0.2257 0.9563 -0.0015
vt 0.2357 0.9410 0.0006
vt 0.2469 0.9310 0.0074
vt 0.2628 0.9244 0.0210
vt 0.2804 0.9134 0.0335
vt 0.2997 0.9037 0.0408
vt 0.3156 0.8911 0.0311
vt 0.3359 0.8859 0.0317
vt 0.4315 0.9246 0.0234
vt 0.4175 0.9184 0.0316
vt 0.4263 0.9465 0.0491
vt 0.4088 0.9385 0.0607
vt 0.4173 0.9625 0.0747
vt 0.4039 0.9528 0.0791
vt 0.4405 0.9627 0.0529
vt 0.4312 0.9752 0.0746
vt 0.2722 0.9667 0.0558
vt 0.2852 0.9760 0.0789
vt 0.2746 0.9917 0.0746
vt 0.2603 0.9859 0.0529
vt 0.2886 0.9512 0.0701
vt 0.2992 0.9622 0.0902
vt 0.2745 0.9384 0.0446
vt 0.2607 0.9487 0.0316
vt 0.2473 0.9564 0.0230
vt 0.2552 0.9676 0.0381
vt 0.2483 0.9764 0.0371
vt 0.4491 0.9498 0.0371
vt 0.4401 0.9422 0.0347
vt 0.4453 0.9295 0.0180
vt 0.4575 0.9379 0.0198
vt 0.2378 0.9670 0.0198
vt 0.2921 0.9278 0.0568
vt 0.3031 0.9419 0.0800
vt 0.3102 0.9550 0.0985
vt 0.3077 0.9172 0.0619
vt 0.3171 0.9320 0.0849
vt 0.3247 0.9477 0.1054
vt 0.3218 0.9065 0.0528
vt 0.3943 0.9095 0.0435
vt 0.3894 0.9317 0.0710
vt 0.3864 0.9457 0.0886
vt 0.3761 0.9023 0.0474
vt 0.3670 0.9255 0.0803
vt 0.3665 0.9423 0.0997
vt 0.3425 0.9285 0.0864
vt 0.3452 0.9439 0.1052
vt 0.3263 0.9176 0.0690
vt 0.3405 0.9144 0.0693
vt 0.3387 0.9006 0.0513
vt 0.3572 0.8979 0.0436
vt 0.3550 0.9125 0.0638
vt 0.1159 0.8210 -0.0028
vt 0.1159 0.8033 -0.0084
vt 0.1373 0.8033 -0.0139
vt 0.1373 0.8210 -0.0089
vt 0.0950 0.8210 -0.0070
vt 0.0950 0.8033 -0.0121
vt 0.0773 0.8210 -0.0134
vt 0.0773 0.8033 -0.0188
vt 0.0607 0.8210 -0.0204
vt 0.0607 0.8033 -0.0268
vt 0.0433 0.8210 -0.0268
vt 0.0433 0.8033 -0.0333
vt 0.1578 0.8033 -0.0238
vt 0.1578 0.8210 -0.0175
vt 0.1745 0.8033 -0.0316
vt 0.1745 0.8210 -0.0245
vt 0.1915 0.8033 -0.0362
vt 0.1915 0.8210 -0.0287
vt 0.0078 0.8210 -0.0287
vt 0.0078 0.8033 -0.0362
vt 0.0271 0.8033 -0.0363
vt 0.0271 0.8210 -0.0286
vt 0.0433 0.7489 -0.0550
vt 0.0433 0.7651 -0.0496
vt 0.0271 0.7651 -0.0523
vt 0.0271 0.7489 -0.0574
vt 0.1159 0.7651 -0.0284
vt 0.1159 0.7489 -0.0396
vt 0.1373 0.7489 -0.0419
vt 0.1373 0.7651 -0.0321
vt 0.0950 0.7651 -0.0309
vt 0.0950 0.7489 -0.0405
vt 0.0773 0.7651 -0.0371
vt 0.0773 0.7489 -0.0461
vt 0.0607 0.7651 -0.0442
vt 0.0607 0.7489 -0.0510
vt 0.1578 0.7489 -0.0497
vt 0.1578 0.7651 -0.0412
vt 0.1745 0.7489 -0.0567
vt 0.1745 0.7651 -0.0491
vt 0.1915 0.7489 -0.0586
vt 0.1915 0.7651 -0.0524
vt 0.0078 0.7651 -0.0524
vt 0.0078 0.7489 -0.0586
vt 0.0433 0.7844 -0.0406
vt 0.0271 0.7844 -0.0441
vt 0.0271 0.7361 -0.0657
vt 0.0433 0.7361 -0.0630
vt 0.1159 0.7361 -0.0482
vt 0.1373 0.7361 -0.0509
vt 0.1373 0.7844 -0.0225
vt 0.1159 0.7844 -0.0178
vt 0.0950 0.7361 -0.0482
vt 0.0950 0.7844 -0.0207
vt 0.0773 0.7361 -0.0529
vt 0.0773 0.7844 -0.0268
vt 0.0607 0.7361 -0.0576
vt 0.0607 0.7844 -0.0348
vt 0.1578 0.7361 -0.0574
vt 0.1578 0.7844 -0.0319
vt 0.1745 0.7361 -0.0637
vt 0.1745 0.7844 -0.0399
vt 0.1915 0.7361 -0.0663
vt 0.1915 0.7844 -0.0440
vt 0.0078 0.7361 -0.0663
vt 0.0078 0.7844 -0.0440
vt 0.1373 0.8382 -0.0045
vt 0.1159 0.8382 0.0001
vt 0.0950 0.8382 -0.0031
vt 0.0773 0.8382 -0.0076
vt 0.0607 0.8382 -0.0144
vt 0.0433 0.8382 -0.0199
vt 0.1578 0.8382 -0.0111
vt 0.1745 0.8382 -0.0178
vt 0.1915 0.8382 -0.0216
vt 0.0271 0.8382 -0.0215
vt 0.0078 0.8382 -0.0216
vt 0.0271 0.7237 -0.0713
vt 0.0433 0.7237 -0.0693
vt 0.1159 0.7237 -0.0566
vt 0.1373 0.7237 -0.0592
vt 0.0950 0.7237 -0.0565
vt 0.0773 0.7237 -0.0598
vt 0.0607 0.7237 -0.0638
vt 0.1578 0.7237 -0.0646
vt 0.1745 0.7237 -0.0692
vt 0.1915 0.7237 -0.0713
vt 0.0078 0.7237 -0.0713
vt 0.1373 0.8563 0.0050
vt 0.1373 0.8761 0.0154
vt 0.1159 0.8761 0.0207
vt 0.1159 0.8563 0.0103
vt 0.0950 0.8761 0.0189
vt 0.0950 0.8563 0.0079
vt 0.0773 0.8761 0.0144
vt 0.0773 0.8563 0.0035
vt 0.0607 0.8761 0.0086
vt 0.0607 0.8563 -0.0032
vt 0.0433 0.8761 0.0028
vt 0.0433 0.8563 -0.0087
vt 0.1578 0.8563 -0.0020
vt 0.1578 0.8761 0.0080
vt 0.1745 0.8563 -0.0089
vt 0.1745 0.8761 0.0011
vt 0.1915 0.8563 -0.0139
vt 0.1915 0.8761 -0.0034
vt 0.0271 0.8563 -0.0128
vt 0.0271 0.8761 -0.0021
vt 0.0078 0.8761 -0.0034
vt 0.0078 0.8563 -0.0139
vt 0.1373 0.8965 0.0252
vt 0.1373 0.9156 0.0347
vt 0.1159 0.9156 0.0398
vt 0.1159 0.8965 0.0299
vt 0.0950 0.9156 0.0401
vt 0.0950 0.8965 0.0289
vt 0.0773 0.9156 0.0364
vt 0.0773 0.8965 0.0250
vt 0.0607 0.9156 0.0310
vt 0.0607 0.8965 0.0199
vt 0.0433 0.9156 0.0276
vt 0.0433 0.8965 0.0149
vt 0.1578 0.8965 0.0190
vt 0.1745 0.8965 0.0138
vt 0.1915 0.8965 0.0111
vt 0.1915 0.9156 0.0250
vt 0.1745 0.9156 0.0266
vt 0.0271 0.8965 0.0107
vt 0.0271 0.9156 0.0232
vt 0.0078 0.9156 0.0250
vt 0.0078 0.8965 0.0111
vt 0.0271 0.9200 0.0250
vt 0.0078 0.9229 0.0256
vt 0.1915 0.9223 0.0256
vt 0.1745 0.9239 0.0269
vt 0.0433 0.9274 0.0308
vt 0.0607 0.9302 0.0395
vt 0.0607 0.9459 0.0487
vt 0.0433 0.9410 0.0367
vt 0.0773 0.9330 0.0486
vt 0.0773 0.9499 0.0591
vt 0.0607 0.9634 0.0583
vt 0.0433 0.9552 0.0425
vt 0.0607 0.9805 0.0642
vt 0.0433 0.9628 0.0451
vt 0.0773 0.9681 0.0666
vt 0.0773 0.9854 0.0691
vt 0.1578 0.9283 0.0313
vt 0.1578 0.9156 0.0277
vt 0.1159 0.9322 0.0506
vt 0.1373 0.9305 0.0423
vt 0.0950 0.9327 0.0531
vt 0.0950 0.9508 0.0643
vt 0.0950 0.9703 0.0706
vt 0.0950 0.9873 0.0713
vt 0.5155 0.1176 0.0557
vt 0.1373 0.9482 0.0510
vt 0.1578 0.9445 0.0379
vt 0.1159 0.9504 0.0613
vt 0.1159 0.9704 0.0687
vt 0.1159 0.9922 0.0693
vt 0.1373 0.9686 0.0601
vt 0.1373 0.9830 0.0667
vt 0.1578 0.9680 0.0531
vt 0.5370 0.1162 0.0965
vt 0.5319 0.1307 0.1154
vt 0.5644 0.7367 -0.1224
vt 0.5595 0.7553 -0.1124
vt 0.5343 0.7553 -0.1141
vt 0.5293 0.7367 -0.1241
vt 0.5595 0.8384 0.1241
vt 0.5645 0.8570 0.1147
vt 0.5293 0.8570 0.1130
vt 0.5343 0.8384 0.1224
vt 0.5053 0.8094 0.0377
vt 0.4867 0.8144 0.0281
vt 0.4867 0.7793 -0.0431
vt 0.5053 0.7843 -0.0333
vt 0.5568 0.7869 -0.0182
vt 0.5568 0.8068 0.0528
vt 0.5370 0.8068 0.0511
vt 0.5370 0.7869 -0.0199
vt 0.6070 0.8144 0.0337
vt 0.5884 0.8094 0.0433
vt 0.5884 0.7842 -0.0277
vt 0.6070 0.7792 -0.0375
vt 0.5914 0.7523 -0.0901
vt 0.5785 0.7652 -0.0813
vt 0.5152 0.7652 -0.0855
vt 0.5024 0.7523 -0.0943
vt 0.5785 0.8285 0.0945
vt 0.5914 0.8413 0.0850
vt 0.5024 0.8414 0.0808
vt 0.5152 0.8285 0.0904
vt 0.5729 0.7873 -0.0177
vt 0.5729 0.8064 0.0464
vt 0.5209 0.8064 0.0422
vt 0.5209 0.7873 -0.0219
vt 0.5565 0.8228 0.1010
vt 0.5373 0.8228 0.0994
vt 0.5373 0.7708 -0.0764
vt 0.5564 0.7708 -0.0749
vt 0.5697 0.8196 0.0863
vt 0.5697 0.7740 -0.0620
vt 0.5241 0.7740 -0.0656
vt 0.5241 0.8196 0.0827
vt 0.5281 0.7315 -0.1001
vt 0.5656 0.7315 -0.0987
vt 0.5657 0.8621 0.0907
vt 0.5281 0.8621 0.0893
vt 0.4816 0.8156 0.0215
vt 0.4816 0.7781 -0.0354
vt 0.6122 0.7781 -0.0309
vt 0.6122 0.8156 0.0260
vt 0.5952 0.7485 -0.0730
vt 0.4985 0.7485 -0.0763
vt 0.5952 0.8451 0.0669
vt 0.4986 0.8452 0.0636
vt 0.5570 0.6449 -0.0721
vt 0.5541 0.6557 -0.0644
vt 0.5395 0.6557 -0.0636
vt 0.5367 0.6449 -0.0713
vt 0.5542 0.7037 0.0713
vt 0.5571 0.7144 0.0639
vt 0.5367 0.7145 0.0647
vt 0.5396 0.7037 0.0721
vt 0.5229 0.6870 0.0256
vt 0.5121 0.6899 0.0181
vt 0.5121 0.6695 -0.0227
vt 0.5228 0.6724 -0.0152
vt 0.5526 0.6739 -0.0080
vt 0.5526 0.6854 0.0327
vt 0.5411 0.6854 0.0335
vt 0.5411 0.6739 -0.0072
vt 0.5817 0.6898 0.0154
vt 0.5709 0.6869 0.0229
vt 0.5709 0.6723 -0.0179
vt 0.5816 0.6695 -0.0255
vt 0.5726 0.6539 -0.0549
vt 0.5651 0.6613 -0.0480
vt 0.5285 0.6614 -0.0460
vt 0.5211 0.6540 -0.0529
vt 0.5652 0.6979 0.0529
vt 0.5726 0.7054 0.0456
vt 0.5212 0.7054 0.0476
vt 0.5286 0.6980 0.0549
vt 0.5619 0.6741 -0.0099
vt 0.5619 0.6852 0.0269
vt 0.5318 0.6852 0.0289
vt 0.5318 0.6742 -0.0079
vt 0.5524 0.6947 0.0596
vt 0.5413 0.6947 0.0603
vt 0.5413 0.6647 -0.0406
vt 0.5524 0.6647 -0.0413
vt 0.5601 0.6928 0.0497
vt 0.5601 0.6665 -0.0354
vt 0.5337 0.6665 -0.0337
vt 0.5337 0.6929 0.0514
vt 0.5360 0.6419 -0.0577
vt 0.5577 0.6419 -0.0583
vt 0.5577 0.7174 0.0503
vt 0.5361 0.7174 0.0510
vt 0.5091 0.6905 0.0137
vt 0.5091 0.6689 -0.0189
vt 0.5846 0.6688 -0.0211
vt 0.5846 0.6905 0.0115
vt 0.5748 0.6517 -0.0446
vt 0.5189 0.6517 -0.0430
vt 0.5748 0.7076 0.0357
vt 0.5189 0.7076 0.0373
vt 0.5541 0.5767 -0.0510
vt 0.5521 0.5844 -0.0475
vt 0.5416 0.5844 -0.0472
vt 0.5396 0.5767 -0.0507
vt 0.5521 0.6188 0.0507
vt 0.5542 0.6265 0.0474
vt 0.5396 0.6265 0.0478
vt 0.5417 0.6188 0.0510
vt 0.5297 0.6068 0.0171
vt 0.5220 0.6089 0.0137
vt 0.5220 0.5943 -0.0158
vt 0.5297 0.5964 -0.0124
vt 0.5510 0.5975 -0.0091
vt 0.5510 0.6057 0.0203
vt 0.5428 0.6057 0.0207
vt 0.5428 0.5975 -0.0088
vt 0.5718 0.6088 0.0125
vt 0.5641 0.6068 0.0159
vt 0.5641 0.5963 -0.0136
vt 0.5718 0.5943 -0.0170
vt 0.5653 0.5831 -0.0384
vt 0.5600 0.5885 -0.0354
vt 0.5338 0.5885 -0.0345
vt 0.5284 0.5832 -0.0375
vt 0.5600 0.6147 0.0377
vt 0.5653 0.6200 0.0343
vt 0.5285 0.6200 0.0352
vt 0.5338 0.6147 0.0386
vt 0.5576 0.5976 -0.0095
vt 0.5576 0.6055 0.0172
vt 0.5361 0.6055 0.0181
vt 0.5361 0.5976 -0.0086
vt 0.5508 0.6123 0.0406
vt 0.5429 0.6123 0.0410
vt 0.5429 0.5908 -0.0320
vt 0.5508 0.5908 -0.0324
vt 0.5563 0.6110 0.0340
vt 0.5563 0.5921 -0.0275
vt 0.5374 0.5921 -0.0268
vt 0.5374 0.6110 0.0348
vt 0.5391 0.5745 -0.0408
vt 0.5546 0.5745 -0.0411
vt 0.5547 0.6286 0.0375
vt 0.5391 0.6286 0.0378
vt 0.5198 0.6094 0.0107
vt 0.5198 0.5938 -0.0130
vt 0.5739 0.5938 -0.0139
vt 0.5739 0.6093 0.0097
vt 0.5669 0.5816 -0.0310
vt 0.5268 0.5816 -0.0303
vt 0.5669 0.6216 0.0271
vt 0.5269 0.6216 0.0278
# 2059 texture coords

o DinoBody
g DinoBody
usemtl wire_088177027
s 1
f 1/1/1 2/2/2 3/3/3 4/4/4 
f 5/5/5 6/6/6 4/4/4 3/3/3 
f 7/7/7 8/8/8 2/2/2 1/1/1 
f 9/9/9 10/10/10 6/6/6 5/5/5 
f 11/11/11 12/12/12 7/7/7 1/1/1 
f 13/13/13 14/14/14 7/7/7 12/12/12 
f 15/15/15 16/16/16 14/14/14 13/13/13 
f 17/17/17 18/18/18 16/16/16 15/15/15 
f 19/19/19 8/8/8 7/7/7 14/14/14 
f 19/19/19 14/14/14 16/16/16 20/20/20 
f 20/20/20 16/16/16 18/18/18 21/21/21 
f 22/22/22 23/23/23 24/24/24 25/25/25 
f 26/26/26 27/27/27 23/23/23 22/22/22 
f 28/28/28 29/29/29 27/27/27 26/26/26 
f 30/30/30 31/31/31 25/25/25 24/24/24 
f 32/32/32 33/33/33 31/31/31 30/30/30 
f 33/33/33 32/32/32 29/29/29 28/28/28 
f 34/34/34 35/35/35 32/32/32 30/30/30 
f 36/36/36 37/37/37 32/32/32 35/35/35 
f 38/38/38 29/29/29 32/32/32 37/37/37 
f 34/34/34 30/30/30 24/24/24 39/39/39 
f 20/20/20 21/21/21 39/39/39 24/24/24 
f 19/19/19 20/20/20 24/24/24 23/23/23 
f 40/40/40 27/27/27 29/29/29 38/38/38 
f 41/41/41 42/42/42 38/38/38 37/37/37 
f 41/41/41 37/37/37 36/36/36 43/43/43 
f 44/44/44 40/40/40 38/38/38 42/42/42 
f 45/45/45 46/46/46 41/41/41 43/43/43 
f 47/47/47 42/42/42 41/41/41 46/46/46 
f 48/48/48 44/44/44 42/42/42 47/47/47 
f 49/49/49 50/50/50 48/48/48 47/47/47 
f 49/49/49 47/47/47 46/46/46 51/51/51 
f 51/51/51 46/46/46 45/45/45 52/52/52 
f 53/53/53 8/8/8 19/19/19 23/23/23 
f 54/54/54 2/2/2 8/8/8 53/53/53 
f 55/55/55 3/3/3 2/2/2 54/54/54 
f 56/56/56 5/5/5 3/3/3 55/55/55 
f 57/57/57 9/9/9 5/5/5 56/56/56 
f 53/53/53 23/23/23 27/27/27 58/58/58 
f 59/59/59 60/60/60 10/10/10 9/9/9 
f 61/61/61 62/62/62 60/60/60 59/59/59 
f 63/63/63 64/64/64 62/62/62 61/61/61 
f 59/59/59 9/9/9 57/57/57 65/65/65 
f 66/66/66 61/61/61 59/59/59 65/65/65 
f 67/67/67 63/63/63 61/61/61 66/66/66 
f 68/68/68 54/54/54 53/53/53 58/58/58 
f 58/58/58 27/27/27 40/40/40 69/69/69 
f 70/70/70 68/68/68 58/58/58 69/69/69 
f 40/40/40 44/44/44 70/70/70 69/69/69 
f 71/71/71 72/72/72 56/56/56 55/55/55 
f 71/71/71 55/55/55 54/54/54 73/73/73 
f 73/73/73 54/54/54 68/68/68 74/74/74 
f 74/74/74 68/68/68 70/70/70 75/75/75 
f 44/44/44 48/48/48 75/75/75 70/70/70 
f 76/76/76 77/77/77 72/72/72 71/71/71 
f 76/76/76 71/71/71 73/73/73 78/78/78 
f 78/78/78 73/73/73 74/74/74 79/79/79 
f 79/79/79 74/74/74 75/75/75 80/80/80 
f 48/48/48 50/50/50 80/80/80 75/75/75 
f 81/81/81 82/82/82 77/77/77 76/76/76 
f 83/83/83 84/84/84 67/67/67 66/66/66 
f 83/83/83 66/66/66 65/65/65 85/85/85 
f 85/85/85 65/65/65 57/57/57 86/86/86 
f 86/86/86 57/57/57 56/56/56 87/87/87 
f 87/87/87 56/56/56 72/72/72 88/88/88 
f 88/88/88 72/72/72 77/77/77 89/89/89 
f 89/89/89 77/77/77 82/82/82 90/90/90 
f 91/91/91 92/92/92 89/89/89 90/90/90 
f 93/93/93 88/88/88 89/89/89 92/92/92 
f 94/94/94 87/87/87 88/88/88 93/93/93 
f 95/95/95 86/86/86 87/87/87 94/94/94 
f 96/96/96 85/85/85 86/86/86 95/95/95 
f 97/97/97 83/83/83 85/85/85 96/96/96 
f 98/98/98 84/84/84 83/83/83 97/97/97 
f 99/99/99 100/100/100 92/92/92 91/91/91 
f 81/81/81 76/76/76 78/78/78 101/101/101 
f 101/101/101 78/78/78 79/79/79 102/102/102 
f 102/102/102 79/79/79 80/80/80 103/103/103 
f 103/103/103 80/80/80 50/50/50 104/104/104 
f 104/104/104 50/50/50 49/49/49 105/105/105 
f 105/105/105 49/49/49 51/51/51 106/106/106 
f 106/106/106 51/51/51 52/52/52 107/107/107 
f 108/108/108 93/93/93 92/92/92 100/100/100 
f 109/109/109 94/94/94 93/93/93 108/108/108 
f 110/110/110 95/95/95 94/94/94 109/109/109 
f 111/111/111 96/96/96 95/95/95 110/110/110 
f 112/112/112 97/97/97 96/96/96 111/111/111 
f 113/113/113 98/98/98 97/97/97 112/112/112 
f 114/114/114 115/115/115 62/62/62 64/64/64 
f 116/116/116 60/60/60 62/62/62 115/115/115 
f 117/117/117 10/10/10 60/60/60 116/116/116 
f 118/118/118 6/6/6 10/10/10 117/117/117 
f 119/119/119 4/4/4 6/6/6 118/118/118 
f 119/119/119 11/11/11 1/1/1 4/4/4 
f 120/120/120 121/121/121 99/99/99 91/91/91 
f 120/120/120 91/91/91 90/90/90 122/122/122 
f 123/123/123 124/124/124 121/121/121 120/120/120 
f 125/125/125 122/122/122 90/90/90 82/82/82 
f 126/126/126 125/125/125 82/82/82 81/81/81 
f 126/126/126 81/81/81 101/101/101 127/127/127 
f 128/128/128 122/122/122 125/125/125 126/126/126 
f 120/120/120 122/122/122 128/128/128 123/123/123 
f 128/128/128 126/126/126 127/127/127 129/129/129 
f 130/130/130 123/123/123 128/128/128 129/129/129 
f 127/127/127 101/101/101 102/102/102 131/131/131 
f 132/132/132 129/129/129 127/127/127 131/131/131 
f 133/133/133 130/130/130 129/129/129 132/132/132 
f 131/131/131 102/102/102 103/103/103 134/134/134 
f 135/135/135 132/132/132 131/131/131 134/134/134 
f 136/136/136 133/133/133 132/132/132 135/135/135 
f 134/134/134 103/103/103 104/104/104 137/137/137 
f 138/138/138 135/135/135 134/134/134 137/137/137 
f 139/139/139 136/136/136 135/135/135 138/138/138 
f 137/137/137 104/104/104 105/105/105 140/140/140 
f 141/141/141 138/138/138 137/137/137 140/140/140 
f 142/142/142 139/139/139 138/138/138 141/141/141 
f 140/140/140 105/105/105 106/106/106 143/143/143 
f 144/144/144 141/141/141 140/140/140 143/143/143 
f 145/145/145 142/142/142 141/141/141 144/144/144 
f 143/143/143 106/106/106 107/107/107 146/146/146 
f 147/147/147 144/144/144 143/143/143 146/146/146 
f 148/148/148 145/145/145 144/144/144 147/147/147 
f 149/149/149 124/124/124 123/123/123 130/130/130 
f 150/150/150 151/151/151 149/149/149 130/130/130 
f 152/152/152 153/153/153 151/151/151 150/150/150 
f 154/154/154 155/155/155 153/153/153 152/152/152 
f 156/156/156 157/157/157 155/155/155 154/154/154 
f 158/158/158 159/159/159 157/157/157 156/156/156 
f 160/160/160 161/161/161 159/159/159 158/158/158 
f 162/162/162 163/163/163 161/161/161 160/160/160 
f 164/164/164 165/165/165 163/163/163 162/162/162 
f 166/166/166 167/167/167 165/165/165 164/164/164 
f 168/168/168 169/169/169 167/167/167 166/166/166 
f 170/170/170 171/171/171 169/169/169 168/168/168 
f 172/172/172 173/173/173 171/171/171 170/170/170 
f 174/174/174 175/175/175 173/173/173 172/172/172 
f 176/176/176 177/177/177 175/175/175 174/174/174 
f 178/178/178 179/179/179 176/176/176 174/174/174 
f 178/178/178 174/174/174 172/172/172 180/180/180 
f 180/180/180 172/172/172 170/170/170 181/181/181 
f 181/181/181 170/170/170 168/168/168 182/182/182 
f 182/182/182 168/168/168 166/166/166 183/183/183 
f 183/183/183 166/166/166 164/164/164 184/184/184 
f 184/184/184 164/164/164 162/162/162 185/185/185 
f 185/185/185 162/162/162 160/160/160 186/186/186 
f 186/186/186 160/160/160 158/158/158 187/187/187 
f 188/188/188 189/189/189 179/179/179 178/178/178 
f 188/188/188 178/178/178 180/180/180 190/190/190 
f 191/191/191 189/189/189 188/188/188 190/190/190 
f 190/190/190 180/180/180 181/181/181 192/192/192 
f 193/193/193 191/191/191 190/190/190 192/192/192 
f 192/192/192 181/181/181 182/182/182 194/194/194 
f 195/195/195 193/193/193 192/192/192 194/194/194 
f 194/194/194 182/182/182 183/183/183 196/196/196 
f 197/197/197 195/195/195 194/194/194 196/196/196 
f 196/196/196 183/183/183 184/184/184 198/198/198 
f 199/199/199 197/197/197 196/196/196 198/198/198 
f 187/187/187 158/158/158 156/156/156 200/200/200 
f 200/200/200 156/156/156 154/154/154 201/201/201 
f 201/201/201 154/154/154 152/152/152 202/202/202 
f 202/202/202 152/152/152 150/150/150 203/203/203 
f 204/204/204 200/200/200 201/201/201 205/205/205 
f 206/206/206 187/187/187 200/200/200 204/204/204 
f 198/198/198 184/184/184 185/185/185 207/207/207 
f 207/207/207 185/185/185 186/186/186 208/208/208 
f 186/186/186 187/187/187 206/206/206 208/208/208 
f 130/130/130 133/133/133 203/203/203 150/150/150 
f 133/133/133 136/136/136 209/209/209 203/203/203 
f 210/210/210 199/199/199 198/198/198 207/207/207 
f 210/210/210 207/207/207 208/208/208 211/211/211 
f 211/211/211 208/208/208 206/206/206 212/212/212 
f 212/212/212 206/206/206 204/204/204 213/213/213 
f 213/213/213 204/204/204 205/205/205 214/214/214 
f 215/215/215 216/216/216 214/214/214 205/205/205 
f 215/215/215 205/205/205 201/201/201 217/217/217 
f 217/217/217 201/201/201 202/202/202 218/218/218 
f 202/202/202 203/203/203 209/209/209 218/218/218 
f 136/136/136 139/139/139 218/218/218 209/209/209 
f 139/139/139 142/142/142 217/217/217 218/218/218 
f 142/142/142 145/145/145 215/215/215 217/217/217 
f 145/145/145 148/148/148 216/216/216 215/215/215 
f 219/219/219 220/220/220 221/221/221 222/222/222 
f 219/219/219 222/222/222 223/223/223 224/224/224 
f 225/225/225 226/226/226 227/227/227 228/228/228 
f 229/229/229 230/230/230 227/227/227 226/226/226 
f 231/231/231 232/232/232 226/226/226 225/225/225 
f 233/233/233 229/229/229 226/226/226 232/232/232 
f 233/233/233 232/232/232 231/231/231 234/234/234 
f 235/235/235 236/236/236 230/230/230 229/229/229 
f 235/235/235 229/229/229 233/233/233 237/237/237 
f 237/237/237 233/233/233 234/234/234 238/238/238 
f 239/239/239 240/240/240 236/236/236 235/235/235 
f 239/239/239 235/235/235 237/237/237 241/241/241 
f 241/241/241 237/237/237 238/238/238 242/242/242 
f 243/243/243 244/244/244 240/240/240 239/239/239 
f 243/243/243 239/239/239 241/241/241 245/245/245 
f 245/245/245 241/241/241 242/242/242 246/246/246 
f 247/247/247 248/248/248 244/244/244 243/243/243 
f 247/247/247 243/243/243 245/245/245 249/249/249 
f 249/249/249 245/245/245 246/246/246 250/250/250 
f 251/251/251 252/252/252 248/248/248 247/247/247 
f 251/251/251 247/247/247 249/249/249 253/253/253 
f 253/253/253 249/249/249 250/250/250 254/254/254 
f 255/255/255 256/256/256 252/252/252 251/251/251 
f 255/255/255 251/251/251 253/253/253 257/257/257 
f 257/257/257 253/253/253 254/254/254 258/258/258 
f 159/159/159 161/161/161 256/256/256 223/223/223 
f 224/224/224 255/255/255 257/257/257 259/259/259 
f 259/259/259 257/257/257 258/258/258 260/260/260 
f 261/261/261 219/219/219 224/224/224 259/259/259 
f 261/261/261 259/259/259 260/260/260 262/262/262 
f 263/263/263 220/220/220 219/219/219 261/261/261 
f 263/263/263 261/261/261 262/262/262 264/264/264 
f 265/265/265 266/266/266 221/221/221 220/220/220 
f 265/265/265 220/220/220 263/263/263 267/267/267 
f 267/267/267 263/263/263 264/264/264 268/268/268 
f 269/269/269 270/270/270 266/266/266 265/265/265 
f 269/269/269 265/265/265 267/267/267 271/271/271 
f 271/271/271 267/267/267 268/268/268 272/272/272 
f 273/273/273 274/274/274 270/270/270 269/269/269 
f 275/275/275 276/276/276 274/274/274 273/273/273 
f 277/277/277 278/278/278 276/276/276 275/275/275 
f 279/279/279 280/280/280 277/277/277 275/275/275 
f 281/281/281 282/282/282 280/280/280 279/279/279 
f 279/279/279 275/275/275 273/273/273 283/283/283 
f 269/269/269 271/271/271 283/283/283 273/273/273 
f 284/284/284 281/281/281 279/279/279 283/283/283 
f 271/271/271 272/272/272 284/284/284 283/283/283 
f 285/285/285 121/121/121 124/124/124 286/286/286 
f 287/287/287 285/288/285 286/289/286 288/290/288 
f 289/291/289 290/292/290 287/287/287 288/290/288 
f 291/293/291 292/294/292 290/292/290 289/291/289 
f 99/99/99 121/121/121 285/285/285 287/295/287 
f 293/296/293 287/287/287 290/292/290 294/297/294 
f 295/298/295 99/99/99 287/295/287 293/299/293 
f 294/297/294 290/292/290 292/294/292 296/300/296 
f 297/301/297 298/302/298 292/294/292 291/293/291 
f 299/303/299 300/304/300 298/302/298 297/301/297 
f 301/305/301 302/306/302 300/304/300 299/303/299 
f 303/307/303 296/300/296 292/294/292 298/302/298 
f 303/307/303 298/302/298 300/304/300 304/308/304 
f 304/308/304 300/304/300 302/306/302 305/309/305 
f 306/310/306 307/311/307 302/306/302 301/305/301 
f 308/312/308 309/313/309 307/311/307 306/310/306 
f 310/314/310 311/315/311 309/313/309 308/312/308 
f 312/316/312 305/309/305 302/306/302 307/311/307 
f 312/316/312 307/311/307 309/313/309 313/317/313 
f 313/317/313 309/313/309 311/315/311 314/318/314 
f 315/319/315 316/320/316 313/317/313 314/318/314 
f 317/321/317 312/316/312 313/317/313 316/320/316 
f 318/322/318 305/309/305 312/316/312 317/321/317 
f 319/323/319 304/308/304 305/309/305 318/322/318 
f 320/324/320 303/307/303 304/308/304 319/323/319 
f 321/325/321 296/300/296 303/307/303 320/324/320 
f 322/326/322 294/297/294 296/300/296 321/325/321 
f 323/327/323 293/296/293 294/297/294 322/326/322 
f 324/328/324 295/298/295 293/299/293 323/329/323 
f 325/330/325 100/100/100 99/99/99 295/298/295 
f 325/330/325 295/298/295 324/328/324 326/331/326 
f 327/332/327 108/108/108 100/100/100 325/330/325 
f 327/332/327 325/330/325 326/331/326 328/333/328 
f 329/334/329 109/109/109 108/108/108 327/332/327 
f 329/334/329 327/332/327 328/333/328 330/335/330 
f 331/336/331 332/337/332 113/113/113 112/112/112 
f 331/336/331 112/112/112 111/111/111 110/110/110 
f 329/334/329 331/336/331 110/110/110 109/109/109 
f 329/334/329 330/335/330 332/337/332 331/336/331 
f 288/290/288 286/289/286 278/338/278 333/339/333 
f 334/340/334 335/341/335 333/339/333 336/342/336 
f 337/343/337 338/344/338 335/341/335 334/340/334 
f 339/345/339 340/346/340 338/344/338 337/343/337 
f 341/347/341 342/348/342 340/346/340 339/345/339 
f 343/349/343 344/350/344 342/348/342 341/347/341 
f 345/351/345 346/352/346 343/349/343 341/347/341 
f 345/351/345 341/347/341 339/345/339 347/353/347 
f 347/353/347 339/345/339 337/343/337 348/354/348 
f 221/221/221 155/155/155 157/157/157 222/222/222 
f 222/222/222 157/157/157 159/159/159 223/223/223 
f 227/227/227 175/175/175 177/177/177 228/228/228 
f 230/230/230 173/173/173 175/175/175 227/227/227 
f 236/236/236 171/171/171 173/173/173 230/230/230 
f 240/240/240 169/169/169 171/171/171 236/236/236 
f 244/244/244 167/167/167 169/169/169 240/240/240 
f 248/248/248 165/165/165 167/167/167 244/244/244 
f 252/252/252 163/163/163 165/165/165 248/248/248 
f 256/256/256 161/161/161 163/163/163 252/252/252 
f 256/256/256 255/255/255 224/224/224 223/223/223 
f 266/266/266 153/153/153 155/155/155 221/221/221 
f 270/270/270 151/151/151 153/153/153 266/266/266 
f 274/274/274 149/149/149 151/151/151 270/270/270 
f 276/276/276 124/124/124 149/149/149 274/274/274 
f 278/278/278 286/286/286 124/124/124 276/276/276 
f 278/338/278 277/355/277 336/342/336 333/339/333 
f 335/341/335 289/291/289 288/290/288 333/339/333 
f 338/344/338 291/293/291 289/291/289 335/341/335 
f 340/346/340 297/301/297 291/293/291 338/344/338 
f 342/348/342 299/303/299 297/301/297 340/346/340 
f 344/350/344 301/305/301 299/303/299 342/348/342 
f 349/356/349 350/357/350 347/353/347 348/354/348 
f 348/354/348 337/343/337 334/340/334 351/358/351 
f 351/358/351 334/340/334 336/342/336 352/359/352 
f 277/355/277 280/360/280 352/359/352 336/342/336 
f 353/361/353 349/356/349 348/354/348 351/358/351 
f 353/361/353 351/358/351 352/359/352 354/362/354 
f 280/360/280 282/363/282 354/362/354 352/359/352 
f 12/364/12 11/365/11 355/366/355 356/367/356 
f 13/368/13 12/364/12 356/367/356 357/369/357 
f 15/370/15 13/368/13 357/369/357 358/371/358 
f 17/372/17 15/370/15 358/371/358 359/373/359 
f 115/374/115 114/375/114 360/376/360 361/377/361 
f 116/378/116 115/374/115 361/377/361 362/379/362 
f 117/380/117 116/378/116 362/379/362 363/381/363 
f 118/382/118 117/380/117 363/381/363 364/383/364 
f 119/384/119 118/382/118 364/383/364 365/385/365 
f 11/365/11 119/384/119 365/385/365 355/366/355 
f 356/367/356 355/366/355 366/386/366 367/387/367 
f 357/369/357 356/367/356 367/387/367 368/388/368 
f 358/371/358 357/369/357 368/388/368 369/389/369 
f 359/373/359 358/371/358 369/389/369 370/390/370 
f 361/377/361 360/376/360 371/391/371 372/392/372 
f 362/379/362 361/377/361 372/392/372 373/393/373 
f 363/381/363 362/379/362 373/393/373 374/394/374 
f 364/383/364 363/381/363 374/394/374 375/395/375 
f 365/385/365 364/383/364 375/395/375 376/396/376 
f 355/366/355 365/385/365 376/396/376 366/386/366 
f 377/397/377 367/387/367 366/386/366 376/398/376 
f 377/399/377 376/400/376 375/395/375 374/394/374 
f 378/401/378 368/388/368 367/387/367 377/397/377 
f 379/402/379 369/389/369 368/388/368 378/401/378 
f 380/403/380 370/390/370 369/389/369 379/402/379 
f 378/404/378 377/399/377 374/394/374 373/393/373 
f 379/405/379 378/404/378 373/393/373 372/392/372 
f 380/406/380 379/405/379 372/392/372 371/391/371 
f 381/407/381 382/408/382 28/28/28 26/26/26 
f 383/409/383 384/410/384 22/22/22 25/25/25 
f 384/410/384 381/407/381 26/26/26 22/22/22 
f 384/410/384 383/409/383 382/408/382 381/407/381 
f 383/409/383 25/25/25 31/31/31 385/411/385 
f 385/411/385 31/31/31 33/33/33 386/412/386 
f 382/408/382 383/409/383 385/411/385 386/412/386 
f 382/408/382 386/412/386 33/33/33 28/28/28 
f 387/413/387 388/414/388 389/415/389 390/416/390 
f 391/417/391 392/418/392 387/413/387 390/416/390 
f 393/419/393 394/420/394 392/418/392 391/417/391 
f 395/421/395 396/422/396 394/420/394 393/419/393 
f 395/421/395 393/419/393 391/417/391 397/423/397 
f 397/423/397 391/417/391 390/416/390 398/424/398 
f 398/424/398 390/416/390 389/415/389 399/425/399 
f 400/426/400 401/427/401 396/422/396 395/428/395 
f 400/426/400 395/428/395 397/429/397 402/430/402 
f 403/431/403 401/427/401 400/426/400 402/430/402 
f 404/432/404 392/418/392 394/420/394 396/422/396 
f 396/422/396 401/427/401 403/431/403 404/432/404 
f 405/433/405 387/413/387 392/418/392 404/432/404 
f 406/434/406 388/414/388 387/413/387 405/433/405 
f 405/433/405 404/432/404 403/431/403 407/435/407 
f 407/435/407 403/431/403 402/430/402 408/436/408 
f 409/437/409 406/434/406 405/433/405 407/435/407 
f 409/437/409 407/435/407 408/436/408 410/438/410 
f 397/429/397 398/439/398 408/436/408 402/430/402 
f 398/439/398 399/440/399 410/438/410 408/436/408 
f 411/441/411 412/442/412 410/438/410 399/440/399 
f 411/443/411 399/425/399 389/415/389 413/444/413 
f 413/444/413 389/415/389 388/414/388 414/445/414 
f 415/446/415 409/437/409 410/438/410 412/442/412 
f 416/447/416 417/448/417 412/449/412 411/443/411 
f 418/450/418 415/446/415 412/442/412 417/451/417 
f 416/447/416 411/443/411 413/444/413 419/452/419 
f 419/452/419 413/444/413 414/445/414 420/453/420 
f 421/454/421 406/434/406 409/437/409 415/446/415 
f 388/414/388 406/434/406 421/454/421 414/445/414 
f 422/455/422 420/453/420 414/445/414 421/454/421 
f 415/446/415 418/450/418 422/455/422 421/454/421 
f 423/456/423 424/457/424 425/458/425 426/459/426 
f 427/460/427 428/461/428 423/456/423 426/459/426 
f 429/462/429 430/463/430 428/461/428 427/460/427 
f 431/464/431 432/465/432 430/463/430 429/462/429 
f 433/466/433 434/467/434 431/464/431 429/462/429 
f 435/468/435 436/469/436 434/467/434 433/466/433 
f 437/470/437 438/471/438 436/469/436 435/468/435 
f 433/466/433 429/462/429 427/460/427 439/472/439 
f 440/473/440 435/468/435 433/466/433 439/472/439 
f 441/474/441 437/470/437 435/468/435 440/473/440 
f 439/472/439 427/460/427 426/459/426 442/475/442 
f 443/476/443 440/473/440 439/472/439 442/475/442 
f 444/477/444 441/474/441 440/473/440 443/476/443 
f 445/478/445 446/479/446 444/477/444 443/476/443 
f 442/475/442 426/459/426 425/458/425 447/480/447 
f 447/480/447 445/478/445 443/476/443 442/475/442 
f 448/481/448 449/482/449 438/483/438 437/484/437 
f 448/481/448 437/484/437 441/485/441 450/486/450 
f 450/486/450 441/485/441 444/487/444 451/488/451 
f 451/488/451 444/487/444 446/489/446 452/490/452 
f 453/491/453 454/492/454 449/482/449 448/481/448 
f 455/493/455 456/494/456 454/492/454 453/491/453 
f 457/495/457 458/496/458 430/463/430 432/465/432 
f 459/497/459 460/498/460 458/496/458 457/495/457 
f 460/498/460 459/497/459 456/494/456 455/493/455 
f 461/499/461 428/461/428 430/463/430 458/496/458 
f 461/499/461 458/496/458 460/498/460 462/500/462 
f 462/500/462 460/498/460 455/493/455 463/501/463 
f 464/502/464 453/491/453 448/481/448 450/486/450 
f 464/502/464 463/501/463 455/493/455 453/491/453 
f 465/503/465 423/456/423 428/461/428 461/499/461 
f 465/503/465 461/499/461 462/500/462 466/504/466 
f 464/502/464 450/486/450 451/488/451 467/505/467 
f 468/506/468 463/501/463 464/502/464 467/505/467 
f 462/500/462 463/501/463 468/506/468 466/504/466 
f 469/507/469 424/457/424 423/456/423 465/503/465 
f 469/507/469 465/503/465 466/504/466 470/508/470 
f 470/508/470 466/504/466 468/506/468 471/509/471 
f 471/509/471 468/506/468 467/505/467 472/510/472 
f 451/488/451 452/490/452 472/510/472 467/505/467 
f 473/511/473 474/512/474 445/478/445 447/480/447 
f 475/513/475 476/514/476 474/512/474 473/511/473 
f 477/515/477 478/516/478 476/514/476 475/513/475 
f 479/517/479 480/518/480 478/516/478 477/515/477 
f 481/519/481 482/520/482 480/518/480 479/517/479 
f 483/521/483 484/522/484 482/520/482 481/519/481 
f 485/523/485 486/524/486 484/522/484 483/521/483 
f 487/525/487 488/526/488 486/524/486 485/523/485 
f 489/527/489 490/528/490 488/526/488 487/525/487 
f 491/529/491 492/530/492 490/528/490 489/527/489 
f 493/531/493 494/532/494 492/530/492 491/529/491 
f 495/533/495 496/534/496 494/532/494 493/531/493 
f 473/511/473 447/480/447 425/458/425 497/535/497 
f 498/536/498 475/513/475 473/511/473 497/535/497 
f 499/537/499 477/515/477 475/513/475 498/536/498 
f 500/538/500 479/517/479 477/515/477 499/537/499 
f 501/539/501 481/519/481 479/517/479 500/538/500 
f 502/540/502 483/521/483 481/519/481 501/539/501 
f 503/541/503 485/523/485 483/521/483 502/540/502 
f 504/542/504 487/525/487 485/523/485 503/541/503 
f 505/543/505 489/527/489 487/525/487 504/542/504 
f 506/544/506 491/529/491 489/527/489 505/543/505 
f 507/545/507 493/531/493 491/529/491 506/544/506 
f 508/546/508 495/533/495 493/531/493 507/545/507 
f 509/547/509 494/532/494 496/534/496 510/548/510 
f 511/549/511 492/530/492 494/532/494 509/547/509 
f 512/550/512 490/528/490 492/530/492 511/549/511 
f 513/551/513 488/526/488 490/528/490 512/550/512 
f 514/552/514 486/524/486 488/526/488 513/551/513 
f 515/553/515 484/522/484 486/524/486 514/552/514 
f 516/554/516 482/520/482 484/522/484 515/553/515 
f 517/555/517 480/518/480 482/520/482 516/554/516 
f 518/556/518 446/479/446 445/478/445 474/512/474 
f 518/556/518 474/512/474 476/514/476 519/557/519 
f 519/557/519 476/514/476 478/516/478 520/558/520 
f 520/558/520 478/516/478 480/518/480 517/555/517 
f 521/559/521 452/490/452 446/489/446 518/560/518 
f 521/559/521 518/560/518 519/561/519 522/562/522 
f 522/562/522 519/561/519 520/563/520 523/564/523 
f 523/564/523 520/563/520 517/565/517 524/566/524 
f 524/566/524 517/565/517 516/567/516 525/568/525 
f 525/568/525 516/567/516 515/569/515 526/570/526 
f 526/570/526 515/569/515 514/571/514 527/572/527 
f 527/572/527 514/571/514 513/573/513 528/574/528 
f 528/574/528 513/573/513 512/575/512 529/576/529 
f 529/576/529 512/575/512 511/577/511 530/578/530 
f 530/578/530 511/577/511 509/579/509 531/580/531 
f 531/580/531 509/579/509 510/581/510 532/582/532 
f 497/535/497 425/458/425 424/457/424 533/583/533 
f 534/584/534 498/536/498 497/535/497 533/583/533 
f 535/585/535 499/537/499 498/536/498 534/584/534 
f 536/586/536 500/538/500 499/537/499 535/585/535 
f 537/587/537 501/539/501 500/538/500 536/586/536 
f 538/588/538 502/540/502 501/539/501 537/587/537 
f 539/589/539 503/541/503 502/540/502 538/588/538 
f 540/590/540 504/542/504 503/541/503 539/589/539 
f 541/591/541 505/543/505 504/542/504 540/590/540 
f 542/592/542 506/544/506 505/543/505 541/591/541 
f 543/593/543 507/545/507 506/544/506 542/592/542 
f 544/594/544 508/546/508 507/545/507 543/593/543 
f 533/583/533 424/457/424 469/507/469 545/595/545 
f 545/595/545 469/507/469 470/508/470 546/596/546 
f 546/596/546 470/508/470 471/509/471 547/597/547 
f 548/598/548 472/510/472 452/490/452 521/559/521 
f 471/509/471 472/510/472 548/598/548 547/597/547 
f 548/598/548 521/559/521 522/562/522 549/599/549 
f 550/600/550 547/597/547 548/598/548 549/599/549 
f 551/601/551 534/584/534 533/583/533 545/595/545 
f 551/601/551 545/595/545 546/596/546 552/602/552 
f 546/596/546 547/597/547 550/600/550 552/602/552 
f 553/603/553 554/604/554 552/602/552 550/600/550 
f 555/605/555 551/601/551 552/602/552 554/604/554 
f 551/601/551 555/605/555 535/585/535 534/584/534 
f 549/599/549 522/562/522 523/564/523 556/606/556 
f 556/606/556 553/603/553 550/600/550 549/599/549 
f 556/606/556 523/564/523 524/566/524 557/607/557 
f 558/608/558 553/603/553 556/606/556 557/607/557 
f 559/609/559 554/604/554 553/603/553 558/608/558 
f 560/610/560 555/605/555 554/604/554 559/609/559 
f 555/605/555 560/610/560 536/586/536 535/585/535 
f 561/611/561 562/612/562 559/609/559 558/608/558 
f 563/613/563 564/614/564 562/612/562 561/611/561 
f 565/615/565 560/610/560 559/609/559 562/612/562 
f 560/610/560 565/615/565 537/587/537 536/586/536 
f 566/616/566 538/588/538 537/587/537 565/615/565 
f 562/612/562 564/614/564 566/616/566 565/615/565 
f 557/607/557 524/566/524 525/568/525 567/617/567 
f 567/617/567 561/611/561 558/608/558 557/607/557 
f 567/617/567 525/568/525 526/570/526 568/618/568 
f 567/617/567 568/618/568 563/613/563 561/611/561 
f 569/619/569 570/620/570 564/614/564 563/613/563 
f 571/621/571 566/616/566 564/614/564 570/620/570 
f 566/616/566 571/621/571 539/589/539 538/588/538 
f 568/618/568 526/570/526 527/572/527 572/622/572 
f 563/613/563 568/618/568 572/622/572 569/619/569 
f 573/623/573 574/624/574 571/621/571 570/620/570 
f 572/622/572 527/572/527 528/574/528 575/625/575 
f 576/626/576 569/619/569 572/622/572 575/625/575 
f 576/626/576 573/623/573 570/620/570 569/619/569 
f 571/621/571 574/624/574 540/590/540 539/589/539 
f 577/627/577 541/591/541 540/590/540 574/624/574 
f 577/627/577 574/624/574 573/623/573 578/628/578 
f 578/628/578 573/623/573 576/626/576 579/629/579 
f 579/629/579 576/626/576 575/625/575 580/630/580 
f 528/574/528 529/576/529 580/630/580 575/625/575 
f 581/631/581 582/632/582 578/628/578 579/629/579 
f 580/630/580 529/576/529 530/578/530 583/633/583 
f 579/629/579 580/630/580 583/633/583 581/631/581 
f 584/634/584 577/627/577 578/628/578 582/632/582 
f 577/627/577 584/634/584 542/592/542 541/591/541 
f 585/635/585 543/593/543 542/592/542 584/634/584 
f 585/635/585 584/634/584 582/632/582 586/636/586 
f 587/637/587 544/594/544 543/593/543 585/635/585 
f 587/637/587 585/635/585 586/636/586 588/638/588 
f 586/636/586 582/632/582 581/631/581 589/639/589 
f 590/640/590 588/638/588 586/636/586 589/639/589 
f 583/633/583 530/578/530 531/580/531 591/641/591 
f 581/631/581 583/633/583 591/641/591 589/639/589 
f 591/641/591 531/580/531 532/582/532 592/642/592 
f 591/641/591 592/642/592 590/640/590 589/639/589 
f 593/643/593 544/594/544 587/637/587 594/644/594 
f 595/645/595 596/646/596 593/647/593 594/648/594 
f 596/646/596 595/645/595 592/642/592 532/582/532 
f 594/644/594 587/637/587 588/638/588 597/649/597 
f 598/650/598 595/645/595 594/648/594 597/651/597 
f 588/638/588 590/640/590 598/650/598 597/649/597 
f 590/640/590 592/642/592 595/645/595 598/650/598 
f 599/652/599 600/653/600 496/534/496 495/533/495 
f 601/654/601 510/548/510 496/534/496 600/653/600 
f 601/655/601 600/653/600 599/652/599 602/656/602 
f 495/533/495 508/546/508 602/657/602 599/652/599 
f 601/658/601 596/646/596 532/582/532 510/581/510 
f 593/647/593 596/646/596 601/658/601 602/659/602 
f 508/546/508 544/594/544 593/643/593 602/657/602 
f 603/660/603 604/661/604 456/662/456 459/663/459 
f 605/664/605 438/665/438 449/666/449 606/667/606 
f 607/668/607 608/669/608 605/664/605 606/667/606 
f 609/670/609 436/671/436 438/672/438 605/673/605 
f 610/674/610 434/675/434 436/671/436 609/670/609 
f 611/676/611 612/677/612 605/673/605 608/678/608 
f 613/679/613 431/680/431 434/675/434 610/674/610 
f 614/681/614 432/682/432 431/680/431 613/679/613 
f 615/683/615 457/684/457 432/682/432 614/681/614 
f 616/685/616 609/670/609 605/673/605 612/677/612 
f 617/686/617 610/674/610 609/670/609 616/685/616 
f 618/687/618 613/679/613 610/674/610 617/686/617 
f 619/688/619 620/689/620 612/677/612 611/676/611 
f 621/690/621 622/691/622 620/689/620 619/688/619 
f 623/692/623 616/685/616 612/677/612 620/689/620 
f 623/692/623 620/689/620 622/691/622 624/693/624 
f 625/694/625 617/686/617 616/685/616 623/692/623 
f 625/694/625 623/692/623 624/693/624 626/695/626 
f 627/696/627 618/687/618 617/686/617 625/694/625 
f 627/696/627 625/694/625 626/695/626 628/697/628 
f 629/698/629 630/699/630 631/700/631 632/701/632 
f 633/702/633 634/703/634 604/661/604 603/660/603 
f 635/704/635 636/705/636 634/703/634 633/702/633 
f 637/706/637 638/707/638 346/352/346 345/351/345 
f 630/699/630 629/698/629 347/353/347 350/357/350 
f 637/706/637 345/351/345 347/353/347 639/708/639 
f 639/708/639 347/353/347 629/698/629 640/709/640 
f 634/703/634 636/705/636 638/707/638 637/706/637 
f 604/661/604 634/703/634 637/706/637 639/708/639 
f 604/661/604 639/708/639 640/709/640 641/710/641 
f 454/711/454 456/662/456 604/661/604 641/710/641 
f 449/666/449 454/711/454 641/710/641 606/667/606 
f 606/667/606 641/710/641 640/709/640 642/712/642 
f 643/713/643 607/668/607 606/667/606 642/712/642 
f 642/712/642 640/709/640 629/698/629 632/701/632 
f 632/701/632 631/700/631 643/713/643 642/712/642 
f 644/714/644 343/349/343 346/352/346 638/707/638 
f 644/714/644 638/707/638 636/705/636 645/715/645 
f 645/715/645 636/705/636 635/704/635 646/716/646 
f 647/717/647 648/718/648 343/349/343 644/714/644 
f 649/719/649 344/350/344 343/349/343 648/718/648 
f 344/350/344 649/719/649 306/310/306 301/305/301 
f 650/720/650 308/312/308 306/310/306 649/719/649 
f 650/720/650 649/719/649 648/718/648 651/721/651 
f 650/720/650 651/721/651 310/314/310 308/312/308 
f 652/722/652 653/723/653 654/724/654 655/725/655 
f 656/726/656 657/727/657 655/725/655 654/724/654 
f 658/728/658 659/729/659 657/727/657 656/726/656 
f 660/730/660 661/731/661 659/729/659 658/728/658 
f 662/732/662 663/733/663 661/734/661 660/735/660 
f 663/733/663 662/732/662 653/723/653 652/722/652 
f 664/736/664 665/737/665 666/738/666 667/739/667 
f 668/740/668 669/741/669 665/737/665 664/736/664 
f 670/742/670 671/743/671 669/741/669 668/740/668 
f 670/742/670 668/740/668 664/736/664 672/744/672 
f 672/744/672 664/736/664 667/739/667 673/745/673 
f 674/746/674 675/747/675 669/748/669 671/743/671 
f 676/749/676 665/750/665 669/748/669 675/747/675 
f 665/750/665 676/749/676 677/751/677 666/752/666 
f 678/753/678 671/743/671 670/742/670 672/744/672 
f 679/754/679 674/746/674 671/743/671 678/753/678 
f 679/754/679 676/749/676 675/747/675 674/746/674 
f 678/753/678 672/744/672 673/745/673 680/755/680 
f 653/723/653 662/732/662 677/751/677 681/756/681 
f 654/724/654 653/723/653 681/756/681 680/755/680 
f 666/738/666 660/730/660 658/728/658 667/739/667 
f 667/739/667 658/728/658 656/726/656 673/745/673 
f 677/751/677 662/732/662 660/735/660 666/752/666 
f 673/745/673 656/726/656 654/724/654 680/755/680 
f 677/751/677 676/749/676 679/754/679 681/756/681 
f 681/756/681 679/754/679 678/753/678 680/755/680 
f 682/757/682 683/758/683 652/722/652 655/725/655 
f 684/759/684 663/733/663 652/722/652 683/758/683 
f 685/760/685 661/734/661 663/733/663 684/759/684 
f 686/761/686 659/729/659 661/731/661 685/762/685 
f 687/763/687 657/727/657 659/729/659 686/761/686 
f 655/725/655 657/727/657 687/763/687 682/757/682 
f 688/764/688 689/765/689 682/757/682 687/763/687 
f 688/764/688 687/763/687 686/761/686 690/766/690 
f 691/767/691 683/758/683 682/757/682 689/765/689 
f 692/768/692 684/759/684 683/758/683 691/767/691 
f 693/769/693 685/760/685 684/759/684 692/768/692 
f 693/769/693 690/770/690 686/771/686 685/760/685 
f 694/772/694 695/773/695 690/770/690 693/769/693 
f 694/772/694 693/769/693 692/768/692 696/774/696 
f 697/775/697 698/776/698 688/764/688 690/766/690 
f 699/777/699 700/778/700 698/776/698 697/775/697 
f 701/779/701 702/780/702 700/778/700 699/777/699 
f 703/781/703 704/782/704 702/780/702 701/779/701 
f 705/783/705 706/784/706 704/782/704 703/781/703 
f 707/785/707 708/786/708 706/784/706 705/783/705 
f 709/787/709 710/788/710 708/786/708 707/785/707 
f 711/789/711 706/784/706 708/786/708 710/788/710 
f 712/790/712 704/782/704 706/784/706 711/789/711 
f 713/791/713 702/780/702 704/782/704 712/790/712 
f 714/792/714 700/778/700 702/780/702 713/791/713 
f 709/787/709 707/785/707 705/783/705 715/793/715 
f 715/793/715 705/783/705 703/781/703 716/794/716 
f 716/794/716 703/781/703 701/779/701 717/795/717 
f 717/795/717 701/779/701 699/777/699 718/796/718 
f 719/797/719 720/798/720 710/788/710 709/799/709 
f 721/800/721 711/789/711 710/788/710 720/798/720 
f 721/800/721 720/798/720 719/797/719 722/801/722 
f 709/799/709 715/802/715 722/801/722 719/797/719 
f 722/801/722 715/802/715 716/803/716 723/804/723 
f 723/804/723 716/803/716 717/805/717 724/806/724 
f 724/806/724 717/805/717 718/807/718 725/808/725 
f 726/809/726 727/810/727 724/806/724 725/808/725 
f 728/811/728 723/804/723 724/806/724 727/810/727 
f 721/800/721 722/801/722 723/804/723 728/811/728 
f 721/800/721 728/811/728 712/790/712 711/789/711 
f 728/811/728 727/810/727 713/791/713 712/790/712 
f 727/810/727 726/809/726 714/792/714 713/791/713 
f 718/796/718 699/777/699 697/775/697 729/812/729 
f 730/813/730 725/808/725 718/807/718 729/814/729 
f 729/815/729 697/816/697 690/770/690 731/817/731 
f 731/817/731 690/770/690 695/773/695 732/818/732 
f 733/819/733 730/820/730 729/821/729 731/822/731 
f 733/819/733 731/822/731 732/823/732 734/824/734 
f 735/825/735 736/826/736 733/819/733 734/824/734 
f 737/827/737 738/828/738 733/819/733 736/826/736 
f 739/829/739 740/830/740 738/831/738 737/832/737 
f 741/833/741 726/809/726 725/808/725 730/813/730 
f 741/833/741 730/813/730 733/834/733 742/835/742 
f 742/835/742 733/834/733 738/831/738 743/836/743 
f 744/837/744 698/776/698 700/778/700 714/792/714 
f 714/792/714 726/809/726 741/833/741 744/837/744 
f 744/837/744 741/833/741 742/835/742 745/838/745 
f 688/764/688 698/776/698 744/837/744 745/838/745 
f 743/836/743 738/831/738 740/830/740 746/839/746 
f 747/840/747 748/841/748 742/835/742 743/836/743 
f 747/840/747 743/836/743 746/839/746 749/842/749 
f 750/843/750 751/844/751 752/845/752 753/846/753 
f 754/847/754 755/848/755 751/844/751 750/843/750 
f 753/846/753 752/845/752 756/849/756 757/850/757 
f 757/850/757 756/849/756 758/851/758 759/852/759 
f 759/852/759 758/851/758 760/853/760 761/854/761 
f 762/855/762 763/856/763 761/854/761 760/853/760 
f 764/857/764 748/841/748 747/840/747 765/858/765 
f 765/858/765 747/840/747 749/842/749 766/859/766 
f 767/860/767 768/861/768 765/858/765 766/859/766 
f 769/862/769 764/857/764 765/858/765 768/861/768 
f 768/861/768 767/860/767 739/863/739 737/827/737 
f 769/862/769 768/861/768 737/827/737 736/826/736 
f 769/862/769 736/826/736 735/825/735 770/864/770 
f 771/865/771 772/866/772 746/839/746 740/830/740 
f 773/867/773 774/868/774 772/866/772 771/865/771 
f 775/869/775 776/870/776 774/868/774 773/867/773 
f 777/871/777 778/872/778 776/870/776 775/869/775 
f 771/865/771 740/830/740 739/829/739 779/873/779 
f 780/874/780 773/867/773 771/865/771 779/873/779 
f 781/875/781 775/869/775 773/867/773 780/874/780 
f 782/876/782 777/871/777 775/869/775 781/875/781 
f 783/877/783 778/872/778 777/871/777 782/876/782 
f 784/878/784 776/870/776 778/872/778 783/877/783 
f 785/879/785 774/868/774 776/870/776 784/878/784 
f 786/880/786 772/866/772 774/868/774 785/879/785 
f 772/866/772 786/880/786 749/842/749 746/839/746 
f 779/881/779 739/863/739 767/860/767 787/882/787 
f 788/883/788 780/884/780 779/881/779 787/882/787 
f 789/885/789 781/886/781 780/884/780 788/883/788 
f 790/887/790 791/888/791 783/877/783 782/889/782 
f 789/885/789 790/887/790 782/889/782 781/886/781 
f 792/890/792 791/888/791 790/887/790 789/885/789 
f 791/888/791 792/890/792 784/878/784 783/877/783 
f 793/891/793 785/879/785 784/878/784 792/890/792 
f 793/891/793 792/890/792 789/885/789 788/883/788 
f 793/891/793 788/883/788 787/882/787 794/892/794 
f 794/892/794 787/882/787 767/860/767 766/859/766 
f 793/891/793 794/892/794 786/880/786 785/879/785 
f 786/880/786 794/892/794 766/859/766 749/842/749 
f 751/844/751 689/765/689 688/764/688 752/845/752 
f 753/846/753 795/893/795 796/894/796 750/843/750 
f 755/848/755 691/767/691 689/765/689 751/844/751 
f 750/843/750 796/894/796 797/895/797 754/847/754 
f 752/845/752 688/764/688 745/838/745 756/849/756 
f 757/850/757 798/896/798 795/893/795 753/846/753 
f 756/849/756 745/838/745 742/835/742 758/851/758 
f 759/852/759 799/897/799 798/896/798 757/850/757 
f 758/851/758 742/835/742 748/841/748 760/853/760 
f 761/854/761 800/898/800 799/897/799 759/852/759 
f 763/856/763 801/899/801 800/898/800 761/854/761 
f 760/853/760 748/841/748 764/857/764 762/855/762 
f 802/900/802 692/768/692 691/767/691 755/848/755 
f 802/900/802 755/848/755 754/847/754 803/901/803 
f 803/901/803 754/847/754 797/895/797 804/902/804 
f 805/903/805 696/774/696 692/768/692 802/900/802 
f 805/903/805 802/900/802 803/901/803 806/904/806 
f 806/904/806 803/901/803 804/902/804 807/905/807 
f 808/906/808 762/855/762 764/857/764 769/862/769 
f 808/906/808 769/862/769 770/864/770 809/907/809 
f 810/908/810 763/856/763 762/855/762 808/906/808 
f 810/908/810 808/906/808 809/907/809 811/909/811 
f 812/910/812 801/899/801 763/856/763 810/908/810 
f 812/910/812 810/908/810 811/909/811 813/911/813 
f 814/912/814 695/773/695 694/772/694 696/774/696 
f 815/913/815 732/818/732 695/773/695 814/912/814 
f 816/914/816 734/824/734 732/823/732 815/915/815 
f 816/914/816 770/864/770 735/825/735 734/824/734 
f 817/916/817 809/907/809 770/864/770 816/914/816 
f 817/916/817 816/914/816 815/915/815 818/917/818 
f 818/918/818 815/913/815 814/912/814 819/919/819 
f 696/774/696 805/903/805 819/919/819 814/912/814 
f 819/919/819 805/903/805 806/904/806 820/920/820 
f 821/921/821 818/918/818 819/919/819 820/920/820 
f 822/922/822 817/916/817 818/917/818 821/923/821 
f 817/916/817 822/922/822 811/909/811 809/907/809 
f 823/924/823 824/925/824 812/910/812 813/911/813 
f 825/926/825 826/927/826 807/905/807 804/902/804 
f 825/926/825 804/902/804 797/895/797 827/928/827 
f 828/929/828 829/930/829 827/931/827 797/932/797 
f 830/933/830 831/934/831 832/935/832 833/936/833 
f 828/929/828 797/932/797 796/937/796 834/938/834 
f 835/939/835 836/940/836 832/935/832 831/934/831 
f 837/941/837 838/942/838 832/935/832 836/940/836 
f 839/943/839 840/944/840 841/945/841 842/946/842 
f 834/938/834 830/933/830 833/936/833 828/929/828 
f 843/947/843 829/930/829 828/929/828 833/936/833 
f 844/948/844 827/931/827 829/930/829 843/947/843 
f 833/936/833 832/935/832 844/948/844 843/947/843 
f 845/949/845 846/950/846 838/942/838 837/941/837 
f 841/945/841 840/944/840 846/950/846 845/949/845 
f 841/945/841 845/949/845 837/941/837 836/940/836 
f 842/946/842 841/945/841 836/940/836 835/939/835 
f 847/951/847 848/952/848 849/953/849 850/954/850 
f 851/955/851 852/956/852 848/952/848 847/951/847 
f 853/957/853 854/958/854 800/959/800 801/960/801 
f 801/960/801 850/954/850 849/953/849 853/957/853 
f 849/953/849 848/952/848 852/956/852 853/957/853 
f 855/961/855 854/958/854 853/957/853 852/956/852 
f 855/961/855 852/956/852 851/955/851 856/962/856 
f 857/963/857 799/964/799 800/959/800 854/958/854 
f 858/965/858 798/966/798 799/964/799 857/963/857 
f 834/938/834 796/937/796 795/967/795 859/968/859 
f 795/967/795 798/966/798 858/965/858 859/968/859 
f 860/969/860 830/933/830 834/938/834 859/968/859 
f 860/969/860 859/968/859 858/965/858 861/970/861 
f 861/970/861 858/965/858 857/963/857 862/971/862 
f 854/958/854 855/961/855 862/971/862 857/963/857 
f 862/971/862 855/961/855 856/962/856 863/972/863 
f 864/973/864 861/970/861 862/971/862 863/972/863 
f 865/974/865 860/969/860 861/970/861 864/973/864 
f 860/969/860 865/974/865 831/934/831 830/933/830 
f 866/975/866 835/939/835 831/934/831 865/974/865 
f 866/975/866 865/974/865 864/973/864 867/976/867 
f 867/976/867 864/973/864 863/972/863 868/977/868 
f 868/977/868 863/972/863 856/962/856 869/978/869 
f 869/978/869 856/962/856 851/955/851 870/979/870 
f 871/980/871 872/981/872 870/979/870 851/955/851 
f 873/982/873 874/983/874 872/981/872 871/980/871 
f 875/984/875 876/985/876 874/983/874 873/982/873 
f 870/979/870 872/981/872 874/983/874 876/985/876 
f 877/986/877 869/978/869 870/979/870 876/985/876 
f 877/986/877 876/985/876 875/984/875 878/987/878 
f 879/988/879 868/977/868 869/978/869 877/986/877 
f 879/988/879 877/986/877 878/987/878 880/989/880 
f 881/990/881 842/946/842 835/939/835 866/975/866 
f 882/991/882 839/943/839 842/946/842 881/990/881 
f 881/990/881 866/975/866 867/976/867 883/992/883 
f 884/993/884 882/991/882 881/990/881 883/992/883 
f 867/976/867 868/977/868 879/988/879 883/992/883 
f 879/988/879 880/989/880 884/993/884 883/992/883 
f 885/994/885 886/995/886 840/944/840 839/943/839 
f 887/996/887 888/997/888 840/944/840 886/995/886 
f 889/998/889 890/999/890 888/997/888 887/996/887 
f 891/1000/891 892/1001/892 890/999/890 889/998/889 
f 891/1000/891 889/998/889 887/996/887 886/995/886 
f 891/1000/891 886/995/886 885/994/885 893/1002/893 
f 894/1003/894 892/1001/892 891/1000/891 893/1002/893 
f 885/994/885 839/943/839 882/991/882 895/1004/895 
f 896/1005/896 893/1002/893 885/994/885 895/1004/895 
f 897/1006/897 894/1003/894 893/1002/893 896/1005/896 
f 844/948/844 832/935/832 838/942/838 898/1007/898 
f 899/1008/899 846/950/846 840/944/840 888/997/888 
f 838/942/838 846/950/846 899/1008/899 898/1007/898 
f 899/1008/899 888/997/888 890/999/890 900/1009/900 
f 901/1010/901 827/931/827 844/948/844 898/1007/898 
f 902/1011/902 825/926/825 827/928/827 901/1012/901 
f 903/1013/903 826/927/826 825/926/825 902/1011/902 
f 904/1014/904 905/1015/905 824/925/824 823/924/823 
f 801/899/801 812/910/812 824/925/824 850/1016/850 
f 850/1016/850 824/925/824 905/1015/905 906/1017/906 
f 871/980/871 851/955/851 847/951/847 907/1018/907 
f 906/1019/906 907/1018/907 847/951/847 850/954/850 
f 908/1020/908 909/1021/909 875/984/875 873/982/873 
f 907/1018/907 908/1020/908 873/982/873 871/980/871 
f 910/1022/910 911/1023/911 875/984/875 909/1021/909 
f 912/1024/912 913/1025/913 910/1022/910 909/1021/909 
f 914/1026/914 915/1027/915 913/1025/913 912/1024/912 
f 913/1025/913 915/1027/915 911/1023/911 910/1022/910 
f 916/1028/916 878/987/878 875/984/875 911/1023/911 
f 916/1028/916 911/1023/911 915/1027/915 917/1029/917 
f 917/1029/917 915/1027/915 914/1026/914 918/1030/918 
f 919/1031/919 880/989/880 878/987/878 916/1028/916 
f 920/1032/920 884/993/884 880/989/880 919/1031/919 
f 882/991/882 884/993/884 920/1032/920 895/1004/895 
f 921/1033/921 896/1005/896 895/1004/895 920/1032/920 
f 921/1033/921 920/1032/920 919/1031/919 922/1034/922 
f 916/1028/916 917/1029/917 922/1034/922 919/1031/919 
f 922/1034/922 917/1029/917 918/1030/918 923/1035/923 
f 924/1036/924 921/1033/921 922/1034/922 923/1035/923 
f 921/1033/921 924/1036/924 897/1006/897 896/1005/896 
f 912/1024/912 909/1021/909 908/1020/908 925/1037/925 
f 926/1038/926 927/1039/927 905/1040/905 904/1041/904 
f 927/1039/927 926/1038/926 903/1013/903 902/1011/902 
f 927/1039/927 902/1011/902 901/1012/901 928/1042/928 
f 927/1039/927 928/1042/928 906/1043/906 905/1040/905 
f 929/1044/929 907/1045/907 906/1046/906 928/1047/928 
f 929/1044/929 928/1047/928 901/1010/901 898/1007/898 
f 930/1048/930 908/1049/908 907/1045/907 929/1044/929 
f 898/1007/898 899/1008/899 930/1048/930 929/1044/929 
f 930/1048/930 899/1008/899 900/1009/900 931/1050/931 
f 930/1048/930 931/1050/931 925/1051/925 908/1049/908 
f 904/1052/904 823/1053/823 813/911/813 932/1054/932 
f 822/922/822 932/1054/932 813/911/813 811/909/811 
f 820/920/820 806/904/806 807/905/807 933/1055/933 
f 807/905/807 826/1056/826 903/1057/903 933/1055/933 
f 934/1058/934 821/921/821 820/920/820 933/1055/933 
f 903/1057/903 926/1059/926 934/1058/934 933/1055/933 
f 932/1054/932 934/1060/934 926/1061/926 904/1052/904 
f 934/1060/934 932/1054/932 822/922/822 821/923/821 
f 935/1062/935 936/1063/936 894/1003/894 897/1006/897 
f 937/1064/937 938/1065/938 936/1063/936 935/1062/935 
f 939/1066/939 914/1026/914 912/1024/912 940/1067/940 
f 941/1068/941 942/1069/942 939/1070/939 940/1071/940 
f 943/1072/943 892/1001/892 894/1003/894 936/1063/936 
f 890/999/890 892/1001/892 943/1072/943 900/1009/900 
f 943/1072/943 936/1063/936 938/1065/938 944/1073/944 
f 945/1074/945 900/1009/900 943/1072/943 944/1073/944 
f 946/1075/946 931/1050/931 900/1009/900 945/1074/945 
f 946/1075/946 945/1074/945 944/1073/944 947/1076/947 
f 940/1067/940 912/1024/912 925/1037/925 948/1077/948 
f 925/1051/925 931/1050/931 946/1075/946 948/1078/948 
f 949/1079/949 941/1068/941 940/1071/940 948/1078/948 
f 946/1075/946 947/1076/947 949/1079/949 948/1078/948 
f 950/1080/950 941/1068/941 949/1079/949 947/1076/947 
f 951/1081/951 942/1069/942 941/1068/941 950/1080/950 
f 952/1082/952 953/1083/953 942/1069/942 951/1081/951 
f 950/1080/950 947/1076/947 944/1073/944 938/1065/938 
f 951/1081/951 950/1080/950 938/1065/938 937/1064/937 
f 954/1084/954 952/1082/952 951/1081/951 937/1064/937 
f 954/1084/954 937/1064/937 935/1062/935 955/1085/955 
f 955/1085/955 935/1062/935 897/1006/897 956/1086/956 
f 956/1086/956 897/1006/897 924/1036/924 957/1087/957 
f 957/1087/957 924/1036/924 923/1035/923 958/1088/958 
f 958/1088/958 923/1035/923 918/1030/918 959/1089/959 
f 959/1089/959 918/1030/918 914/1026/914 960/1090/960 
f 960/1090/960 914/1026/914 939/1066/939 961/1091/961 
f 939/1070/939 942/1069/942 953/1083/953 961/1092/961 
f 962/1093/962 963/1094/963 954/1084/954 955/1085/955 
f 964/1095/964 965/1096/965 963/1094/963 962/1093/962 
f 962/1093/962 955/1085/955 956/1086/956 966/1097/966 
f 967/1098/967 964/1095/964 962/1093/962 966/1097/966 
f 966/1097/966 956/1086/956 957/1087/957 968/1099/968 
f 969/1100/969 967/1098/967 966/1097/966 968/1099/968 
f 968/1099/968 957/1087/957 958/1088/958 970/1101/970 
f 971/1102/971 969/1100/969 968/1099/968 970/1101/970 
f 970/1101/970 958/1088/958 959/1089/959 972/1103/972 
f 973/1104/973 971/1102/971 970/1101/970 972/1103/972 
f 972/1103/972 959/1089/959 960/1090/960 974/1105/974 
f 975/1106/975 973/1104/973 972/1103/972 974/1105/974 
f 974/1105/974 960/1090/960 961/1091/961 976/1107/976 
f 977/1108/977 975/1106/975 974/1105/974 976/1107/976 
f 976/1109/976 961/1092/961 953/1083/953 978/1110/978 
f 979/1111/979 977/1112/977 976/1109/976 978/1110/978 
f 978/1110/978 953/1083/953 952/1082/952 980/1113/980 
f 981/1114/981 979/1111/979 978/1110/978 980/1113/980 
f 952/1082/952 954/1084/954 963/1094/963 980/1113/980 
f 963/1094/963 965/1096/965 981/1114/981 980/1113/980 
f 982/1115/982 983/1116/983 964/1095/964 967/1098/967 
f 984/1117/984 985/1118/985 983/1116/983 982/1115/982 
f 986/1119/986 987/1120/987 985/1118/985 984/1117/984 
f 988/1121/988 989/1122/989 987/1120/987 986/1119/986 
f 982/1115/982 967/1098/967 969/1100/969 990/1123/990 
f 991/1124/991 984/1117/984 982/1115/982 990/1123/990 
f 992/1125/992 986/1119/986 984/1117/984 991/1124/991 
f 993/1126/993 988/1121/988 986/1119/986 992/1125/992 
f 990/1123/990 969/1100/969 971/1102/971 994/1127/994 
f 995/1128/995 991/1124/991 990/1123/990 994/1127/994 
f 996/1129/996 992/1125/992 991/1124/991 995/1128/995 
f 997/1130/997 993/1126/993 992/1125/992 996/1129/996 
f 998/1131/998 999/1132/999 977/1112/977 979/1111/979 
f 1000/1133/1000 1001/1134/1001 977/1108/977 999/1135/999 
f 1002/1136/1002 1003/1137/1003 998/1131/998 979/1111/979 
f 1004/1138/1004 1005/1139/1005 1003/1137/1003 1002/1136/1002 
f 1002/1136/1002 979/1111/979 981/1114/981 1006/1140/1006 
f 1006/1140/1006 981/1114/981 965/1096/965 1007/1141/1007 
f 1008/1142/1008 1004/1138/1004 1002/1136/1002 1006/1140/1006 
f 1008/1142/1008 1006/1140/1006 1007/1141/1007 1009/1143/1009 
f 983/1116/983 1007/1141/1007 965/1096/965 964/1095/964 
f 983/1116/983 985/1118/985 1009/1143/1009 1007/1141/1007 
f 985/1118/985 987/1120/987 1008/1142/1008 1009/1143/1009 
f 987/1120/987 989/1122/989 1004/1138/1004 1008/1142/1008 
f 1010/1144/1010 1005/1139/1005 1004/1138/1004 989/1122/989 
f 1010/1144/1010 989/1122/989 988/1121/988 1011/1145/1011 
f 1011/1145/1011 988/1121/988 993/1126/993 1012/1146/1012 
f 1012/1146/1012 993/1126/993 997/1130/997 1013/1147/1013 
f 1014/1148/1014 975/1106/975 977/1108/977 1001/1134/1001 
f 1015/1149/1015 973/1104/973 975/1106/975 1014/1148/1014 
f 971/1102/971 973/1104/973 1015/1149/1015 994/1127/994 
f 1016/1150/1016 1017/1151/1017 1014/1148/1014 1001/1134/1001 
f 1018/1152/1018 1015/1149/1015 1014/1148/1014 1017/1151/1017 
f 1016/1150/1016 1001/1134/1001 1000/1133/1000 1019/1153/1019 
f 1016/1150/1016 1019/1153/1019 1013/1147/1013 997/1130/997 
f 1015/1149/1015 1018/1152/1018 995/1128/995 994/1127/994 
f 1018/1152/1018 1017/1151/1017 996/1129/996 995/1128/995 
f 1017/1151/1017 1016/1150/1016 997/1130/997 996/1129/996 
f 1020/1154/1020 1021/1155/1021 1012/1156/1012 1013/1157/1013 
f 1020/1154/1020 1013/1157/1013 1019/1158/1019 1022/1159/1022 
f 1023/1160/1023 1011/1161/1011 1012/1156/1012 1021/1155/1021 
f 1024/1162/1024 1025/1163/1025 1026/1164/1026 1027/1165/1027 
f 1028/1166/1028 1029/1167/1029 1027/1165/1027 1026/1164/1026 
f 1030/1168/1030 1031/1169/1031 1029/1167/1029 1028/1166/1028 
f 1032/1170/1032 1033/1171/1033 1031/1169/1031 1030/1168/1030 
f 1034/1172/1034 1035/1173/1035 1025/1163/1025 1024/1162/1024 
f 1036/1174/1036 1037/1175/1037 1035/1173/1035 1034/1172/1034 
f 1038/1176/1038 1039/1177/1039 1037/1175/1037 1036/1174/1036 
f 1040/1178/1040 1041/1179/1041 1039/1177/1039 1038/1176/1038 
f 1042/1180/1042 1043/1181/1043 1040/1178/1040 1038/1176/1038 
f 1044/1182/1044 1045/1183/1045 1043/1181/1043 1042/1180/1042 
f 1046/1184/1046 1047/1185/1047 1044/1182/1044 1042/1180/1042 
f 1048/1186/1048 1049/1187/1049 1047/1185/1047 1046/1184/1046 
f 1050/1188/1050 1051/1189/1051 1049/1187/1049 1048/1186/1048 
f 1046/1184/1046 1042/1180/1042 1038/1176/1038 1036/1174/1036 
f 1048/1186/1048 1046/1184/1046 1036/1174/1036 1034/1172/1034 
f 1050/1188/1050 1048/1186/1048 1034/1172/1034 1024/1162/1024 
f 1052/1190/1052 1053/1191/1053 1045/1183/1045 1044/1182/1044 
f 1054/1192/1054 1055/1193/1055 1053/1191/1053 1052/1190/1052 
f 1056/1194/1056 1057/1195/1057 1055/1193/1055 1054/1192/1054 
f 1058/1196/1058 1059/1197/1059 1049/1187/1049 1051/1189/1051 
f 1060/1198/1060 1061/1199/1061 1059/1197/1059 1058/1196/1058 
f 1062/1200/1062 1063/1201/1063 1061/1199/1061 1060/1198/1060 
f 1064/1202/1064 1065/1203/1065 1061/1199/1061 1063/1201/1063 
f 1065/1203/1065 1064/1202/1064 1056/1194/1056 1054/1192/1054 
f 1065/1203/1065 1054/1192/1054 1052/1190/1052 1066/1204/1066 
f 1044/1182/1044 1047/1185/1047 1066/1204/1066 1052/1190/1052 
f 1059/1197/1059 1061/1199/1061 1065/1203/1065 1066/1204/1066 
f 1047/1185/1047 1049/1187/1049 1059/1197/1059 1066/1204/1066 
f 1067/1205/1067 1068/1206/1068 1057/1195/1057 1056/1194/1056 
f 1069/1207/1069 1070/1208/1070 1068/1206/1068 1067/1205/1067 
f 1071/1209/1071 1072/1210/1072 1070/1208/1070 1069/1207/1069 
f 1073/1211/1073 1074/1212/1074 1063/1201/1063 1062/1200/1062 
f 1075/1213/1075 1076/1214/1076 1074/1212/1074 1073/1211/1073 
f 1077/1215/1077 1078/1216/1078 1076/1214/1076 1075/1213/1075 
f 1079/1217/1079 1080/1218/1080 1076/1214/1076 1078/1216/1078 
f 1080/1218/1080 1079/1217/1079 1071/1209/1071 1069/1207/1069 
f 1080/1218/1080 1069/1207/1069 1067/1205/1067 1081/1219/1081 
f 1056/1194/1056 1064/1202/1064 1081/1219/1081 1067/1205/1067 
f 1074/1212/1074 1076/1214/1076 1080/1218/1080 1081/1219/1081 
f 1074/1212/1074 1081/1219/1081 1064/1202/1064 1063/1201/1063 
f 1082/1220/1082 1083/1221/1083 1078/1216/1078 1077/1215/1077 
f 1084/1222/1084 1085/1223/1085 1083/1221/1083 1082/1220/1082 
f 1086/1224/1086 1079/1217/1079 1078/1216/1078 1083/1221/1083 
f 1087/1225/1087 1088/1226/1088 1083/1221/1083 1085/1223/1085 
f 1089/1227/1089 1090/1228/1090 1088/1226/1088 1087/1225/1087 
f 1091/1229/1091 1086/1224/1086 1083/1221/1083 1088/1226/1088 
f 1071/1209/1071 1079/1217/1079 1086/1224/1086 1091/1229/1091 
f 1092/1230/1092 1072/1210/1072 1071/1209/1071 1091/1229/1091 
f 1088/1226/1088 1090/1228/1090 1092/1230/1092 1091/1229/1091 
f 1093/1231/1093 1094/1232/1094 1085/1223/1085 1084/1222/1084 
f 1095/1233/1095 1096/1234/1096 1094/1232/1094 1093/1231/1093 
f 1097/1235/1097 1087/1225/1087 1085/1223/1085 1094/1232/1094 
f 1097/1235/1097 1094/1232/1094 1096/1234/1096 1098/1236/1098 
f 1099/1237/1099 1089/1227/1089 1087/1225/1087 1097/1235/1097 
f 1099/1237/1099 1097/1235/1097 1098/1236/1098 1100/1238/1100 
f 1101/1239/1101 1102/1240/1102 1096/1234/1096 1095/1233/1095 
f 1103/1241/1103 1104/1242/1104 1102/1240/1102 1101/1239/1101 
f 1105/1243/1105 1098/1236/1098 1096/1234/1096 1102/1240/1102 
f 1105/1243/1105 1102/1240/1102 1104/1242/1104 1106/1244/1106 
f 1107/1245/1107 1100/1238/1100 1098/1236/1098 1105/1243/1105 
f 1107/1245/1107 1105/1243/1105 1106/1244/1106 1108/1246/1108 
f 1109/1247/1109 1110/1248/1110 1104/1242/1104 1103/1241/1103 
f 1111/1249/1111 1112/1250/1112 1110/1248/1110 1109/1247/1109 
f 1113/1251/1113 1114/1252/1114 1112/1250/1112 1111/1249/1111 
f 1115/1253/1115 1116/1254/1116 1114/1252/1114 1113/1251/1113 
f 1117/1255/1117 1106/1244/1106 1104/1242/1104 1110/1248/1110 
f 1118/1256/1118 1108/1246/1108 1106/1244/1106 1117/1255/1117 
f 1117/1255/1117 1110/1248/1110 1112/1250/1112 1119/1257/1119 
f 1120/1258/1120 1118/1256/1118 1117/1255/1117 1119/1257/1119 
f 1119/1257/1119 1112/1250/1112 1114/1252/1114 1121/1259/1121 
f 1122/1260/1122 1120/1258/1120 1119/1257/1119 1121/1259/1121 
f 1121/1259/1121 1114/1252/1114 1116/1254/1116 1123/1261/1123 
f 1124/1262/1124 1125/1263/1125 1116/1254/1116 1115/1253/1115 
f 1126/1264/1126 1127/1265/1127 1125/1263/1125 1124/1262/1124 
f 1128/1266/1128 1122/1260/1122 1121/1259/1121 1123/1261/1123 
f 1129/1267/1129 1123/1261/1123 1116/1254/1116 1125/1263/1125 
f 1129/1267/1129 1125/1263/1125 1127/1265/1127 1130/1268/1130 
f 1129/1267/1129 1130/1268/1130 1128/1266/1128 1123/1261/1123 
f 1131/1269/1131 1132/1270/1132 1051/1189/1051 1050/1188/1050 
f 1133/1271/1133 1134/1272/1134 1132/1270/1132 1131/1269/1131 
f 1135/1273/1135 1136/1274/1136 1134/1272/1134 1133/1271/1133 
f 1131/1269/1131 1050/1188/1050 1024/1162/1024 1027/1165/1027 
f 1137/1275/1137 1133/1271/1133 1131/1269/1131 1027/1165/1027 
f 1138/1276/1138 1135/1273/1135 1133/1271/1133 1137/1275/1137 
f 1137/1275/1137 1027/1165/1027 1029/1167/1029 1139/1277/1139 
f 1140/1278/1140 1138/1276/1138 1137/1275/1137 1139/1277/1139 
f 1139/1277/1139 1029/1167/1029 1031/1169/1031 1141/1279/1141 
f 1142/1280/1142 1140/1278/1140 1139/1277/1139 1141/1279/1141 
f 1143/1281/1143 1144/1282/1144 1136/1274/1136 1135/1273/1135 
f 1145/1283/1145 1146/1284/1146 1144/1282/1144 1143/1281/1143 
f 1143/1281/1143 1135/1273/1135 1138/1276/1138 1147/1285/1147 
f 1138/1276/1138 1140/1278/1140 1142/1280/1142 1147/1285/1147 
f 1148/1286/1148 1145/1283/1145 1143/1281/1143 1147/1285/1147 
f 1148/1286/1148 1147/1285/1147 1142/1280/1142 1149/1287/1149 
f 1149/1287/1149 1142/1280/1142 1141/1279/1141 1150/1288/1150 
f 1031/1169/1031 1033/1171/1033 1150/1288/1150 1141/1279/1141 
f 1151/1289/1151 1152/1290/1152 1093/1231/1093 1084/1222/1084 
f 1153/1291/1153 1154/1292/1154 1152/1290/1152 1151/1289/1151 
f 1155/1293/1155 1156/1294/1156 1154/1292/1154 1153/1291/1153 
f 1157/1295/1157 1158/1296/1158 1156/1294/1156 1155/1293/1155 
f 1159/1297/1159 1160/1298/1160 1158/1296/1158 1157/1295/1157 
f 1151/1289/1151 1084/1222/1084 1082/1220/1082 1161/1299/1161 
f 1161/1299/1161 1082/1220/1082 1077/1215/1077 1162/1300/1162 
f 1162/1300/1162 1077/1215/1077 1075/1213/1075 1163/1301/1163 
f 1163/1301/1163 1075/1213/1075 1073/1211/1073 1164/1302/1164 
f 1164/1302/1164 1073/1211/1073 1062/1200/1062 1165/1303/1165 
f 1165/1303/1165 1062/1200/1062 1060/1198/1060 1166/1304/1166 
f 1166/1304/1166 1060/1198/1060 1058/1196/1058 1167/1305/1167 
f 1132/1270/1132 1167/1305/1167 1058/1196/1058 1051/1189/1051 
f 1168/1306/1168 1169/1307/1169 1170/1308/1170 1171/1309/1171 
f 1172/1310/1172 1159/1297/1159 1157/1295/1157 1173/1311/1173 
f 1174/1312/1174 1172/1310/1172 1173/1311/1173 1175/1313/1175 
f 1176/1314/1176 1174/1312/1174 1175/1313/1175 1177/1315/1177 
f 1169/1307/1169 1176/1314/1176 1177/1315/1177 1170/1308/1170 
f 1178/1316/1178 1144/1282/1144 1146/1284/1146 1179/1317/1179 
f 1180/1318/1180 1178/1316/1178 1179/1317/1179 1181/1319/1181 
f 1171/1309/1171 1180/1318/1180 1181/1319/1181 1168/1306/1168 
f 1155/1293/1155 1153/1291/1153 1182/1320/1182 1183/1321/1183 
f 1183/1321/1183 1182/1320/1182 1184/1322/1184 1185/1323/1185 
f 1185/1323/1185 1184/1322/1184 1186/1324/1186 1187/1325/1187 
f 1187/1325/1187 1186/1324/1186 1188/1326/1188 1189/1327/1189 
f 1189/1327/1189 1188/1326/1188 1190/1328/1190 1191/1329/1191 
f 1191/1329/1191 1190/1328/1190 1192/1330/1192 1193/1331/1193 
f 1193/1331/1193 1192/1330/1192 1194/1332/1194 1195/1333/1195 
f 1195/1333/1195 1194/1332/1194 1134/1272/1134 1136/1274/1136 
f 1153/1291/1153 1151/1289/1151 1161/1299/1161 1182/1320/1182 
f 1183/1321/1183 1173/1311/1173 1157/1295/1157 1155/1293/1155 
f 1182/1320/1182 1161/1299/1161 1162/1300/1162 1184/1322/1184 
f 1185/1323/1185 1175/1313/1175 1173/1311/1173 1183/1321/1183 
f 1184/1322/1184 1162/1300/1162 1163/1301/1163 1186/1324/1186 
f 1187/1325/1187 1177/1315/1177 1175/1313/1175 1185/1323/1185 
f 1186/1324/1186 1163/1301/1163 1164/1302/1164 1188/1326/1188 
f 1189/1327/1189 1170/1308/1170 1177/1315/1177 1187/1325/1187 
f 1188/1326/1188 1164/1302/1164 1165/1303/1165 1190/1328/1190 
f 1191/1329/1191 1171/1309/1171 1170/1308/1170 1189/1327/1189 
f 1190/1328/1190 1165/1303/1165 1166/1304/1166 1192/1330/1192 
f 1193/1331/1193 1180/1318/1180 1171/1309/1171 1191/1329/1191 
f 1192/1330/1192 1166/1304/1166 1167/1305/1167 1194/1332/1194 
f 1195/1333/1195 1178/1316/1178 1180/1318/1180 1193/1331/1193 
f 1194/1332/1194 1167/1305/1167 1132/1270/1132 1134/1272/1134 
f 1136/1274/1136 1144/1282/1144 1178/1316/1178 1195/1333/1195 
f 1196/1334/1196 1197/1335/1197 1126/1264/1126 1124/1262/1124 
f 1196/1334/1196 1124/1262/1124 1115/1253/1115 1198/1336/1198 
f 1198/1336/1198 1115/1253/1115 1113/1251/1113 1199/1337/1199 
f 1200/1338/1200 1095/1233/1095 1093/1231/1093 1152/1290/1152 
f 1201/1339/1201 1101/1239/1101 1095/1233/1095 1200/1338/1200 
f 1202/1340/1202 1103/1241/1103 1101/1239/1101 1201/1339/1201 
f 1203/1341/1203 1109/1247/1109 1103/1241/1103 1202/1340/1202 
f 1204/1342/1204 1111/1249/1111 1109/1247/1109 1203/1341/1203 
f 1204/1342/1204 1199/1337/1199 1113/1251/1113 1111/1249/1111 
f 1205/1343/1205 1206/1344/1206 1196/1334/1196 1198/1336/1198 
f 1207/1345/1207 1208/1346/1208 1206/1344/1206 1205/1343/1205 
f 1209/1347/1209 1210/1348/1210 1208/1346/1208 1207/1345/1207 
f 1211/1349/1211 1212/1350/1212 1210/1348/1210 1209/1347/1209 
f 1213/1351/1213 1214/1352/1214 1215/1353/1215 1216/1354/1216 
f 1217/1355/1217 1211/1349/1211 1209/1347/1209 1218/1356/1218 
f 1219/1357/1219 1217/1355/1217 1218/1356/1218 1220/1358/1220 
f 1214/1352/1214 1219/1357/1219 1220/1358/1220 1215/1353/1215 
f 1221/1359/1221 1158/1296/1158 1160/1298/1160 1222/1360/1222 
f 1223/1361/1223 1221/1359/1221 1222/1360/1222 1224/1362/1224 
f 1216/1354/1216 1223/1361/1223 1224/1362/1224 1213/1351/1213 
f 1207/1345/1207 1205/1343/1205 1225/1363/1225 1226/1364/1226 
f 1226/1364/1226 1225/1363/1225 1227/1365/1227 1228/1366/1228 
f 1228/1366/1228 1227/1365/1227 1229/1367/1229 1230/1368/1230 
f 1230/1368/1230 1229/1367/1229 1231/1369/1231 1232/1370/1232 
f 1232/1370/1232 1231/1369/1231 1233/1371/1233 1234/1372/1234 
f 1234/1372/1234 1233/1371/1233 1235/1373/1235 1236/1374/1236 
f 1236/1374/1236 1235/1373/1235 1154/1292/1154 1156/1294/1156 
f 1205/1343/1205 1198/1336/1198 1199/1337/1199 1225/1363/1225 
f 1226/1364/1226 1218/1356/1218 1209/1347/1209 1207/1345/1207 
f 1225/1363/1225 1199/1337/1199 1204/1342/1204 1227/1365/1227 
f 1228/1366/1228 1220/1358/1220 1218/1356/1218 1226/1364/1226 
f 1227/1365/1227 1204/1342/1204 1203/1341/1203 1229/1367/1229 
f 1230/1368/1230 1215/1353/1215 1220/1358/1220 1228/1366/1228 
f 1229/1367/1229 1203/1341/1203 1202/1340/1202 1231/1369/1231 
f 1232/1370/1232 1216/1354/1216 1215/1353/1215 1230/1368/1230 
f 1231/1369/1231 1202/1340/1202 1201/1339/1201 1233/1371/1233 
f 1234/1372/1234 1223/1361/1223 1216/1354/1216 1232/1370/1232 
f 1233/1371/1233 1201/1339/1201 1200/1338/1200 1235/1373/1235 
f 1236/1374/1236 1221/1359/1221 1223/1361/1223 1234/1372/1234 
f 1235/1373/1235 1200/1338/1200 1152/1290/1152 1154/1292/1154 
f 1156/1294/1156 1158/1296/1158 1221/1359/1221 1236/1374/1236 
f 1237/1375/1237 1238/1376/1238 1197/1335/1197 1196/1334/1196 
f 1239/1377/1239 1240/1378/1240 1238/1376/1238 1237/1375/1237 
f 1241/1379/1241 1242/1380/1242 1240/1378/1240 1239/1377/1239 
f 1243/1381/1243 1244/1382/1244 1242/1380/1242 1241/1379/1241 
f 1245/1383/1245 1243/1381/1243 1241/1379/1241 1246/1384/1246 
f 1247/1385/1247 1248/1386/1248 1245/1383/1245 1246/1384/1246 
f 1249/1387/1249 1250/1388/1250 1248/1386/1248 1247/1385/1247 
f 1251/1389/1251 1252/1390/1252 1250/1388/1250 1249/1387/1249 
f 1253/1391/1253 1254/1392/1254 1250/1388/1250 1252/1390/1252 
f 1255/1393/1255 1256/1394/1256 1244/1382/1244 1243/1381/1243 
f 1256/1394/1256 1255/1393/1255 1254/1392/1254 1253/1391/1253 
f 1255/1393/1255 1243/1381/1243 1245/1383/1245 1257/1395/1257 
f 1258/1396/1258 1254/1392/1254 1255/1393/1255 1257/1395/1257 
f 1254/1392/1254 1258/1396/1258 1248/1386/1248 1250/1388/1250 
f 1245/1383/1245 1248/1386/1248 1258/1396/1258 1257/1395/1257 
f 1237/1375/1237 1196/1334/1196 1206/1344/1206 1259/1397/1259 
f 1260/1398/1260 1239/1377/1239 1237/1375/1237 1259/1397/1259 
f 1260/1398/1260 1246/1384/1246 1241/1379/1241 1239/1377/1239 
f 1261/1399/1261 1247/1385/1247 1246/1384/1246 1260/1398/1260 
f 1261/1399/1261 1260/1398/1260 1259/1397/1259 1262/1400/1262 
f 1206/1344/1206 1208/1346/1208 1262/1400/1262 1259/1397/1259 
f 1263/1401/1263 1249/1387/1249 1247/1385/1247 1261/1399/1261 
f 1263/1401/1263 1261/1399/1261 1262/1400/1262 1264/1402/1264 
f 1208/1346/1208 1210/1348/1210 1264/1402/1264 1262/1400/1262 
f 1265/1403/1265 1251/1389/1251 1249/1387/1249 1263/1401/1263 
f 1265/1403/1265 1263/1401/1263 1264/1402/1264 1266/1404/1266 
f 1210/1348/1210 1212/1350/1212 1266/1404/1266 1264/1402/1264 
f 1267/1405/1267 1028/1406/1028 1026/1407/1026 1268/1408/1268 
f 1269/1409/1269 1030/1410/1030 1028/1406/1028 1267/1405/1267 
f 1270/1411/1270 1032/1412/1032 1030/1410/1030 1269/1409/1269 
f 1271/1413/1271 1272/1414/1272 1270/1411/1270 1269/1409/1269 
f 1271/1413/1271 1269/1409/1269 1267/1405/1267 1273/1415/1273 
f 1273/1415/1273 1267/1405/1267 1268/1408/1268 1274/1416/1274 
f 1275/1417/1275 1276/1418/1276 999/1419/999 998/1420/998 
f 998/1420/998 1274/1416/1274 1268/1408/1268 1275/1417/1275 
f 1026/1407/1026 1025/1421/1025 1275/1417/1275 1268/1408/1268 
f 1025/1421/1025 1035/1422/1035 1276/1418/1276 1275/1417/1275 
f 1276/1418/1276 1035/1422/1035 1037/1423/1037 1277/1424/1277 
f 1276/1418/1276 1277/1424/1277 1000/1425/1000 999/1419/999 
f 1277/1424/1277 1022/1159/1022 1019/1158/1019 1000/1425/1000 
f 1277/1424/1277 1037/1423/1037 1039/1426/1039 1278/1427/1278 
f 1278/1427/1278 1039/1426/1039 1041/1428/1041 1279/1429/1279 
f 1274/1416/1274 998/1420/998 1003/1430/1003 1280/1431/1280 
f 1280/1431/1280 1003/1430/1003 1005/1432/1005 1281/1433/1281 
f 1282/1434/1282 1283/1435/1283 1011/1161/1011 1023/1160/1023 
f 1284/1436/1284 1010/1437/1010 1011/1161/1011 1283/1435/1283 
f 1284/1436/1284 1283/1435/1283 1282/1434/1282 1285/1438/1285 
f 1005/1432/1005 1010/1437/1010 1284/1436/1284 1281/1433/1281 
f 1281/1433/1281 1284/1436/1284 1285/1438/1285 1286/1439/1286 
f 1287/1440/1287 1288/1441/1288 1281/1433/1281 1286/1439/1286 
f 1289/1442/1289 1280/1431/1280 1281/1433/1281 1288/1441/1288 
f 1273/1415/1273 1274/1416/1274 1280/1431/1280 1289/1442/1289 
f 1290/1443/1290 1271/1413/1271 1273/1415/1273 1289/1442/1289 
f 1291/1444/1291 1272/1414/1272 1271/1413/1271 1290/1443/1290 
f 1290/1443/1290 1289/1442/1289 1288/1441/1288 1292/1445/1292 
f 1293/1446/1293 1291/1444/1291 1290/1443/1290 1292/1445/1292 
f 1292/1445/1292 1288/1441/1288 1287/1440/1287 1294/1447/1294 
f 1295/1448/1295 1293/1446/1293 1292/1445/1292 1294/1447/1294 
f 1296/1449/1296 1022/1159/1022 1277/1424/1277 1278/1427/1278 
f 1296/1449/1296 1278/1427/1278 1279/1429/1279 1297/1450/1297 
f 1298/1451/1298 1299/1452/1299 1286/1439/1286 1285/1438/1285 
f 1300/1453/1300 1301/1454/1301 1299/1452/1299 1298/1451/1298 
f 1302/1455/1302 1303/1456/1303 628/697/628 626/695/626 
f 1304/1457/1304 1287/1440/1287 1286/1439/1286 1299/1452/1299 
f 1305/1458/1305 1294/1447/1294 1287/1440/1287 1304/1457/1304 
f 1306/1459/1306 1295/1448/1295 1294/1447/1294 1305/1458/1305 
f 1307/1460/1307 1308/1461/1308 611/676/611 608/678/608 
f 1309/1462/1309 1310/1463/1310 1308/1461/1308 1307/1460/1307 
f 1307/1464/1307 608/669/608 607/668/607 1311/1465/1311 
f 1312/1466/1312 1309/1467/1309 1307/1464/1307 1311/1465/1311 
f 1311/1465/1311 607/668/607 643/713/643 1313/1468/1313 
f 1314/1469/1314 1312/1466/1312 1311/1465/1311 1313/1468/1313 
f 1314/1469/1314 1313/1468/1313 643/713/643 631/700/631 
f 1315/1470/1315 1316/1471/1316 1305/1458/1305 1304/1457/1304 
f 1299/1452/1299 1301/1454/1301 1315/1470/1315 1304/1457/1304 
f 1317/1472/1317 1302/1455/1302 626/695/626 624/693/624 
f 1318/1473/1318 1306/1459/1306 1305/1458/1305 1316/1471/1316 
f 1319/1474/1319 1317/1472/1317 624/693/624 622/691/622 
f 1319/1474/1319 622/691/622 621/690/621 1320/1475/1320 
f 1321/1476/1321 619/688/619 611/676/611 1308/1461/1308 
f 1321/1476/1321 1320/1475/1320 621/690/621 619/688/619 
f 1321/1476/1321 1308/1461/1308 1310/1463/1310 1322/1477/1322 
f 1323/1478/1323 1320/1475/1320 1321/1476/1321 1322/1477/1322 
f 1320/1475/1320 1323/1478/1323 1318/1473/1318 1316/1471/1316 
f 1320/1475/1320 1316/1471/1316 1315/1470/1315 1319/1474/1319 
f 1302/1455/1302 1317/1472/1317 1301/1454/1301 1300/1453/1300 
f 1301/1454/1301 1317/1472/1317 1319/1474/1319 1315/1470/1315 
f 1298/1451/1298 1285/1438/1285 1282/1434/1282 1324/1479/1324 
f 1325/1480/1325 1300/1453/1300 1298/1451/1298 1324/1479/1324 
f 1325/1480/1325 1303/1456/1303 1302/1455/1302 1300/1453/1300 
f 1324/1479/1324 1282/1434/1282 1023/1160/1023 1326/1481/1326 
f 1327/1482/1327 1325/1480/1325 1324/1479/1324 1326/1481/1326 
f 1328/1483/1328 1303/1456/1303 1325/1480/1325 1327/1482/1327 
f 1329/1484/1329 628/697/628 1303/1456/1303 1328/1483/1328 
f 1326/1481/1326 1023/1160/1023 1021/1155/1021 1330/1485/1330 
f 1331/1486/1331 1327/1482/1327 1326/1481/1326 1330/1485/1330 
f 1332/1487/1332 1328/1483/1328 1327/1482/1327 1331/1486/1331 
f 1333/1488/1333 1329/1484/1329 1328/1483/1328 1332/1487/1332 
f 1334/1489/1334 1335/1490/1335 1333/1488/1333 1332/1487/1332 
f 1334/1489/1334 1332/1487/1332 1331/1486/1331 1336/1491/1336 
f 1336/1491/1336 1331/1486/1331 1330/1485/1330 1337/1492/1337 
f 1330/1485/1330 1021/1155/1021 1020/1154/1020 1338/1493/1338 
f 1338/1493/1338 1020/1154/1020 1022/1159/1022 1339/1494/1339 
f 1339/1494/1339 1022/1159/1022 1296/1449/1296 1340/1495/1340 
f 1340/1495/1340 1296/1449/1296 1297/1450/1297 1341/1496/1341 
f 1342/1497/1342 1343/1498/1343 1340/1495/1340 1341/1496/1341 
f 1344/1499/1344 1339/1494/1339 1340/1495/1340 1343/1498/1343 
f 1345/1500/1345 1338/1493/1338 1339/1494/1339 1344/1499/1344 
f 1338/1493/1338 1345/1500/1345 1337/1492/1337 1330/1485/1330 
f 1346/1501/1346 627/696/627 628/697/628 1329/1484/1329 
f 1346/1501/1346 1329/1484/1329 1333/1488/1333 1347/1502/1347 
f 1348/1503/1348 1349/1504/1349 1347/1502/1347 1333/1488/1333 
f 1348/1503/1348 1333/1488/1333 1335/1490/1335 1350/1505/1350 
f 1351/1506/1351 1352/1507/1352 1350/1505/1350 1335/1490/1335 
f 1353/1508/1353 1354/1509/1354 1347/1502/1347 1349/1504/1349 
f 1355/1510/1355 1346/1501/1346 1347/1502/1347 1354/1509/1354 
f 1356/1511/1356 1357/1512/1357 1354/1509/1354 1353/1508/1353 
f 618/687/618 627/696/627 1346/1501/1346 1355/1510/1355 
f 1358/1513/1358 1355/1510/1355 1354/1509/1354 1357/1512/1357 
f 1359/1514/1359 618/687/618 1355/1510/1355 1358/1513/1358 
f 618/687/618 1359/1514/1359 614/681/614 613/679/613 
f 1360/1515/1360 1361/1516/1361 1357/1512/1357 1356/1511/1356 
f 1362/1517/1362 1358/1513/1358 1357/1512/1357 1361/1516/1361 
f 1363/1518/1363 1359/1514/1359 1358/1513/1358 1362/1517/1362 
f 1359/1514/1359 1363/1518/1363 615/683/615 614/681/614 
f 1364/1519/1364 1365/1520/1365 1352/1507/1352 1351/1506/1351 
f 1366/1521/1366 1367/1522/1367 1365/1520/1365 1364/1519/1364 
f 1368/1523/1368 1369/1524/1369 1367/1522/1367 1366/1521/1366 
f 1370/1525/1370 1371/1526/1371 314/318/314 311/315/311 
f 1372/1527/1372 315/319/315 314/318/314 1371/1526/1371 
f 1372/1527/1372 1371/1526/1371 1370/1525/1370 1373/1528/1373 
f 1374/1529/1374 1375/1530/1375 1373/1528/1373 1370/1525/1370 
f 1374/1529/1374 1370/1525/1370 311/315/311 1376/1531/1376 
f 1376/1531/1376 311/315/311 310/314/310 1377/1532/1377 
f 1377/1532/1377 310/314/310 651/721/651 1378/1533/1378 
f 1379/1534/1379 1380/1535/1380 1360/1515/1360 1356/1511/1356 
f 1381/1536/1381 1380/1535/1380 1379/1534/1379 1382/1537/1382 
f 1383/1538/1383 1377/1532/1377 1378/1533/1378 1384/1539/1384 
f 1385/1540/1385 1376/1531/1376 1377/1532/1377 1383/1538/1383 
f 1386/1541/1386 1387/1542/1387 1365/1520/1365 1367/1522/1367 
f 1388/1543/1388 1389/1544/1389 1387/1542/1387 1386/1541/1386 
f 1386/1541/1386 1367/1522/1367 1369/1524/1369 1390/1545/1390 
f 1391/1546/1391 1388/1543/1388 1386/1541/1386 1390/1545/1390 
f 1392/1547/1392 1352/1507/1352 1365/1520/1365 1387/1542/1387 
f 1392/1547/1392 1387/1542/1387 1389/1544/1389 1393/1548/1393 
f 1394/1549/1394 1350/1505/1350 1352/1507/1352 1392/1547/1392 
f 1394/1549/1394 1392/1547/1392 1393/1548/1393 1395/1550/1395 
f 1396/1551/1396 1348/1503/1348 1350/1505/1350 1394/1549/1394 
f 1396/1551/1396 1394/1549/1394 1395/1550/1395 1397/1552/1397 
f 1398/1553/1398 1349/1504/1349 1348/1503/1348 1396/1551/1396 
f 1399/1554/1399 1353/1508/1353 1349/1504/1349 1398/1553/1398 
f 1399/1554/1399 1379/1534/1379 1356/1511/1356 1353/1508/1353 
f 1400/1555/1400 1382/1537/1382 1379/1534/1379 1399/1554/1399 
f 1400/1555/1400 1399/1554/1399 1398/1553/1398 1401/1556/1401 
f 1396/1551/1396 1397/1552/1397 1401/1556/1401 1398/1553/1398 
f 1402/1557/1402 1374/1529/1374 1376/1531/1376 1385/1540/1385 
f 1403/1558/1403 1375/1530/1375 1374/1529/1374 1402/1557/1402 
f 1404/1559/1404 1405/1560/1405 1403/1558/1403 1402/1557/1402 
f 1406/1561/1406 1407/1562/1407 1405/1560/1405 1404/1559/1404 
f 1408/1563/1408 1409/1564/1409 1407/1562/1407 1406/1561/1406 
f 1388/1543/1388 1391/1546/1391 1409/1564/1409 1408/1563/1408 
f 1410/1565/1410 1389/1544/1389 1388/1543/1388 1408/1563/1408 
f 1410/1565/1410 1408/1563/1408 1406/1561/1406 1411/1566/1411 
f 1411/1566/1411 1406/1561/1406 1404/1559/1404 1412/1567/1412 
f 1412/1567/1412 1404/1559/1404 1402/1557/1402 1385/1540/1385 
f 1412/1567/1412 1385/1540/1385 1383/1538/1383 1413/1568/1413 
f 1414/1569/1414 1411/1566/1411 1412/1567/1412 1413/1568/1413 
f 1415/1570/1415 1393/1548/1393 1389/1544/1389 1410/1565/1410 
f 1416/1571/1416 1395/1550/1395 1393/1548/1393 1415/1570/1415 
f 1410/1565/1410 1411/1566/1411 1414/1569/1414 1415/1570/1415 
f 1417/1572/1417 1416/1571/1416 1415/1570/1415 1414/1569/1414 
f 1417/1572/1417 1414/1569/1414 1413/1568/1413 1418/1573/1418 
f 1418/1573/1418 1413/1568/1413 1383/1538/1383 1384/1539/1384 
f 1419/1574/1419 1397/1552/1397 1395/1550/1395 1416/1571/1416 
f 1419/1574/1419 1416/1571/1416 1417/1572/1417 1420/1575/1420 
f 1419/1574/1419 1420/1575/1420 1401/1556/1401 1397/1552/1397 
f 1421/1576/1421 1400/1555/1400 1401/1556/1401 1420/1575/1420 
f 1417/1572/1417 1418/1573/1418 1421/1576/1421 1420/1575/1420 
f 1421/1576/1421 1418/1573/1418 1384/1539/1384 1422/1577/1422 
f 1400/1555/1400 1421/1576/1421 1422/1577/1422 1382/1537/1382 
f 1351/1506/1351 1335/1490/1335 1334/1489/1334 1423/1578/1423 
f 1423/1578/1423 1334/1489/1334 1336/1491/1336 1424/1579/1424 
f 1424/1579/1424 1336/1491/1336 1337/1492/1337 1425/1580/1425 
f 1425/1580/1425 1337/1492/1337 1345/1500/1345 1426/1581/1426 
f 1426/1581/1426 1345/1500/1345 1344/1499/1344 1427/1582/1427 
f 1427/1582/1427 1344/1499/1344 1343/1498/1343 1428/1583/1428 
f 1428/1583/1428 1343/1498/1343 1342/1497/1342 1429/1584/1429 
f 1430/1585/1430 1425/1580/1425 1426/1581/1426 1427/1582/1427 
f 1430/1585/1430 1427/1582/1427 1428/1583/1428 1431/1586/1431 
f 1431/1586/1431 1428/1583/1428 1429/1584/1429 1432/1587/1432 
f 1433/1588/1433 1434/1589/1434 1431/1586/1431 1432/1587/1432 
f 1435/1590/1435 1436/1591/1436 1434/1589/1434 1433/1588/1433 
f 1436/1591/1436 1435/1590/1435 1368/1523/1368 1366/1521/1366 
f 1437/1592/1437 1430/1585/1430 1431/1586/1431 1434/1589/1434 
f 1424/1579/1424 1425/1580/1425 1430/1585/1430 1437/1592/1437 
f 1438/1593/1438 1423/1578/1423 1424/1579/1424 1437/1592/1437 
f 1434/1589/1434 1436/1591/1436 1438/1593/1438 1437/1592/1437 
f 1438/1593/1438 1436/1591/1436 1366/1521/1366 1364/1519/1364 
f 1423/1578/1423 1438/1593/1438 1364/1519/1364 1351/1506/1351 
f 1439/1594/1439 1440/1595/1440 418/450/418 417/451/417 
f 1441/1596/1441 1442/1597/1442 1440/1595/1440 1439/1594/1439 
f 1443/1598/1443 1444/1599/1444 1442/1597/1442 1441/1596/1441 
f 1445/1600/1445 1446/1601/1446 1444/1599/1444 1443/1598/1443 
f 1447/1602/1447 1448/1603/1448 1446/1601/1446 1445/1600/1445 
f 1449/1604/1449 1450/1605/1450 1448/1603/1448 1447/1602/1447 
f 1451/1606/1451 1446/1601/1446 1448/1603/1448 1450/1605/1450 
f 1452/1607/1452 1444/1599/1444 1446/1601/1446 1451/1606/1451 
f 1453/1608/1453 1442/1597/1442 1444/1599/1444 1452/1607/1452 
f 1454/1609/1454 1440/1595/1440 1442/1597/1442 1453/1608/1453 
f 1455/1610/1455 418/450/418 1440/1595/1440 1454/1609/1454 
f 1449/1604/1449 1447/1602/1447 1445/1600/1445 1456/1611/1456 
f 1456/1611/1456 1445/1600/1445 1443/1598/1443 1457/1612/1457 
f 1457/1612/1457 1443/1598/1443 1441/1596/1441 1458/1613/1458 
f 1459/1614/1459 1460/1615/1460 1450/1605/1450 1449/1616/1449 
f 1459/1614/1459 1449/1616/1449 1456/1617/1456 1461/1618/1461 
f 1462/1619/1462 1451/1606/1451 1450/1605/1450 1460/1615/1460 
f 1461/1618/1461 1462/1619/1462 1460/1615/1460 1459/1614/1459 
f 1463/1620/1463 1452/1607/1452 1451/1606/1451 1462/1619/1462 
f 1464/1621/1464 1453/1608/1453 1452/1607/1452 1463/1620/1463 
f 1463/1620/1463 1462/1619/1462 1461/1618/1461 1465/1622/1465 
f 1466/1623/1466 1464/1621/1464 1463/1620/1463 1465/1622/1465 
f 1456/1617/1456 1457/1624/1457 1465/1622/1465 1461/1618/1461 
f 1457/1624/1457 1458/1625/1458 1466/1623/1466 1465/1622/1465 
f 1467/1626/1467 1454/1609/1454 1453/1608/1453 1464/1621/1464 
f 1468/1627/1468 1455/1610/1455 1454/1609/1454 1467/1626/1467 
f 1467/1626/1467 1464/1621/1464 1466/1623/1466 1469/1628/1469 
f 1470/1629/1470 1468/1627/1468 1467/1626/1467 1469/1628/1469 
f 1469/1628/1469 1466/1623/1466 1458/1625/1458 1471/1630/1471 
f 1471/1631/1471 1458/1613/1458 1441/1596/1441 1439/1594/1439 
f 1471/1632/1471 1439/1633/1439 417/448/417 1472/1634/1472 
f 1471/1635/1471 1472/1636/1472 1470/1637/1470 1469/1638/1469 
f 1473/1639/1473 1474/1640/1474 1468/1627/1468 1470/1629/1470 
f 1475/1641/1475 1476/1642/1476 1474/1640/1474 1473/1639/1473 
f 1477/1643/1477 1478/1644/1478 1476/1642/1476 1475/1641/1475 
f 1479/1645/1479 1480/1646/1480 1478/1644/1478 1477/1643/1477 
f 1481/1647/1481 1482/1648/1482 1480/1646/1480 1479/1645/1479 
f 1483/1649/1483 1484/1650/1484 1482/1648/1482 1481/1647/1481 
f 1485/1651/1485 1480/1646/1480 1482/1648/1482 1484/1650/1484 
f 1486/1652/1486 1478/1644/1478 1480/1646/1480 1485/1651/1485 
f 1487/1653/1487 1476/1642/1476 1478/1644/1478 1486/1652/1486 
f 1483/1649/1483 1481/1647/1481 1479/1645/1479 1488/1654/1488 
f 1488/1654/1488 1479/1645/1479 1477/1643/1477 1489/1655/1489 
f 1489/1655/1489 1477/1643/1477 1475/1641/1475 1490/1656/1490 
f 1490/1656/1490 1475/1641/1475 1473/1639/1473 1491/1657/1491 
f 1492/1658/1492 1474/1640/1474 1476/1642/1476 1487/1653/1487 
f 1493/1659/1493 1494/1660/1494 1487/1653/1487 1486/1652/1486 
f 1495/1661/1495 1496/1662/1496 1489/1663/1489 1490/1664/1490 
f 1496/1662/1496 1495/1661/1495 1494/1660/1494 1493/1659/1493 
f 1497/1665/1497 1488/1666/1488 1489/1663/1489 1496/1662/1496 
f 1497/1665/1497 1496/1662/1496 1493/1659/1493 1498/1667/1498 
f 1498/1667/1498 1493/1659/1493 1486/1652/1486 1485/1651/1485 
f 1498/1667/1498 1485/1651/1485 1484/1650/1484 1499/1668/1499 
f 1499/1668/1499 1484/1650/1484 1483/1669/1483 1500/1670/1500 
f 1497/1665/1497 1498/1667/1498 1499/1668/1499 1500/1670/1500 
f 1483/1669/1483 1488/1666/1488 1497/1665/1497 1500/1670/1500 
f 1501/1671/1501 1492/1658/1492 1487/1653/1487 1494/1660/1494 
f 1501/1671/1501 1494/1660/1494 1495/1661/1495 1502/1672/1502 
f 1490/1664/1490 1491/1673/1491 1502/1672/1502 1495/1661/1495 
f 1491/1673/1491 1473/1674/1473 1470/1637/1470 1503/1675/1503 
f 1504/1676/1504 1502/1672/1502 1491/1673/1491 1503/1675/1503 
f 1505/1677/1505 1501/1671/1501 1502/1672/1502 1504/1676/1504 
f 1506/1678/1506 1468/1627/1468 1474/1640/1474 1492/1658/1492 
f 1492/1658/1492 1501/1671/1501 1505/1677/1505 1506/1678/1506 
f 1507/1679/1507 1508/1680/1508 1468/1627/1468 1506/1678/1506 
f 1507/1679/1507 1506/1678/1506 1505/1677/1505 1509/1681/1509 
f 1509/1681/1509 1505/1677/1505 1504/1676/1504 1510/1682/1510 
f 1510/1682/1510 1504/1676/1504 1503/1675/1503 1511/1683/1511 
f 1511/1683/1511 1503/1675/1503 1470/1637/1470 1512/1684/1512 
f 1512/1684/1512 1470/1637/1470 1472/1636/1472 1513/1685/1513 
f 1513/1686/1513 1472/1634/1472 417/448/417 1514/1687/1514 
f 1514/1687/1514 417/448/417 416/447/416 1515/1688/1515 
f 1515/1688/1515 416/447/416 419/452/419 1516/1689/1516 
f 1516/1689/1516 419/452/419 420/453/420 1517/1690/1517 
f 1517/1690/1517 420/453/420 422/455/422 1518/1691/1518 
f 1518/1691/1518 422/455/422 418/450/418 1519/1692/1519 
f 1519/1692/1519 418/450/418 1455/1610/1455 1520/1693/1520 
f 1455/1610/1455 1468/1627/1468 1508/1680/1508 1520/1693/1520 
f 1521/1694/1521 1522/1695/1522 1510/1682/1510 1511/1683/1511 
f 1523/1696/1523 1524/1697/1524 1522/1695/1522 1521/1694/1521 
f 1525/1698/1525 1526/1699/1526 1524/1697/1524 1523/1696/1523 
f 1527/1700/1527 1528/1701/1528 1525/1698/1525 1523/1696/1523 
f 1529/1702/1529 1530/1703/1530 1528/1704/1528 1527/1705/1527 
f 1531/1706/1531 1532/1707/1532 1530/1703/1530 1529/1702/1529 
f 1533/1708/1533 1534/1709/1534 1515/1688/1515 1516/1689/1516 
f 1534/1709/1534 1533/1708/1533 1531/1706/1531 1529/1702/1529 
f 1535/1710/1535 1514/1687/1514 1515/1688/1515 1534/1709/1534 
f 1535/1710/1535 1534/1709/1534 1529/1702/1529 1536/1711/1536 
f 1536/1711/1536 1529/1702/1529 1527/1705/1527 1537/1712/1537 
f 1537/1713/1537 1527/1700/1527 1523/1696/1523 1538/1714/1538 
f 1538/1714/1538 1523/1696/1523 1521/1694/1521 1539/1715/1539 
f 1511/1683/1511 1512/1684/1512 1539/1715/1539 1521/1694/1521 
f 1539/1715/1539 1512/1684/1512 1513/1685/1513 1540/1716/1540 
f 1513/1686/1513 1514/1687/1514 1535/1710/1535 1540/1717/1540 
f 1535/1710/1535 1536/1711/1536 1537/1712/1537 1540/1717/1540 
f 1537/1713/1537 1538/1714/1538 1539/1715/1539 1540/1716/1540 
f 1533/1708/1533 1516/1689/1516 1517/1690/1517 1541/1718/1541 
f 1542/1719/1542 1531/1706/1531 1533/1708/1533 1541/1718/1541 
f 1543/1720/1543 1532/1707/1532 1531/1706/1531 1542/1719/1542 
f 1541/1718/1541 1517/1690/1517 1518/1691/1518 1544/1721/1544 
f 1545/1722/1545 1542/1719/1542 1541/1718/1541 1544/1721/1544 
f 1546/1723/1546 1543/1720/1543 1542/1719/1542 1545/1722/1545 
f 1544/1721/1544 1518/1691/1518 1519/1692/1519 1547/1724/1547 
f 1548/1725/1548 1509/1681/1509 1510/1682/1510 1522/1695/1522 
f 1548/1725/1548 1522/1695/1522 1524/1697/1524 1549/1726/1549 
f 1549/1726/1549 1524/1697/1524 1526/1699/1526 1550/1727/1550 
f 1551/1728/1551 1507/1679/1507 1509/1681/1509 1548/1725/1548 
f 1551/1728/1551 1548/1725/1548 1549/1726/1549 1552/1729/1552 
f 1552/1729/1552 1549/1726/1549 1550/1727/1550 1553/1730/1553 
f 1554/1731/1554 1555/1732/1555 1546/1723/1546 1545/1722/1545 
f 1552/1729/1552 1553/1730/1553 1555/1732/1555 1554/1731/1554 
f 1556/1733/1556 1545/1722/1545 1544/1721/1544 1547/1724/1547 
f 1557/1734/1557 1554/1731/1554 1545/1722/1545 1556/1733/1556 
f 1557/1734/1557 1556/1733/1556 1547/1724/1547 1558/1735/1558 
f 1519/1692/1519 1520/1693/1520 1558/1735/1558 1547/1724/1547 
f 1558/1735/1558 1520/1693/1520 1508/1680/1508 1559/1736/1559 
f 1560/1737/1560 1557/1734/1557 1558/1735/1558 1559/1736/1559 
f 1552/1729/1552 1554/1731/1554 1557/1734/1557 1560/1737/1560 
f 1551/1728/1551 1552/1729/1552 1560/1737/1560 1559/1736/1559 
f 1551/1728/1551 1559/1736/1559 1508/1680/1508 1507/1679/1507 
f 1561/1738/1561 1562/1739/1562 1563/1740/1563 1564/1741/1564 
f 1565/1742/1565 1566/1743/1566 1562/1739/1562 1561/1738/1561 
f 1567/1744/1567 1568/1745/1568 1566/1743/1566 1565/1742/1565 
f 1569/1746/1569 1570/1747/1570 1568/1745/1568 1567/1744/1567 
f 1571/1748/1571 1572/1749/1572 1570/1747/1570 1569/1746/1569 
f 1564/1741/1564 1563/1740/1563 1573/1750/1573 1574/1751/1574 
f 1574/1751/1574 1573/1750/1573 1575/1752/1575 1576/1753/1576 
f 1576/1753/1576 1575/1752/1575 1577/1754/1577 1578/1755/1578 
f 1578/1756/1578 1577/1757/1577 1579/1758/1579 1580/1759/1580 
f 1581/1760/1581 1582/1761/1582 1583/1762/1583 1584/1763/1584 
f 1585/1764/1585 1586/1765/1586 1587/1766/1587 1588/1767/1588 
f 1589/1768/1589 1590/1769/1590 1586/1765/1586 1585/1764/1585 
f 1591/1770/1591 1592/1771/1592 1590/1769/1590 1589/1768/1589 
f 1593/1772/1593 1594/1773/1594 1592/1771/1592 1591/1770/1591 
f 1582/1761/1582 1581/1760/1581 1594/1773/1594 1593/1772/1593 
f 1588/1767/1588 1587/1766/1587 1595/1774/1595 1596/1775/1596 
f 1596/1775/1596 1595/1774/1595 1597/1776/1597 1598/1777/1598 
f 1598/1777/1598 1597/1776/1597 1599/1778/1599 1600/1779/1600 
f 1600/1780/1600 1599/1781/1599 1584/1763/1584 1583/1762/1583 
f 1572/1749/1572 1571/1748/1571 1580/1759/1580 1579/1758/1579 
f 1582/1761/1582 1601/1782/1601 1602/1783/1602 1583/1762/1583 
f 1584/1763/1584 1603/1784/1603 1604/1785/1604 1581/1760/1581 
f 1586/1765/1586 1605/1786/1605 1606/1787/1606 1587/1766/1587 
f 1588/1767/1588 1607/1788/1607 1608/1789/1608 1585/1764/1585 
f 1590/1769/1590 1609/1790/1609 1605/1786/1605 1586/1765/1586 
f 1585/1764/1585 1608/1789/1608 1610/1791/1610 1589/1768/1589 
f 1592/1771/1592 1611/1792/1611 1609/1790/1609 1590/1769/1590 
f 1589/1768/1589 1610/1791/1610 1612/1793/1612 1591/1770/1591 
f 1594/1773/1594 1613/1794/1613 1611/1792/1611 1592/1771/1592 
f 1591/1770/1591 1612/1793/1612 1614/1795/1614 1593/1772/1593 
f 1581/1760/1581 1604/1785/1604 1613/1794/1613 1594/1773/1594 
f 1593/1772/1593 1614/1795/1614 1601/1782/1601 1582/1761/1582 
f 1587/1766/1587 1606/1787/1606 1615/1796/1615 1595/1774/1595 
f 1596/1775/1596 1616/1797/1616 1607/1788/1607 1588/1767/1588 
f 1595/1774/1595 1615/1796/1615 1617/1798/1617 1597/1776/1597 
f 1598/1777/1598 1618/1799/1618 1616/1797/1616 1596/1775/1596 
f 1597/1776/1597 1617/1798/1617 1619/1800/1619 1599/1778/1599 
f 1600/1779/1600 1620/1801/1620 1618/1799/1618 1598/1777/1598 
f 1599/1781/1599 1619/1802/1619 1603/1784/1603 1584/1763/1584 
f 1583/1762/1583 1602/1783/1602 1620/1803/1620 1600/1780/1600 
f 1562/1739/1562 1608/1789/1608 1607/1788/1607 1563/1740/1563 
f 1564/1741/1564 1621/1804/1621 1622/1805/1622 1561/1738/1561 
f 1566/1743/1566 1610/1791/1610 1608/1789/1608 1562/1739/1562 
f 1561/1738/1561 1622/1805/1622 1623/1806/1623 1565/1742/1565 
f 1568/1745/1568 1612/1793/1612 1610/1791/1610 1566/1743/1566 
f 1565/1742/1565 1623/1806/1623 1624/1807/1624 1567/1744/1567 
f 1570/1747/1570 1614/1795/1614 1612/1793/1612 1568/1745/1568 
f 1567/1744/1567 1624/1807/1624 1625/1808/1625 1569/1746/1569 
f 1572/1749/1572 1601/1782/1601 1614/1795/1614 1570/1747/1570 
f 1569/1746/1569 1625/1808/1625 1626/1809/1626 1571/1748/1571 
f 1563/1740/1563 1607/1788/1607 1616/1797/1616 1573/1750/1573 
f 1574/1751/1574 1627/1810/1627 1621/1804/1621 1564/1741/1564 
f 1573/1750/1573 1616/1797/1616 1618/1799/1618 1575/1752/1575 
f 1576/1753/1576 1628/1811/1628 1627/1810/1627 1574/1751/1574 
f 1575/1752/1575 1618/1799/1618 1620/1801/1620 1577/1754/1577 
f 1578/1755/1578 1629/1812/1629 1628/1811/1628 1576/1753/1576 
f 1577/1757/1577 1620/1803/1620 1602/1783/1602 1579/1758/1579 
f 1580/1759/1580 1630/1813/1630 1629/1814/1629 1578/1756/1578 
f 1571/1748/1571 1626/1809/1626 1630/1813/1630 1580/1759/1580 
f 1579/1758/1579 1602/1783/1602 1601/1782/1601 1572/1749/1572 
f 1603/1784/1603 1528/1815/1528 1530/1816/1530 1604/1785/1604 
f 1605/1786/1605 1555/1817/1555 1553/1818/1553 1606/1787/1606 
f 1609/1790/1609 1546/1819/1546 1555/1817/1555 1605/1786/1605 
f 1611/1792/1611 1543/1820/1543 1546/1819/1546 1609/1790/1609 
f 1613/1794/1613 1532/1821/1532 1543/1820/1543 1611/1792/1611 
f 1604/1785/1604 1530/1816/1530 1532/1821/1532 1613/1794/1613 
f 1606/1787/1606 1553/1818/1553 1550/1822/1550 1615/1796/1615 
f 1615/1796/1615 1550/1822/1550 1526/1823/1526 1617/1798/1617 
f 1617/1798/1617 1526/1823/1526 1525/1824/1525 1619/1800/1619 
f 1619/1802/1619 1525/1825/1525 1528/1815/1528 1603/1784/1603 
f 1631/1826/1631 1632/1827/1632 1633/1828/1633 1634/1829/1634 
f 1634/1829/1634 1633/1828/1633 1635/1830/1635 1636/1831/1636 
f 1636/1831/1636 1635/1830/1635 1637/1832/1637 1638/1833/1638 
f 1638/1833/1638 1637/1832/1637 1639/1834/1639 1640/1835/1640 
f 1640/1835/1640 1639/1834/1639 1641/1836/1641 1642/1837/1642 
f 1643/1838/1643 1644/1839/1644 1632/1827/1632 1631/1826/1631 
f 1645/1840/1645 1646/1841/1646 1644/1839/1644 1643/1838/1643 
f 1647/1842/1647 1648/1843/1648 1646/1841/1646 1645/1840/1645 
f 1649/1844/1649 1650/1845/1650 1648/1846/1648 1647/1847/1647 
f 1642/1837/1642 1641/1836/1641 1650/1845/1650 1649/1844/1649 
f 1651/1848/1651 1652/1849/1652 1653/1850/1653 1654/1851/1654 
f 1632/1827/1632 1651/1848/1651 1654/1851/1654 1633/1828/1633 
f 1634/1829/1634 1622/1805/1622 1621/1804/1621 1631/1826/1631 
f 1654/1851/1654 1653/1850/1653 1655/1852/1655 1656/1853/1656 
f 1633/1828/1633 1654/1851/1654 1656/1853/1656 1635/1830/1635 
f 1636/1831/1636 1623/1806/1623 1622/1805/1622 1634/1829/1634 
f 1656/1853/1656 1655/1852/1655 1657/1854/1657 1658/1855/1658 
f 1635/1830/1635 1656/1853/1656 1658/1855/1658 1637/1832/1637 
f 1638/1833/1638 1624/1807/1624 1623/1806/1623 1636/1831/1636 
f 1658/1855/1658 1657/1854/1657 1659/1856/1659 1660/1857/1660 
f 1637/1832/1637 1658/1855/1658 1660/1857/1660 1639/1834/1639 
f 1640/1835/1640 1625/1808/1625 1624/1807/1624 1638/1833/1638 
f 1660/1857/1660 1659/1856/1659 1661/1858/1661 1662/1859/1662 
f 1639/1834/1639 1660/1857/1660 1662/1859/1662 1641/1836/1641 
f 1642/1837/1642 1626/1809/1626 1625/1808/1625 1640/1835/1640 
f 1644/1839/1644 1663/1860/1663 1651/1848/1651 1632/1827/1632 
f 1631/1826/1631 1621/1804/1621 1627/1810/1627 1643/1838/1643 
f 1646/1841/1646 1664/1861/1664 1663/1860/1663 1644/1839/1644 
f 1643/1838/1643 1627/1810/1627 1628/1811/1628 1645/1840/1645 
f 1665/1862/1665 1666/1863/1666 1667/1864/1667 1664/1861/1664 
f 1648/1843/1648 1665/1862/1665 1664/1861/1664 1646/1841/1646 
f 1645/1840/1645 1628/1811/1628 1629/1812/1629 1647/1842/1647 
f 1668/1865/1668 1669/1866/1669 1666/1867/1666 1665/1868/1665 
f 1650/1845/1650 1668/1865/1668 1665/1868/1665 1648/1846/1648 
f 1647/1847/1647 1629/1814/1629 1630/1813/1630 1649/1844/1649 
f 1662/1859/1662 1661/1858/1661 1669/1866/1669 1668/1865/1668 
f 1641/1836/1641 1662/1859/1662 1668/1865/1668 1650/1845/1650 
f 1649/1844/1649 1630/1813/1630 1626/1809/1626 1642/1837/1642 
f 1666/1867/1666 1669/1866/1669 1361/1869/1361 1360/1870/1360 
f 1360/1871/1360 1380/1872/1380 1667/1864/1667 1666/1863/1666 
f 1669/1866/1669 1661/1858/1661 1362/1873/1362 1361/1869/1361 
f 1362/1873/1362 1661/1858/1661 1659/1856/1659 1670/1874/1670 
f 1671/1875/1671 1363/1876/1363 1362/1873/1362 1670/1874/1670 
f 1670/1874/1670 1659/1856/1659 1657/1854/1657 1672/1877/1672 
f 1673/1878/1673 1671/1875/1671 1670/1874/1670 1672/1877/1672 
f 1674/1879/1674 615/1880/615 1363/1876/1363 1671/1875/1671 
f 615/1880/615 1674/1879/1674 459/1881/459 457/1882/457 
f 1674/1879/1674 1671/1875/1671 1673/1878/1673 1675/1883/1675 
f 1674/1879/1674 1675/1883/1675 603/1884/603 459/1881/459 
f 1667/1864/1667 1380/1872/1380 1381/1885/1381 1676/1886/1676 
f 1676/1886/1676 1663/1860/1663 1664/1861/1664 1667/1864/1667 
f 1652/1849/1652 1651/1848/1651 1663/1860/1663 1676/1886/1676 
f 1677/1887/1677 1653/1850/1653 1652/1849/1652 1678/1888/1678 
f 1679/1889/1679 1655/1852/1655 1653/1850/1653 1677/1887/1677 
f 1679/1889/1679 1672/1877/1672 1657/1854/1657 1655/1852/1655 
f 1680/1890/1680 1673/1878/1673 1672/1877/1672 1679/1889/1679 
f 1681/1891/1681 1675/1883/1675 1673/1878/1673 1680/1890/1680 
f 1675/1883/1675 1681/1891/1681 633/1892/633 603/1884/603 
f 1678/1888/1678 1652/1849/1652 1676/1886/1676 1381/1885/1381 
f 1682/1893/1682 1381/1536/1381 1382/1537/1382 1422/1577/1422 
f 1683/1894/1683 1678/1888/1678 1381/1885/1381 1682/1895/1682 
f 1682/1893/1682 1422/1577/1422 1384/1539/1384 1378/1533/1378 
f 1684/1896/1684 1677/1887/1677 1678/1888/1678 1683/1894/1683 
f 1684/1896/1684 1680/1890/1680 1679/1889/1679 1677/1887/1677 
f 1685/1897/1685 1681/1891/1681 1680/1890/1680 1684/1896/1684 
f 1681/1891/1681 1685/1897/1685 635/1898/635 633/1892/633 
f 1686/1899/1686 646/1900/646 635/1898/635 1685/1897/1685 
f 1686/1899/1686 1685/1897/1685 1684/1896/1684 1683/1894/1683 
f 1686/1899/1686 1683/1894/1683 1682/1895/1682 1687/1901/1687 
f 1378/1533/1378 651/721/651 648/718/648 647/717/647 
f 1687/1902/1687 1682/1893/1682 1378/1533/1378 647/717/647 
f 644/714/644 645/715/645 1687/1902/1687 647/717/647 
f 645/715/645 646/716/646 1686/1903/1686 1687/1902/1687 
f 1688/1904/1688 1689/1905/1689 1690/1906/1690 1691/1907/1691 
f 1692/1908/1692 1693/1909/1693 1694/1910/1694 1695/1911/1695 
f 1696/1912/1696 1697/1913/1697 1698/1914/1698 1699/1915/1699 
f 1700/1916/1700 1701/1917/1701 1702/1918/1702 1703/1919/1703 
f 1704/1920/1704 1705/1921/1705 1706/1922/1706 1707/1923/1707 
f 1708/1924/1708 1709/1925/1709 1689/1905/1689 1688/1904/1688 
f 1710/1926/1710 1711/1927/1711 1691/1907/1691 1690/1906/1690 
f 1712/1928/1712 1713/1929/1713 1693/1909/1693 1692/1908/1692 
f 1714/1930/1714 1715/1931/1715 1695/1911/1695 1694/1910/1694 
f 1716/1932/1716 1717/1933/1717 1701/1917/1701 1700/1916/1700 
f 1718/1934/1718 1719/1935/1719 1703/1919/1703 1702/1918/1702 
f 1715/1931/1715 1714/1930/1714 1697/1913/1697 1696/1912/1696 
f 1711/1927/1711 1710/1926/1710 1699/1915/1699 1698/1914/1698 
f 1701/1917/1701 1720/1936/1720 1721/1937/1721 1702/1918/1702 
f 1703/1919/1703 1722/1938/1722 1723/1939/1723 1700/1916/1700 
f 1713/1929/1713 1712/1928/1712 1705/1921/1705 1704/1920/1704 
f 1709/1925/1709 1708/1924/1708 1707/1923/1707 1706/1922/1706 
f 1717/1933/1717 1724/1940/1724 1720/1936/1720 1701/1917/1701 
f 1700/1916/1700 1723/1939/1723 1725/1941/1725 1716/1932/1716 
f 1719/1935/1719 1726/1942/1726 1722/1938/1722 1703/1919/1703 
f 1702/1918/1702 1721/1937/1721 1727/1943/1727 1718/1934/1718 
f 1689/1905/1689 1723/1939/1723 1722/1938/1722 1690/1906/1690 
f 1695/1911/1695 1721/1937/1721 1720/1936/1720 1692/1908/1692 
f 1699/1915/1699 1719/1935/1719 1718/1934/1718 1696/1912/1696 
f 1705/1921/1705 1717/1933/1717 1716/1932/1716 1706/1922/1706 
f 1709/1925/1709 1725/1941/1725 1723/1939/1723 1689/1905/1689 
f 1690/1906/1690 1722/1938/1722 1726/1942/1726 1710/1926/1710 
f 1692/1908/1692 1720/1936/1720 1724/1940/1724 1712/1928/1712 
f 1715/1931/1715 1727/1943/1727 1721/1937/1721 1695/1911/1695 
f 1696/1912/1696 1718/1934/1718 1727/1943/1727 1715/1931/1715 
f 1710/1926/1710 1726/1942/1726 1719/1935/1719 1699/1915/1699 
f 1712/1928/1712 1724/1940/1724 1717/1933/1717 1705/1921/1705 
f 1706/1922/1706 1716/1932/1716 1725/1941/1725 1709/1925/1709 
f 1688/1904/1688 1691/1907/1691 1728/1944/1728 1729/1945/1729 
f 1694/1910/1694 1693/1909/1693 1730/1946/1730 1731/1947/1731 
f 1698/1914/1698 1697/1913/1697 1732/1948/1732 1733/1949/1733 
f 1704/1920/1704 1707/1923/1707 1734/1950/1734 1735/1951/1735 
f 1708/1924/1708 1688/1904/1688 1729/1945/1729 1736/1952/1736 
f 1691/1907/1691 1711/1927/1711 1737/1953/1737 1728/1944/1728 
f 1693/1909/1693 1713/1929/1713 1738/1954/1738 1730/1946/1730 
f 1714/1930/1714 1694/1910/1694 1731/1947/1731 1739/1955/1739 
f 1697/1913/1697 1714/1930/1714 1739/1955/1739 1732/1948/1732 
f 1711/1927/1711 1698/1914/1698 1733/1949/1733 1737/1953/1737 
f 1713/1929/1713 1704/1920/1704 1735/1951/1735 1738/1954/1738 
f 1707/1923/1707 1708/1924/1708 1736/1952/1736 1734/1950/1734 
f 1740/1956/1740 1741/1957/1741 1742/1958/1742 1743/1959/1743 
f 1744/1960/1744 1745/1961/1745 1746/1962/1746 1747/1963/1747 
f 1748/1964/1748 1749/1965/1749 1750/1966/1750 1751/1967/1751 
f 1752/1968/1752 1753/1969/1753 1754/1970/1754 1755/1971/1755 
f 1756/1972/1756 1757/1973/1757 1758/1974/1758 1759/1975/1759 
f 1760/1976/1760 1761/1977/1761 1741/1957/1741 1740/1956/1740 
f 1762/1978/1762 1763/1979/1763 1743/1959/1743 1742/1958/1742 
f 1764/1980/1764 1765/1981/1765 1745/1961/1745 1744/1960/1744 
f 1766/1982/1766 1767/1983/1767 1747/1963/1747 1746/1962/1746 
f 1768/1984/1768 1769/1985/1769 1753/1969/1753 1752/1968/1752 
f 1770/1986/1770 1771/1987/1771 1755/1971/1755 1754/1970/1754 
f 1767/1983/1767 1766/1982/1766 1749/1965/1749 1748/1964/1748 
f 1763/1979/1763 1762/1978/1762 1751/1967/1751 1750/1966/1750 
f 1753/1969/1753 1772/1988/1772 1773/1989/1773 1754/1970/1754 
f 1755/1971/1755 1774/1990/1774 1775/1991/1775 1752/1968/1752 
f 1765/1981/1765 1764/1980/1764 1757/1973/1757 1756/1972/1756 
f 1761/1977/1761 1760/1976/1760 1759/1975/1759 1758/1974/1758 
f 1769/1985/1769 1776/1992/1776 1772/1988/1772 1753/1969/1753 
f 1752/1968/1752 1775/1991/1775 1777/1993/1777 1768/1984/1768 
f 1771/1987/1771 1778/1994/1778 1774/1990/1774 1755/1971/1755 
f 1754/1970/1754 1773/1989/1773 1779/1995/1779 1770/1986/1770 
f 1741/1957/1741 1775/1991/1775 1774/1990/1774 1742/1958/1742 
f 1747/1963/1747 1773/1989/1773 1772/1988/1772 1744/1960/1744 
f 1751/1967/1751 1771/1987/1771 1770/1986/1770 1748/1964/1748 
f 1757/1973/1757 1769/1985/1769 1768/1984/1768 1758/1974/1758 
f 1761/1977/1761 1777/1993/1777 1775/1991/1775 1741/1957/1741 
f 1742/1958/1742 1774/1990/1774 1778/1994/1778 1762/1978/1762 
f 1744/1960/1744 1772/1988/1772 1776/1992/1776 1764/1980/1764 
f 1767/1983/1767 1779/1995/1779 1773/1989/1773 1747/1963/1747 
f 1748/1964/1748 1770/1986/1770 1779/1995/1779 1767/1983/1767 
f 1762/1978/1762 1778/1994/1778 1771/1987/1771 1751/1967/1751 
f 1764/1980/1764 1776/1992/1776 1769/1985/1769 1757/1973/1757 
f 1758/1974/1758 1768/1984/1768 1777/1993/1777 1761/1977/1761 
f 1740/1956/1740 1743/1959/1743 1780/1996/1780 1781/1997/1781 
f 1746/1962/1746 1745/1961/1745 1782/1998/1782 1783/1999/1783 
f 1750/1966/1750 1749/1965/1749 1784/2000/1784 1785/2001/1785 
f 1756/1972/1756 1759/1975/1759 1786/2002/1786 1787/2003/1787 
f 1760/1976/1760 1740/1956/1740 1781/1997/1781 1788/2004/1788 
f 1743/1959/1743 1763/1979/1763 1789/2005/1789 1780/1996/1780 
f 1745/1961/1745 1765/1981/1765 1790/2006/1790 1782/1998/1782 
f 1766/1982/1766 1746/1962/1746 1783/1999/1783 1791/2007/1791 
f 1749/1965/1749 1766/1982/1766 1791/2007/1791 1784/2000/1784 
f 1763/1979/1763 1750/1966/1750 1785/2001/1785 1789/2005/1789 
f 1765/1981/1765 1756/1972/1756 1787/2003/1787 1790/2006/1790 
f 1759/1975/1759 1760/1976/1760 1788/2004/1788 1786/2002/1786 
f 1792/2008/1792 1793/2009/1793 1794/2010/1794 1795/2011/1795 
f 1796/2012/1796 1797/2013/1797 1798/2014/1798 1799/2015/1799 
f 1800/2016/1800 1801/2017/1801 1802/2018/1802 1803/2019/1803 
f 1804/2020/1804 1805/2021/1805 1806/2022/1806 1807/2023/1807 
f 1808/2024/1808 1809/2025/1809 1810/2026/1810 1811/2027/1811 
f 1812/2028/1812 1813/2029/1813 1793/2009/1793 1792/2008/1792 
f 1814/2030/1814 1815/2031/1815 1795/2011/1795 1794/2010/1794 
f 1816/2032/1816 1817/2033/1817 1797/2013/1797 1796/2012/1796 
f 1818/2034/1818 1819/2035/1819 1799/2015/1799 1798/2014/1798 
f 1820/2036/1820 1821/2037/1821 1805/2021/1805 1804/2020/1804 
f 1822/2038/1822 1823/2039/1823 1807/2023/1807 1806/2022/1806 
f 1819/2035/1819 1818/2034/1818 1801/2017/1801 1800/2016/1800 
f 1815/2031/1815 1814/2030/1814 1803/2019/1803 1802/2018/1802 
f 1805/2021/1805 1824/2040/1824 1825/2041/1825 1806/2022/1806 
f 1807/2023/1807 1826/2042/1826 1827/2043/1827 1804/2020/1804 
f 1817/2033/1817 1816/2032/1816 1809/2025/1809 1808/2024/1808 
f 1813/2029/1813 1812/2028/1812 1811/2027/1811 1810/2026/1810 
f 1821/2037/1821 1828/2044/1828 1824/2040/1824 1805/2021/1805 
f 1804/2020/1804 1827/2043/1827 1829/2045/1829 1820/2036/1820 
f 1823/2039/1823 1830/2046/1830 1826/2042/1826 1807/2023/1807 
f 1806/2022/1806 1825/2041/1825 1831/2047/1831 1822/2038/1822 
f 1793/2009/1793 1827/2043/1827 1826/2042/1826 1794/2010/1794 
f 1799/2015/1799 1825/2041/1825 1824/2040/1824 1796/2012/1796 
f 1803/2019/1803 1823/2039/1823 1822/2038/1822 1800/2016/1800 
f 1809/2025/1809 1821/2037/1821 1820/2036/1820 1810/2026/1810 
f 1813/2029/1813 1829/2045/1829 1827/2043/1827 1793/2009/1793 
f 1794/2010/1794 1826/2042/1826 1830/2046/1830 1814/2030/1814 
f 1796/2012/1796 1824/2040/1824 1828/2044/1828 1816/2032/1816 
f 1819/2035/1819 1831/2047/1831 1825/2041/1825 1799/2015/1799 
f 1800/2016/1800 1822/2038/1822 1831/2047/1831 1819/2035/1819 
f 1814/2030/1814 1830/2046/1830 1823/2039/1823 1803/2019/1803 
f 1816/2032/1816 1828/2044/1828 1821/2037/1821 1809/2025/1809 
f 1810/2026/1810 1820/2036/1820 1829/2045/1829 1813/2029/1813 
f 1792/2008/1792 1795/2011/1795 1832/2048/1832 1833/2049/1833 
f 1798/2014/1798 1797/2013/1797 1834/2050/1834 1835/2051/1835 
f 1802/2018/1802 1801/2017/1801 1836/2052/1836 1837/2053/1837 
f 1808/2024/1808 1811/2027/1811 1838/2054/1838 1839/2055/1839 
f 1812/2028/1812 1792/2008/1792 1833/2049/1833 1840/2056/1840 
f 1795/2011/1795 1815/2031/1815 1841/2057/1841 1832/2048/1832 
f 1797/2013/1797 1817/2033/1817 1842/2058/1842 1834/2050/1834 
f 1818/2034/1818 1798/2014/1798 1835/2051/1835 1843/2059/1843 
f 1801/2017/1801 1818/2034/1818 1843/2059/1843 1836/2052/1836 
f 1815/2031/1815 1802/2018/1802 1837/2053/1837 1841/2057/1841 
f 1817/2033/1817 1808/2024/1808 1839/2055/1839 1842/2058/1842 
f 1811/2027/1811 1812/2028/1812 1840/2056/1840 1838/2054/1838 
f 1844/1/1844 1845/4/1845 1846/3/1846 1847/2/1847 
f 1848/5/1848 1846/3/1846 1845/4/1845 1849/6/1849 
f 1850/7/1850 1844/1/1844 1847/2/1847 1851/8/1851 
f 1852/9/1852 1848/5/1848 1849/6/1849 1853/10/1853 
f 1854/11/1854 1844/1/1844 1850/7/1850 1855/12/1855 
f 1856/13/1856 1855/12/1855 1850/7/1850 1857/14/1857 
f 1858/15/1858 1856/13/1856 1857/14/1857 1859/16/1859 
f 17/17/17 1858/15/1858 1859/16/1859 18/18/18 
f 1860/19/1860 1857/14/1857 1850/7/1850 1851/8/1851 
f 1860/19/1860 1861/20/1861 1859/16/1859 1857/14/1857 
f 1861/20/1861 21/21/21 18/18/18 1859/16/1859 
f 1862/22/1862 1863/25/1863 1864/24/1864 1865/23/1865 
f 1866/26/1866 1862/22/1862 1865/23/1865 1867/27/1867 
f 1868/28/1868 1866/26/1866 1867/27/1867 1869/29/1869 
f 1870/30/1870 1864/24/1864 1863/25/1863 1871/31/1871 
f 1872/32/1872 1870/30/1870 1871/31/1871 1873/33/1873 
f 1873/33/1873 1868/28/1868 1869/29/1869 1872/32/1872 
f 34/34/34 1870/30/1870 1872/32/1872 35/35/35 
f 36/36/36 35/35/35 1872/32/1872 1874/37/1874 
f 1875/38/1875 1874/37/1874 1872/32/1872 1869/29/1869 
f 34/34/34 39/39/39 1864/24/1864 1870/30/1870 
f 1861/20/1861 1864/24/1864 39/39/39 21/21/21 
f 1860/19/1860 1865/23/1865 1864/24/1864 1861/20/1861 
f 1876/40/1876 1875/38/1875 1869/29/1869 1867/27/1867 
f 1877/41/1877 1874/37/1874 1875/38/1875 1878/42/1878 
f 1877/41/1877 43/43/43 36/36/36 1874/37/1874 
f 1879/44/1879 1878/42/1878 1875/38/1875 1876/40/1876 
f 45/45/45 43/43/43 1877/41/1877 1880/46/1880 
f 1881/47/1881 1880/46/1880 1877/41/1877 1878/42/1878 
f 1882/48/1882 1881/47/1881 1878/42/1878 1879/44/1879 
f 1883/49/1883 1881/47/1881 1882/48/1882 1884/50/1884 
f 1883/49/1883 1885/51/1885 1880/46/1880 1881/47/1881 
f 1885/51/1885 52/52/52 45/45/45 1880/46/1880 
f 1886/53/1886 1865/23/1865 1860/19/1860 1851/8/1851 
f 1887/54/1887 1886/53/1886 1851/8/1851 1847/2/1847 
f 1888/55/1888 1887/54/1887 1847/2/1847 1846/3/1846 
f 1889/56/1889 1888/55/1888 1846/3/1846 1848/5/1848 
f 1890/57/1890 1889/56/1889 1848/5/1848 1852/9/1852 
f 1886/53/1886 1891/58/1891 1867/27/1867 1865/23/1865 
f 1892/59/1892 1852/9/1852 1853/10/1853 1893/60/1893 
f 1894/61/1894 1892/59/1892 1893/60/1893 1895/62/1895 
f 63/63/63 1894/61/1894 1895/62/1895 64/64/64 
f 1892/59/1892 1896/65/1896 1890/57/1890 1852/9/1852 
f 1897/66/1897 1896/65/1896 1892/59/1892 1894/61/1894 
f 67/67/67 1897/66/1897 1894/61/1894 63/63/63 
f 1898/68/1898 1891/58/1891 1886/53/1886 1887/54/1887 
f 1891/58/1891 1899/69/1899 1876/40/1876 1867/27/1867 
f 1900/70/1900 1899/69/1899 1891/58/1891 1898/68/1898 
f 1876/40/1876 1899/69/1899 1900/70/1900 1879/44/1879 
f 1901/71/1901 1888/55/1888 1889/56/1889 1902/72/1902 
f 1901/71/1901 1903/73/1903 1887/54/1887 1888/55/1888 
f 1903/73/1903 1904/74/1904 1898/68/1898 1887/54/1887 
f 1904/74/1904 1905/75/1905 1900/70/1900 1898/68/1898 
f 1879/44/1879 1900/70/1900 1905/75/1905 1882/48/1882 
f 1906/76/1906 1901/71/1901 1902/72/1902 1907/77/1907 
f 1906/76/1906 1908/78/1908 1903/73/1903 1901/71/1901 
f 1908/78/1908 1909/79/1909 1904/74/1904 1903/73/1903 
f 1909/79/1909 1910/80/1910 1905/75/1905 1904/74/1904 
f 1882/48/1882 1905/75/1905 1910/80/1910 1884/50/1884 
f 1911/81/1911 1906/76/1906 1907/77/1907 1912/82/1912 
f 1913/83/1913 1897/66/1897 67/67/67 84/84/84 
f 1913/83/1913 1914/85/1914 1896/65/1896 1897/66/1897 
f 1914/85/1914 1915/86/1915 1890/57/1890 1896/65/1896 
f 1915/86/1915 1916/87/1916 1889/56/1889 1890/57/1890 
f 1916/87/1916 1917/88/1917 1902/72/1902 1889/56/1889 
f 1917/88/1917 1918/89/1918 1907/77/1907 1902/72/1902 
f 1918/89/1918 1919/90/1919 1912/82/1912 1907/77/1907 
f 1920/91/1920 1919/90/1919 1918/89/1918 1921/92/1921 
f 1922/93/1922 1921/92/1921 1918/89/1918 1917/88/1917 
f 1923/94/1923 1922/93/1922 1917/88/1917 1916/87/1916 
f 1924/95/1924 1923/94/1923 1916/87/1916 1915/86/1915 
f 1925/96/1925 1924/95/1924 1915/86/1915 1914/85/1914 
f 1926/97/1926 1925/96/1925 1914/85/1914 1913/83/1913 
f 98/98/98 1926/97/1926 1913/83/1913 84/84/84 
f 1927/99/1927 1920/91/1920 1921/92/1921 1928/100/1928 
f 1911/81/1911 1929/101/1929 1908/78/1908 1906/76/1906 
f 1929/101/1929 1930/102/1930 1909/79/1909 1908/78/1908 
f 1930/102/1930 1931/103/1931 1910/80/1910 1909/79/1909 
f 1931/103/1931 1932/104/1932 1884/50/1884 1910/80/1910 
f 1932/104/1932 1933/105/1933 1883/49/1883 1884/50/1884 
f 1933/105/1933 1934/106/1934 1885/51/1885 1883/49/1883 
f 1934/106/1934 107/107/107 52/52/52 1885/51/1885 
f 1935/108/1935 1928/100/1928 1921/92/1921 1922/93/1922 
f 1936/109/1936 1935/108/1935 1922/93/1922 1923/94/1923 
f 1937/110/1937 1936/109/1936 1923/94/1923 1924/95/1924 
f 1938/111/1938 1937/110/1937 1924/95/1924 1925/96/1925 
f 1939/112/1939 1938/111/1938 1925/96/1925 1926/97/1926 
f 113/113/113 1939/112/1939 1926/97/1926 98/98/98 
f 114/114/114 64/64/64 1895/62/1895 1940/115/1940 
f 1941/116/1941 1940/115/1940 1895/62/1895 1893/60/1893 
f 1942/117/1942 1941/116/1941 1893/60/1893 1853/10/1853 
f 1943/118/1943 1942/117/1942 1853/10/1853 1849/6/1849 
f 1944/119/1944 1943/118/1943 1849/6/1849 1845/4/1845 
f 1944/119/1944 1845/4/1845 1844/1/1844 1854/11/1854 
f 1945/120/1945 1920/91/1920 1927/99/1927 1946/121/1946 
f 1945/120/1945 1947/122/1947 1919/90/1919 1920/91/1920 
f 1948/123/1948 1945/120/1945 1946/121/1946 1949/124/1949 
f 1950/125/1950 1912/82/1912 1919/90/1919 1947/122/1947 
f 1951/126/1951 1911/81/1911 1912/82/1912 1950/125/1950 
f 1951/126/1951 1952/127/1952 1929/101/1929 1911/81/1911 
f 1953/128/1953 1951/126/1951 1950/125/1950 1947/122/1947 
f 1945/120/1945 1948/123/1948 1953/128/1953 1947/122/1947 
f 1953/128/1953 1954/129/1954 1952/127/1952 1951/126/1951 
f 1955/130/1955 1954/129/1954 1953/128/1953 1948/123/1948 
f 1952/127/1952 1956/131/1956 1930/102/1930 1929/101/1929 
f 1957/132/1957 1956/131/1956 1952/127/1952 1954/129/1954 
f 1958/133/1958 1957/132/1957 1954/129/1954 1955/130/1955 
f 1956/131/1956 1959/134/1959 1931/103/1931 1930/102/1930 
f 1960/135/1960 1959/134/1959 1956/131/1956 1957/132/1957 
f 1961/136/1961 1960/135/1960 1957/132/1957 1958/133/1958 
f 1959/134/1959 1962/137/1962 1932/104/1932 1931/103/1931 
f 1963/138/1963 1962/137/1962 1959/134/1959 1960/135/1960 
f 1964/139/1964 1963/138/1963 1960/135/1960 1961/136/1961 
f 1962/137/1962 1965/140/1965 1933/105/1933 1932/104/1932 
f 1966/141/1966 1965/140/1965 1962/137/1962 1963/138/1963 
f 1967/142/1967 1966/141/1966 1963/138/1963 1964/139/1964 
f 1965/140/1965 1968/143/1968 1934/106/1934 1933/105/1933 
f 1969/144/1969 1968/143/1968 1965/140/1965 1966/141/1966 
f 1970/145/1970 1969/144/1969 1966/141/1966 1967/142/1967 
f 1968/143/1968 146/146/146 107/107/107 1934/106/1934 
f 147/147/147 146/146/146 1968/143/1968 1969/144/1969 
f 148/148/148 147/147/147 1969/144/1969 1970/145/1970 
f 1971/149/1971 1955/130/1955 1948/123/1948 1949/124/1949 
f 1972/150/1972 1955/130/1955 1971/149/1971 1973/151/1973 
f 1974/152/1974 1972/150/1972 1973/151/1973 1975/153/1975 
f 1976/154/1976 1974/152/1974 1975/153/1975 1977/155/1977 
f 1978/156/1978 1976/154/1976 1977/155/1977 1979/157/1979 
f 1980/158/1980 1978/156/1978 1979/157/1979 1981/159/1981 
f 1982/160/1982 1980/158/1980 1981/159/1981 1983/161/1983 
f 1984/162/1984 1982/160/1982 1983/161/1983 1985/163/1985 
f 1986/164/1986 1984/162/1984 1985/163/1985 1987/165/1987 
f 1988/166/1988 1986/164/1986 1987/165/1987 1989/167/1989 
f 1990/168/1990 1988/166/1988 1989/167/1989 1991/169/1991 
f 1992/170/1992 1990/168/1990 1991/169/1991 1993/171/1993 
f 1994/172/1994 1992/170/1992 1993/171/1993 1995/173/1995 
f 1996/174/1996 1994/172/1994 1995/173/1995 1997/175/1997 
f 176/176/176 1996/174/1996 1997/175/1997 177/177/177 
f 1998/178/1998 1996/174/1996 176/176/176 179/179/179 
f 1998/178/1998 1999/180/1999 1994/172/1994 1996/174/1996 
f 1999/180/1999 2000/181/2000 1992/170/1992 1994/172/1994 
f 2000/181/2000 2001/182/2001 1990/168/1990 1992/170/1992 
f 2001/182/2001 2002/183/2002 1988/166/1988 1990/168/1990 
f 2002/183/2002 2003/184/2003 1986/164/1986 1988/166/1988 
f 2003/184/2003 2004/185/2004 1984/162/1984 1986/164/1986 
f 2004/185/2004 2005/186/2005 1982/160/1982 1984/162/1984 
f 2005/186/2005 2006/187/2006 1980/158/1980 1982/160/1982 
f 2007/188/2007 1998/178/1998 179/179/179 189/189/189 
f 2007/188/2007 2008/190/2008 1999/180/1999 1998/178/1998 
f 191/191/191 2008/190/2008 2007/188/2007 189/189/189 
f 2008/190/2008 2009/192/2009 2000/181/2000 1999/180/1999 
f 193/193/193 2009/192/2009 2008/190/2008 191/191/191 
f 2009/192/2009 2010/194/2010 2001/182/2001 2000/181/2000 
f 195/195/195 2010/194/2010 2009/192/2009 193/193/193 
f 2010/194/2010 2011/196/2011 2002/183/2002 2001/182/2001 
f 197/197/197 2011/196/2011 2010/194/2010 195/195/195 
f 2011/196/2011 2012/198/2012 2003/184/2003 2002/183/2002 
f 199/199/199 2012/198/2012 2011/196/2011 197/197/197 
f 2006/187/2006 2013/200/2013 1978/156/1978 1980/158/1980 
f 2013/200/2013 2014/201/2014 1976/154/1976 1978/156/1978 
f 2014/201/2014 2015/202/2015 1974/152/1974 1976/154/1976 
f 2015/202/2015 2016/203/2016 1972/150/1972 1974/152/1974 
f 2017/204/2017 2018/205/2018 2014/201/2014 2013/200/2013 
f 2019/206/2019 2017/204/2017 2013/200/2013 2006/187/2006 
f 2012/198/2012 2020/207/2020 2004/185/2004 2003/184/2003 
f 2020/207/2020 2021/208/2021 2005/186/2005 2004/185/2004 
f 2005/186/2005 2021/208/2021 2019/206/2019 2006/187/2006 
f 1955/130/1955 1972/150/1972 2016/203/2016 1958/133/1958 
f 1958/133/1958 2016/203/2016 2022/209/2022 1961/136/1961 
f 210/210/210 2020/207/2020 2012/198/2012 199/199/199 
f 210/210/210 211/211/211 2021/208/2021 2020/207/2020 
f 211/211/211 212/212/212 2019/206/2019 2021/208/2021 
f 212/212/212 213/213/213 2017/204/2017 2019/206/2019 
f 213/213/213 214/214/214 2018/205/2018 2017/204/2017 
f 2023/215/2023 2018/205/2018 214/214/214 216/216/216 
f 2023/215/2023 2024/217/2024 2014/201/2014 2018/205/2018 
f 2024/217/2024 2025/218/2025 2015/202/2015 2014/201/2014 
f 2015/202/2015 2025/218/2025 2022/209/2022 2016/203/2016 
f 1961/136/1961 2022/209/2022 2025/218/2025 1964/139/1964 
f 1964/139/1964 2025/218/2025 2024/217/2024 1967/142/1967 
f 1967/142/1967 2024/217/2024 2023/215/2023 1970/145/1970 
f 1970/145/1970 2023/215/2023 216/216/216 148/148/148 
f 2026/219/2026 2027/222/2027 2028/221/2028 2029/220/2029 
f 2026/219/2026 2030/224/2030 2031/223/2031 2027/222/2027 
f 225/225/225 228/228/228 2032/227/2032 2033/226/2033 
f 2034/229/2034 2033/226/2033 2032/227/2032 2035/230/2035 
f 231/231/231 225/225/225 2033/226/2033 2036/232/2036 
f 2037/233/2037 2036/232/2036 2033/226/2033 2034/229/2034 
f 2037/233/2037 234/234/234 231/231/231 2036/232/2036 
f 2038/235/2038 2034/229/2034 2035/230/2035 2039/236/2039 
f 2038/235/2038 2040/237/2040 2037/233/2037 2034/229/2034 
f 2040/237/2040 238/238/238 234/234/234 2037/233/2037 
f 2041/239/2041 2038/235/2038 2039/236/2039 2042/240/2042 
f 2041/239/2041 2043/241/2043 2040/237/2040 2038/235/2038 
f 2043/241/2043 242/242/242 238/238/238 2040/237/2040 
f 2044/243/2044 2041/239/2041 2042/240/2042 2045/244/2045 
f 2044/243/2044 2046/245/2046 2043/241/2043 2041/239/2041 
f 2046/245/2046 246/246/246 242/242/242 2043/241/2043 
f 2047/247/2047 2044/243/2044 2045/244/2045 2048/248/2048 
f 2047/247/2047 2049/249/2049 2046/245/2046 2044/243/2044 
f 2049/249/2049 250/250/250 246/246/246 2046/245/2046 
f 2050/251/2050 2047/247/2047 2048/248/2048 2051/252/2051 
f 2050/251/2050 2052/253/2052 2049/249/2049 2047/247/2047 
f 2052/253/2052 254/254/254 250/250/250 2049/249/2049 
f 2053/255/2053 2050/251/2050 2051/252/2051 2054/256/2054 
f 2053/255/2053 2055/257/2055 2052/253/2052 2050/251/2050 
f 2055/257/2055 258/258/258 254/254/254 2052/253/2052 
f 1981/159/1981 2031/223/2031 2054/256/2054 1983/161/1983 
f 2030/224/2030 2056/259/2056 2055/257/2055 2053/255/2053 
f 2056/259/2056 260/260/260 258/258/258 2055/257/2055 
f 2057/261/2057 2056/259/2056 2030/224/2030 2026/219/2026 
f 2057/261/2057 262/262/262 260/260/260 2056/259/2056 
f 2058/263/2058 2057/261/2057 2026/219/2026 2029/220/2029 
f 2058/263/2058 264/264/264 262/262/262 2057/261/2057 
f 2059/265/2059 2029/220/2029 2028/221/2028 2060/266/2060 
f 2059/265/2059 2061/267/2061 2058/263/2058 2029/220/2029 
f 2061/267/2061 268/268/268 264/264/264 2058/263/2058 
f 2062/269/2062 2059/265/2059 2060/266/2060 2063/270/2063 
f 2062/269/2062 2064/271/2064 2061/267/2061 2059/265/2059 
f 2064/271/2064 272/272/272 268/268/268 2061/267/2061 
f 2065/273/2065 2062/269/2062 2063/270/2063 2066/274/2066 
f 2067/275/2067 2065/273/2065 2066/274/2066 2068/276/2068 
f 2069/277/2069 2067/275/2067 2068/276/2068 2070/278/2070 
f 2071/279/2071 2067/275/2067 2069/277/2069 2072/280/2072 
f 281/281/281 2071/279/2071 2072/280/2072 282/282/282 
f 2071/279/2071 2073/283/2073 2065/273/2065 2067/275/2067 
f 2062/269/2062 2065/273/2065 2073/283/2073 2064/271/2064 
f 284/284/284 2073/283/2073 2071/279/2071 281/281/281 
f 2064/271/2064 2073/283/2073 284/284/284 272/272/272 
f 2074/285/2074 2075/286/2075 1949/124/1949 1946/121/1946 
f 2076/287/2076 2077/290/2077 2075/289/2075 2074/288/2074 
f 2078/291/2078 2077/290/2077 2076/287/2076 2079/292/2079 
f 2080/293/2080 2078/291/2078 2079/292/2079 2081/294/2081 
f 1927/99/1927 2076/295/2076 2074/285/2074 1946/121/1946 
f 2082/296/2082 2083/297/2083 2079/292/2079 2076/287/2076 
f 2084/298/2084 2082/299/2082 2076/295/2076 1927/99/1927 
f 2083/297/2083 2085/300/2085 2081/294/2081 2079/292/2079 
f 2086/301/2086 2080/293/2080 2081/294/2081 2087/302/2087 
f 2088/303/2088 2086/301/2086 2087/302/2087 2089/304/2089 
f 2090/305/2090 2088/303/2088 2089/304/2089 2091/306/2091 
f 2092/307/2092 2087/302/2087 2081/294/2081 2085/300/2085 
f 2092/307/2092 2093/308/2093 2089/304/2089 2087/302/2087 
f 2093/308/2093 2094/309/2094 2091/306/2091 2089/304/2089 
f 2095/310/2095 2090/305/2090 2091/306/2091 2096/311/2096 
f 2097/312/2097 2095/310/2095 2096/311/2096 2098/313/2098 
f 2099/314/2099 2097/312/2097 2098/313/2098 2100/315/2100 
f 2101/316/2101 2096/311/2096 2091/306/2091 2094/309/2094 
f 2101/316/2101 2102/317/2102 2098/313/2098 2096/311/2096 
f 2102/317/2102 2103/318/2103 2100/315/2100 2098/313/2098 
f 315/319/315 2103/318/2103 2102/317/2102 316/320/316 
f 317/321/317 316/320/316 2102/317/2102 2101/316/2101 
f 318/322/318 317/321/317 2101/316/2101 2094/309/2094 
f 319/323/319 318/322/318 2094/309/2094 2093/308/2093 
f 320/324/320 319/323/319 2093/308/2093 2092/307/2092 
f 321/325/321 320/324/320 2092/307/2092 2085/300/2085 
f 322/326/322 321/325/321 2085/300/2085 2083/297/2083 
f 323/327/323 322/326/322 2083/297/2083 2082/296/2082 
f 324/328/324 323/329/323 2082/299/2082 2084/298/2084 
f 2104/330/2104 2084/298/2084 1927/99/1927 1928/100/1928 
f 2104/330/2104 326/331/326 324/328/324 2084/298/2084 
f 2105/332/2105 2104/330/2104 1928/100/1928 1935/108/1935 
f 2105/332/2105 328/333/328 326/331/326 2104/330/2104 
f 2106/334/2106 2105/332/2105 1935/108/1935 1936/109/1936 
f 2106/334/2106 330/335/330 328/333/328 2105/332/2105 
f 2107/336/2107 1939/112/1939 113/113/113 332/337/332 
f 2107/336/2107 1937/110/1937 1938/111/1938 1939/112/1939 
f 2106/334/2106 1936/109/1936 1937/110/1937 2107/336/2107 
f 2106/334/2106 2107/336/2107 332/337/332 330/335/330 
f 2077/290/2077 2108/339/2108 2070/338/2070 2075/289/2075 
f 2109/340/2109 2110/342/2110 2108/339/2108 2111/341/2111 
f 2112/343/2112 2109/340/2109 2111/341/2111 2113/344/2113 
f 2114/345/2114 2112/343/2112 2113/344/2113 2115/346/2115 
f 2116/347/2116 2114/345/2114 2115/346/2115 2117/348/2117 
f 2118/349/2118 2116/347/2116 2117/348/2117 2119/350/2119 
f 2120/351/2120 2116/347/2116 2118/349/2118 2121/352/2121 
f 2120/351/2120 2122/353/2122 2114/345/2114 2116/347/2116 
f 2122/353/2122 2123/354/2123 2112/343/2112 2114/345/2114 
f 2028/221/2028 2027/222/2027 1979/157/1979 1977/155/1977 
f 2027/222/2027 2031/223/2031 1981/159/1981 1979/157/1979 
f 2032/227/2032 228/228/228 177/177/177 1997/175/1997 
f 2035/230/2035 2032/227/2032 1997/175/1997 1995/173/1995 
f 2039/236/2039 2035/230/2035 1995/173/1995 1993/171/1993 
f 2042/240/2042 2039/236/2039 1993/171/1993 1991/169/1991 
f 2045/244/2045 2042/240/2042 1991/169/1991 1989/167/1989 
f 2048/248/2048 2045/244/2045 1989/167/1989 1987/165/1987 
f 2051/252/2051 2048/248/2048 1987/165/1987 1985/163/1985 
f 2054/256/2054 2051/252/2051 1985/163/1985 1983/161/1983 
f 2054/256/2054 2031/223/2031 2030/224/2030 2053/255/2053 
f 2060/266/2060 2028/221/2028 1977/155/1977 1975/153/1975 
f 2063/270/2063 2060/266/2060 1975/153/1975 1973/151/1973 
f 2066/274/2066 2063/270/2063 1973/151/1973 1971/149/1971 
f 2068/276/2068 2066/274/2066 1971/149/1971 1949/124/1949 
f 2070/278/2070 2068/276/2068 1949/124/1949 2075/286/2075 
f 2070/338/2070 2108/339/2108 2110/342/2110 2069/355/2069 
f 2111/341/2111 2108/339/2108 2077/290/2077 2078/291/2078 
f 2113/344/2113 2111/341/2111 2078/291/2078 2080/293/2080 
f 2115/346/2115 2113/344/2113 2080/293/2080 2086/301/2086 
f 2117/348/2117 2115/346/2115 2086/301/2086 2088/303/2088 
f 2119/350/2119 2117/348/2117 2088/303/2088 2090/305/2090 
f 349/356/349 2123/354/2123 2122/353/2122 350/357/350 
f 2123/354/2123 2124/358/2124 2109/340/2109 2112/343/2112 
f 2124/358/2124 2125/359/2125 2110/342/2110 2109/340/2109 
f 2069/355/2069 2110/342/2110 2125/359/2125 2072/360/2072 
f 353/361/353 2124/358/2124 2123/354/2123 349/356/349 
f 353/361/353 354/362/354 2125/359/2125 2124/358/2124 
f 2072/360/2072 2125/359/2125 354/362/354 282/363/282 
f 1855/364/1855 2126/367/2126 2127/366/2127 1854/365/1854 
f 1856/368/1856 2128/369/2128 2126/367/2126 1855/364/1855 
f 1858/370/1858 2129/371/2129 2128/369/2128 1856/368/1856 
f 17/372/17 359/373/359 2129/371/2129 1858/370/1858 
f 1940/374/1940 2130/377/2130 360/376/360 114/375/114 
f 1941/378/1941 2131/379/2131 2130/377/2130 1940/374/1940 
f 1942/380/1942 2132/381/2132 2131/379/2131 1941/378/1941 
f 1943/382/1943 2133/383/2133 2132/381/2132 1942/380/1942 
f 1944/384/1944 2134/385/2134 2133/383/2133 1943/382/1943 
f 1854/365/1854 2127/366/2127 2134/385/2134 1944/384/1944 
f 2126/367/2126 2135/387/2135 2136/386/2136 2127/366/2127 
f 2128/369/2128 2137/388/2137 2135/387/2135 2126/367/2126 
f 2129/371/2129 2138/389/2138 2137/388/2137 2128/369/2128 
f 359/373/359 370/390/370 2138/389/2138 2129/371/2129 
f 2130/377/2130 2139/392/2139 371/391/371 360/376/360 
f 2131/379/2131 2140/393/2140 2139/392/2139 2130/377/2130 
f 2132/381/2132 2141/394/2141 2140/393/2140 2131/379/2131 
f 2133/383/2133 2142/395/2142 2141/394/2141 2132/381/2132 
f 2134/385/2134 2143/396/2143 2142/395/2142 2133/383/2133 
f 2127/366/2127 2136/386/2136 2143/396/2143 2134/385/2134 
f 2144/397/2144 2143/398/2143 2136/386/2136 2135/387/2135 
f 2144/399/2144 2141/394/2141 2142/395/2142 2143/400/2143 
f 2145/401/2145 2144/397/2144 2135/387/2135 2137/388/2137 
f 2146/402/2146 2145/401/2145 2137/388/2137 2138/389/2138 
f 380/403/380 2146/402/2146 2138/389/2138 370/390/370 
f 2145/404/2145 2140/393/2140 2141/394/2141 2144/399/2144 
f 2146/405/2146 2139/392/2139 2140/393/2140 2145/404/2145 
f 380/406/380 371/391/371 2139/392/2139 2146/405/2146 
f 2147/407/2147 1866/26/1866 1868/28/1868 2148/408/2148 
f 2149/409/2149 1863/25/1863 1862/22/1862 2150/410/2150 
f 2150/410/2150 1862/22/1862 1866/26/1866 2147/407/2147 
f 2150/410/2150 2147/407/2147 2148/408/2148 2149/409/2149 
f 2149/409/2149 2151/411/2151 1871/31/1871 1863/25/1863 
f 2151/411/2151 2152/412/2152 1873/33/1873 1871/31/1871 
f 2148/408/2148 2152/412/2152 2151/411/2151 2149/409/2149 
f 2148/408/2148 1868/28/1868 1873/33/1873 2152/412/2152 
f 2153/413/2153 2154/416/2154 2155/415/2155 2156/414/2156 
f 2157/417/2157 2154/416/2154 2153/413/2153 2158/418/2158 
f 2159/419/2159 2157/417/2157 2158/418/2158 2160/420/2160 
f 2161/421/2161 2159/419/2159 2160/420/2160 2162/422/2162 
f 2161/421/2161 2163/423/2163 2157/417/2157 2159/419/2159 
f 2163/423/2163 2164/424/2164 2154/416/2154 2157/417/2157 
f 2164/424/2164 2165/425/2165 2155/415/2155 2154/416/2154 
f 2166/426/2166 2161/428/2161 2162/422/2162 2167/427/2167 
f 2166/426/2166 2168/430/2168 2163/429/2163 2161/428/2161 
f 2169/431/2169 2168/430/2168 2166/426/2166 2167/427/2167 
f 2170/432/2170 2162/422/2162 2160/420/2160 2158/418/2158 
f 2162/422/2162 2170/432/2170 2169/431/2169 2167/427/2167 
f 2171/433/2171 2170/432/2170 2158/418/2158 2153/413/2153 
f 2172/434/2172 2171/433/2171 2153/413/2153 2156/414/2156 
f 2171/433/2171 2173/435/2173 2169/431/2169 2170/432/2170 
f 2173/435/2173 2174/436/2174 2168/430/2168 2169/431/2169 
f 2175/437/2175 2173/435/2173 2171/433/2171 2172/434/2172 
f 2175/437/2175 2176/438/2176 2174/436/2174 2173/435/2173 
f 2163/429/2163 2168/430/2168 2174/436/2174 2164/439/2164 
f 2164/439/2164 2174/436/2174 2176/438/2176 2165/440/2165 
f 2177/441/2177 2165/440/2165 2176/438/2176 2178/442/2178 
f 2177/443/2177 2179/444/2179 2155/415/2155 2165/425/2165 
f 2179/444/2179 2180/445/2180 2156/414/2156 2155/415/2155 
f 2181/446/2181 2178/442/2178 2176/438/2176 2175/437/2175 
f 2182/447/2182 2177/443/2177 2178/449/2178 2183/448/2183 
f 2184/450/2184 2183/451/2183 2178/442/2178 2181/446/2181 
f 2182/447/2182 2185/452/2185 2179/444/2179 2177/443/2177 
f 2185/452/2185 2186/453/2186 2180/445/2180 2179/444/2179 
f 2187/454/2187 2181/446/2181 2175/437/2175 2172/434/2172 
f 2156/414/2156 2180/445/2180 2187/454/2187 2172/434/2172 
f 2188/455/2188 2187/454/2187 2180/445/2180 2186/453/2186 
f 2181/446/2181 2187/454/2187 2188/455/2188 2184/450/2184 
f 2189/456/2189 2190/459/2190 2191/458/2191 2192/457/2192 
f 2193/460/2193 2190/459/2190 2189/456/2189 2194/461/2194 
f 2195/462/2195 2193/460/2193 2194/461/2194 2196/463/2196 
f 2197/464/2197 2195/462/2195 2196/463/2196 2198/465/2198 
f 2199/466/2199 2195/462/2195 2197/464/2197 2200/467/2200 
f 2201/468/2201 2199/466/2199 2200/467/2200 2202/469/2202 
f 2203/470/2203 2201/468/2201 2202/469/2202 2204/471/2204 
f 2199/466/2199 2205/472/2205 2193/460/2193 2195/462/2195 
f 2206/473/2206 2205/472/2205 2199/466/2199 2201/468/2201 
f 2207/474/2207 2206/473/2206 2201/468/2201 2203/470/2203 
f 2205/472/2205 2208/475/2208 2190/459/2190 2193/460/2193 
f 2209/476/2209 2208/475/2208 2205/472/2205 2206/473/2206 
f 2210/477/2210 2209/476/2209 2206/473/2206 2207/474/2207 
f 2211/478/2211 2209/476/2209 2210/477/2210 2212/479/2212 
f 2208/475/2208 2213/480/2213 2191/458/2191 2190/459/2190 
f 2213/480/2213 2208/475/2208 2209/476/2209 2211/478/2211 
f 2214/481/2214 2203/484/2203 2204/483/2204 2215/482/2215 
f 2214/481/2214 2216/486/2216 2207/485/2207 2203/484/2203 
f 2216/486/2216 2217/488/2217 2210/487/2210 2207/485/2207 
f 2217/488/2217 2218/490/2218 2212/489/2212 2210/487/2210 
f 2219/491/2219 2214/481/2214 2215/482/2215 2220/492/2220 
f 2221/493/2221 2219/491/2219 2220/492/2220 2222/494/2222 
f 2223/495/2223 2198/465/2198 2196/463/2196 2224/496/2224 
f 2225/497/2225 2223/495/2223 2224/496/2224 2226/498/2226 
f 2226/498/2226 2221/493/2221 2222/494/2222 2225/497/2225 
f 2227/499/2227 2224/496/2224 2196/463/2196 2194/461/2194 
f 2227/499/2227 2228/500/2228 2226/498/2226 2224/496/2224 
f 2228/500/2228 2229/501/2229 2221/493/2221 2226/498/2226 
f 2230/502/2230 2216/486/2216 2214/481/2214 2219/491/2219 
f 2230/502/2230 2219/491/2219 2221/493/2221 2229/501/2229 
f 2231/503/2231 2227/499/2227 2194/461/2194 2189/456/2189 
f 2231/503/2231 2232/504/2232 2228/500/2228 2227/499/2227 
f 2230/502/2230 2233/505/2233 2217/488/2217 2216/486/2216 
f 2234/506/2234 2233/505/2233 2230/502/2230 2229/501/2229 
f 2228/500/2228 2232/504/2232 2234/506/2234 2229/501/2229 
f 2235/507/2235 2231/503/2231 2189/456/2189 2192/457/2192 
f 2235/507/2235 2236/508/2236 2232/504/2232 2231/503/2231 
f 2236/508/2236 2237/509/2237 2234/506/2234 2232/504/2232 
f 2237/509/2237 2238/510/2238 2233/505/2233 2234/506/2234 
f 2217/488/2217 2233/505/2233 2238/510/2238 2218/490/2218 
f 2239/511/2239 2213/480/2213 2211/478/2211 2240/512/2240 
f 2241/513/2241 2239/511/2239 2240/512/2240 2242/514/2242 
f 2243/515/2243 2241/513/2241 2242/514/2242 2244/516/2244 
f 2245/517/2245 2243/515/2243 2244/516/2244 2246/518/2246 
f 2247/519/2247 2245/517/2245 2246/518/2246 2248/520/2248 
f 2249/521/2249 2247/519/2247 2248/520/2248 2250/522/2250 
f 2251/523/2251 2249/521/2249 2250/522/2250 2252/524/2252 
f 2253/525/2253 2251/523/2251 2252/524/2252 2254/526/2254 
f 2255/527/2255 2253/525/2253 2254/526/2254 2256/528/2256 
f 2257/529/2257 2255/527/2255 2256/528/2256 2258/530/2258 
f 2259/531/2259 2257/529/2257 2258/530/2258 2260/532/2260 
f 2261/533/2261 2259/531/2259 2260/532/2260 2262/534/2262 
f 2239/511/2239 2263/535/2263 2191/458/2191 2213/480/2213 
f 2264/536/2264 2263/535/2263 2239/511/2239 2241/513/2241 
f 2265/537/2265 2264/536/2264 2241/513/2241 2243/515/2243 
f 2266/538/2266 2265/537/2265 2243/515/2243 2245/517/2245 
f 2267/539/2267 2266/538/2266 2245/517/2245 2247/519/2247 
f 2268/540/2268 2267/539/2267 2247/519/2247 2249/521/2249 
f 2269/541/2269 2268/540/2268 2249/521/2249 2251/523/2251 
f 2270/542/2270 2269/541/2269 2251/523/2251 2253/525/2253 
f 2271/543/2271 2270/542/2270 2253/525/2253 2255/527/2255 
f 2272/544/2272 2271/543/2271 2255/527/2255 2257/529/2257 
f 2273/545/2273 2272/544/2272 2257/529/2257 2259/531/2259 
f 2274/546/2274 2273/545/2273 2259/531/2259 2261/533/2261 
f 2275/547/2275 2276/548/2276 2262/534/2262 2260/532/2260 
f 2277/549/2277 2275/547/2275 2260/532/2260 2258/530/2258 
f 2278/550/2278 2277/549/2277 2258/530/2258 2256/528/2256 
f 2279/551/2279 2278/550/2278 2256/528/2256 2254/526/2254 
f 2280/552/2280 2279/551/2279 2254/526/2254 2252/524/2252 
f 2281/553/2281 2280/552/2280 2252/524/2252 2250/522/2250 
f 2282/554/2282 2281/553/2281 2250/522/2250 2248/520/2248 
f 2283/555/2283 2282/554/2282 2248/520/2248 2246/518/2246 
f 2284/556/2284 2240/512/2240 2211/478/2211 2212/479/2212 
f 2284/556/2284 2285/557/2285 2242/514/2242 2240/512/2240 
f 2285/557/2285 2286/558/2286 2244/516/2244 2242/514/2242 
f 2286/558/2286 2283/555/2283 2246/518/2246 2244/516/2244 
f 2287/559/2287 2284/560/2284 2212/489/2212 2218/490/2218 
f 2287/559/2287 2288/562/2288 2285/561/2285 2284/560/2284 
f 2288/562/2288 2289/564/2289 2286/563/2286 2285/561/2285 
f 2289/564/2289 2290/566/2290 2283/565/2283 2286/563/2286 
f 2290/566/2290 2291/568/2291 2282/567/2282 2283/565/2283 
f 2291/568/2291 2292/570/2292 2281/569/2281 2282/567/2282 
f 2292/570/2292 2293/572/2293 2280/571/2280 2281/569/2281 
f 2293/572/2293 2294/574/2294 2279/573/2279 2280/571/2280 
f 2294/574/2294 2295/576/2295 2278/575/2278 2279/573/2279 
f 2295/576/2295 2296/578/2296 2277/577/2277 2278/575/2278 
f 2296/578/2296 2297/580/2297 2275/579/2275 2277/577/2277 
f 2297/580/2297 2298/582/2298 2276/581/2276 2275/579/2275 
f 2263/535/2263 2299/583/2299 2192/457/2192 2191/458/2191 
f 2300/584/2300 2299/583/2299 2263/535/2263 2264/536/2264 
f 2301/585/2301 2300/584/2300 2264/536/2264 2265/537/2265 
f 2302/586/2302 2301/585/2301 2265/537/2265 2266/538/2266 
f 2303/587/2303 2302/586/2302 2266/538/2266 2267/539/2267 
f 2304/588/2304 2303/587/2303 2267/539/2267 2268/540/2268 
f 2305/589/2305 2304/588/2304 2268/540/2268 2269/541/2269 
f 2306/590/2306 2305/589/2305 2269/541/2269 2270/542/2270 
f 2307/591/2307 2306/590/2306 2270/542/2270 2271/543/2271 
f 2308/592/2308 2307/591/2307 2271/543/2271 2272/544/2272 
f 2309/593/2309 2308/592/2308 2272/544/2272 2273/545/2273 
f 2310/594/2310 2309/593/2309 2273/545/2273 2274/546/2274 
f 2299/583/2299 2311/595/2311 2235/507/2235 2192/457/2192 
f 2311/595/2311 2312/596/2312 2236/508/2236 2235/507/2235 
f 2312/596/2312 2313/597/2313 2237/509/2237 2236/508/2236 
f 2314/598/2314 2287/559/2287 2218/490/2218 2238/510/2238 
f 2237/509/2237 2313/597/2313 2314/598/2314 2238/510/2238 
f 2314/598/2314 2315/599/2315 2288/562/2288 2287/559/2287 
f 2316/600/2316 2315/599/2315 2314/598/2314 2313/597/2313 
f 2317/601/2317 2311/595/2311 2299/583/2299 2300/584/2300 
f 2317/601/2317 2318/602/2318 2312/596/2312 2311/595/2311 
f 2312/596/2312 2318/602/2318 2316/600/2316 2313/597/2313 
f 2319/603/2319 2316/600/2316 2318/602/2318 2320/604/2320 
f 2321/605/2321 2320/604/2320 2318/602/2318 2317/601/2317 
f 2317/601/2317 2300/584/2300 2301/585/2301 2321/605/2321 
f 2315/599/2315 2322/606/2322 2289/564/2289 2288/562/2288 
f 2322/606/2322 2315/599/2315 2316/600/2316 2319/603/2319 
f 2322/606/2322 2323/607/2323 2290/566/2290 2289/564/2289 
f 2324/608/2324 2323/607/2323 2322/606/2322 2319/603/2319 
f 2325/609/2325 2324/608/2324 2319/603/2319 2320/604/2320 
f 2326/610/2326 2325/609/2325 2320/604/2320 2321/605/2321 
f 2321/605/2321 2301/585/2301 2302/586/2302 2326/610/2326 
f 2327/611/2327 2324/608/2324 2325/609/2325 2328/612/2328 
f 2329/613/2329 2327/611/2327 2328/612/2328 2330/614/2330 
f 2331/615/2331 2328/612/2328 2325/609/2325 2326/610/2326 
f 2326/610/2326 2302/586/2302 2303/587/2303 2331/615/2331 
f 2332/616/2332 2331/615/2331 2303/587/2303 2304/588/2304 
f 2328/612/2328 2331/615/2331 2332/616/2332 2330/614/2330 
f 2323/607/2323 2333/617/2333 2291/568/2291 2290/566/2290 
f 2333/617/2333 2323/607/2323 2324/608/2324 2327/611/2327 
f 2333/617/2333 2334/618/2334 2292/570/2292 2291/568/2291 
f 2333/617/2333 2327/611/2327 2329/613/2329 2334/618/2334 
f 2335/619/2335 2329/613/2329 2330/614/2330 2336/620/2336 
f 2337/621/2337 2336/620/2336 2330/614/2330 2332/616/2332 
f 2332/616/2332 2304/588/2304 2305/589/2305 2337/621/2337 
f 2334/618/2334 2338/622/2338 2293/572/2293 2292/570/2292 
f 2329/613/2329 2335/619/2335 2338/622/2338 2334/618/2334 
f 2339/623/2339 2336/620/2336 2337/621/2337 2340/624/2340 
f 2338/622/2338 2341/625/2341 2294/574/2294 2293/572/2293 
f 2342/626/2342 2341/625/2341 2338/622/2338 2335/619/2335 
f 2342/626/2342 2335/619/2335 2336/620/2336 2339/623/2339 
f 2337/621/2337 2305/589/2305 2306/590/2306 2340/624/2340 
f 2343/627/2343 2340/624/2340 2306/590/2306 2307/591/2307 
f 2343/627/2343 2344/628/2344 2339/623/2339 2340/624/2340 
f 2344/628/2344 2345/629/2345 2342/626/2342 2339/623/2339 
f 2345/629/2345 2346/630/2346 2341/625/2341 2342/626/2342 
f 2294/574/2294 2341/625/2341 2346/630/2346 2295/576/2295 
f 2347/631/2347 2345/629/2345 2344/628/2344 2348/632/2348 
f 2346/630/2346 2349/633/2349 2296/578/2296 2295/576/2295 
f 2345/629/2345 2347/631/2347 2349/633/2349 2346/630/2346 
f 2350/634/2350 2348/632/2348 2344/628/2344 2343/627/2343 
f 2343/627/2343 2307/591/2307 2308/592/2308 2350/634/2350 
f 2351/635/2351 2350/634/2350 2308/592/2308 2309/593/2309 
f 2351/635/2351 2352/636/2352 2348/632/2348 2350/634/2350 
f 2353/637/2353 2351/635/2351 2309/593/2309 2310/594/2310 
f 2353/637/2353 2354/638/2354 2352/636/2352 2351/635/2351 
f 2352/636/2352 2355/639/2355 2347/631/2347 2348/632/2348 
f 2356/640/2356 2355/639/2355 2352/636/2352 2354/638/2354 
f 2349/633/2349 2357/641/2357 2297/580/2297 2296/578/2296 
f 2347/631/2347 2355/639/2355 2357/641/2357 2349/633/2349 
f 2357/641/2357 2358/642/2358 2298/582/2298 2297/580/2297 
f 2357/641/2357 2355/639/2355 2356/640/2356 2358/642/2358 
f 2359/643/2359 2360/644/2360 2353/637/2353 2310/594/2310 
f 2361/645/2361 2360/648/2360 2359/647/2359 2362/646/2362 
f 2362/646/2362 2298/582/2298 2358/642/2358 2361/645/2361 
f 2360/644/2360 2363/649/2363 2354/638/2354 2353/637/2353 
f 2364/650/2364 2363/651/2363 2360/648/2360 2361/645/2361 
f 2354/638/2354 2363/649/2363 2364/650/2364 2356/640/2356 
f 2356/640/2356 2364/650/2364 2361/645/2361 2358/642/2358 
f 2365/652/2365 2261/533/2261 2262/534/2262 2366/653/2366 
f 2367/654/2367 2366/653/2366 2262/534/2262 2276/548/2276 
f 2367/655/2367 2368/656/2368 2365/652/2365 2366/653/2366 
f 2261/533/2261 2365/652/2365 2368/657/2368 2274/546/2274 
f 2367/658/2367 2276/581/2276 2298/582/2298 2362/646/2362 
f 2359/647/2359 2368/659/2368 2367/658/2367 2362/646/2362 
f 2274/546/2274 2368/657/2368 2359/643/2359 2310/594/2310 
f 2369/660/2369 2225/663/2225 2222/662/2222 2370/661/2370 
f 2371/664/2371 2372/667/2372 2215/666/2215 2204/665/2204 
f 2373/668/2373 2372/667/2372 2371/664/2371 2374/669/2374 
f 2375/670/2375 2371/673/2371 2204/672/2204 2202/671/2202 
f 2376/674/2376 2375/670/2375 2202/671/2202 2200/675/2200 
f 2377/676/2377 2374/678/2374 2371/673/2371 2378/677/2378 
f 2379/679/2379 2376/674/2376 2200/675/2200 2197/680/2197 
f 2380/681/2380 2379/679/2379 2197/680/2197 2198/682/2198 
f 2381/683/2381 2380/681/2380 2198/682/2198 2223/684/2223 
f 2382/685/2382 2378/677/2378 2371/673/2371 2375/670/2375 
f 2383/686/2383 2382/685/2382 2375/670/2375 2376/674/2376 
f 2384/687/2384 2383/686/2383 2376/674/2376 2379/679/2379 
f 2385/688/2385 2377/676/2377 2378/677/2378 2386/689/2386 
f 2387/690/2387 2385/688/2385 2386/689/2386 2388/691/2388 
f 2389/692/2389 2386/689/2386 2378/677/2378 2382/685/2382 
f 2389/692/2389 2390/693/2390 2388/691/2388 2386/689/2386 
f 2391/694/2391 2389/692/2389 2382/685/2382 2383/686/2383 
f 2391/694/2391 2392/695/2392 2390/693/2390 2389/692/2389 
f 2393/696/2393 2391/694/2391 2383/686/2383 2384/687/2384 
f 2393/696/2393 2394/697/2394 2392/695/2392 2391/694/2391 
f 2395/698/2395 2396/701/2396 631/700/631 630/699/630 
f 2397/702/2397 2369/660/2369 2370/661/2370 2398/703/2398 
f 2399/704/2399 2397/702/2397 2398/703/2398 2400/705/2400 
f 2401/706/2401 2120/351/2120 2121/352/2121 2402/707/2402 
f 630/699/630 350/357/350 2122/353/2122 2395/698/2395 
f 2401/706/2401 2403/708/2403 2122/353/2122 2120/351/2120 
f 2403/708/2403 2404/709/2404 2395/698/2395 2122/353/2122 
f 2398/703/2398 2401/706/2401 2402/707/2402 2400/705/2400 
f 2370/661/2370 2403/708/2403 2401/706/2401 2398/703/2398 
f 2370/661/2370 2405/710/2405 2404/709/2404 2403/708/2403 
f 2220/711/2220 2405/710/2405 2370/661/2370 2222/662/2222 
f 2215/666/2215 2372/667/2372 2405/710/2405 2220/711/2220 
f 2372/667/2372 2406/712/2406 2404/709/2404 2405/710/2405 
f 2407/713/2407 2406/712/2406 2372/667/2372 2373/668/2373 
f 2406/712/2406 2396/701/2396 2395/698/2395 2404/709/2404 
f 2396/701/2396 2406/712/2406 2407/713/2407 631/700/631 
f 2408/714/2408 2402/707/2402 2121/352/2121 2118/349/2118 
f 2408/714/2408 2409/715/2409 2400/705/2400 2402/707/2402 
f 2409/715/2409 2410/716/2410 2399/704/2399 2400/705/2400 
f 2411/717/2411 2408/714/2408 2118/349/2118 2412/718/2412 
f 2413/719/2413 2412/718/2412 2118/349/2118 2119/350/2119 
f 2119/350/2119 2090/305/2090 2095/310/2095 2413/719/2413 
f 2414/720/2414 2413/719/2413 2095/310/2095 2097/312/2097 
f 2414/720/2414 2415/721/2415 2412/718/2412 2413/719/2413 
f 2414/720/2414 2097/312/2097 2099/314/2099 2415/721/2415 
f 2416/722/2416 2417/725/2417 2418/724/2418 2419/723/2419 
f 2420/726/2420 2418/724/2418 2417/725/2417 2421/727/2421 
f 2422/728/2422 2420/726/2420 2421/727/2421 2423/729/2423 
f 2424/730/2424 2422/728/2422 2423/729/2423 2425/731/2425 
f 2426/732/2426 2424/735/2424 2425/734/2425 2427/733/2427 
f 2427/733/2427 2416/722/2416 2419/723/2419 2426/732/2426 
f 2428/736/2428 2429/739/2429 2430/738/2430 2431/737/2431 
f 2432/740/2432 2428/736/2428 2431/737/2431 2433/741/2433 
f 2434/742/2434 2432/740/2432 2433/741/2433 2435/743/2435 
f 2434/742/2434 2436/744/2436 2428/736/2428 2432/740/2432 
f 2436/744/2436 2437/745/2437 2429/739/2429 2428/736/2428 
f 2438/746/2438 2435/743/2435 2433/748/2433 2439/747/2439 
f 2440/749/2440 2439/747/2439 2433/748/2433 2431/750/2431 
f 2431/750/2431 2430/752/2430 2441/751/2441 2440/749/2440 
f 2442/753/2442 2436/744/2436 2434/742/2434 2435/743/2435 
f 2443/754/2443 2442/753/2442 2435/743/2435 2438/746/2438 
f 2443/754/2443 2438/746/2438 2439/747/2439 2440/749/2440 
f 2442/753/2442 2444/755/2444 2437/745/2437 2436/744/2436 
f 2419/723/2419 2445/756/2445 2441/751/2441 2426/732/2426 
f 2418/724/2418 2444/755/2444 2445/756/2445 2419/723/2419 
f 2430/738/2430 2429/739/2429 2422/728/2422 2424/730/2424 
f 2429/739/2429 2437/745/2437 2420/726/2420 2422/728/2422 
f 2441/751/2441 2430/752/2430 2424/735/2424 2426/732/2426 
f 2437/745/2437 2444/755/2444 2418/724/2418 2420/726/2420 
f 2441/751/2441 2445/756/2445 2443/754/2443 2440/749/2440 
f 2445/756/2445 2444/755/2444 2442/753/2442 2443/754/2443 
f 2446/757/2446 2417/725/2417 2416/722/2416 2447/758/2447 
f 2448/759/2448 2447/758/2447 2416/722/2416 2427/733/2427 
f 2449/760/2449 2448/759/2448 2427/733/2427 2425/734/2425 
f 2450/761/2450 2449/762/2449 2425/731/2425 2423/729/2423 
f 2451/763/2451 2450/761/2450 2423/729/2423 2421/727/2421 
f 2417/725/2417 2446/757/2446 2451/763/2451 2421/727/2421 
f 2452/764/2452 2451/763/2451 2446/757/2446 2453/765/2453 
f 2452/764/2452 2454/766/2454 2450/761/2450 2451/763/2451 
f 2455/767/2455 2453/765/2453 2446/757/2446 2447/758/2447 
f 2456/768/2456 2455/767/2455 2447/758/2447 2448/759/2448 
f 2457/769/2457 2456/768/2456 2448/759/2448 2449/760/2449 
f 2457/769/2457 2449/760/2449 2450/771/2450 2454/770/2454 
f 2458/772/2458 2457/769/2457 2454/770/2454 2459/773/2459 
f 2458/772/2458 2460/774/2460 2456/768/2456 2457/769/2457 
f 2461/775/2461 2454/766/2454 2452/764/2452 2462/776/2462 
f 2463/777/2463 2461/775/2461 2462/776/2462 2464/778/2464 
f 2465/779/2465 2463/777/2463 2464/778/2464 2466/780/2466 
f 2467/781/2467 2465/779/2465 2466/780/2466 2468/782/2468 
f 2469/783/2469 2467/781/2467 2468/782/2468 2470/784/2470 
f 2471/785/2471 2469/783/2469 2470/784/2470 2472/786/2472 
f 2473/787/2473 2471/785/2471 2472/786/2472 2474/788/2474 
f 2475/789/2475 2474/788/2474 2472/786/2472 2470/784/2470 
f 2476/790/2476 2475/789/2475 2470/784/2470 2468/782/2468 
f 2477/791/2477 2476/790/2476 2468/782/2468 2466/780/2466 
f 2478/792/2478 2477/791/2477 2466/780/2466 2464/778/2464 
f 2473/787/2473 2479/793/2479 2469/783/2469 2471/785/2471 
f 2479/793/2479 2480/794/2480 2467/781/2467 2469/783/2469 
f 2480/794/2480 2481/795/2481 2465/779/2465 2467/781/2467 
f 2481/795/2481 2482/796/2482 2463/777/2463 2465/779/2465 
f 2483/797/2483 2473/799/2473 2474/788/2474 2484/798/2484 
f 2485/800/2485 2484/798/2484 2474/788/2474 2475/789/2475 
f 2485/800/2485 2486/801/2486 2483/797/2483 2484/798/2484 
f 2473/799/2473 2483/797/2483 2486/801/2486 2479/802/2479 
f 2486/801/2486 2487/804/2487 2480/803/2480 2479/802/2479 
f 2487/804/2487 2488/806/2488 2481/805/2481 2480/803/2480 
f 2488/806/2488 2489/808/2489 2482/807/2482 2481/805/2481 
f 2490/809/2490 2489/808/2489 2488/806/2488 2491/810/2491 
f 2492/811/2492 2491/810/2491 2488/806/2488 2487/804/2487 
f 2485/800/2485 2492/811/2492 2487/804/2487 2486/801/2486 
f 2485/800/2485 2475/789/2475 2476/790/2476 2492/811/2492 
f 2492/811/2492 2476/790/2476 2477/791/2477 2491/810/2491 
f 2491/810/2491 2477/791/2477 2478/792/2478 2490/809/2490 
f 2482/796/2482 2493/812/2493 2461/775/2461 2463/777/2463 
f 2494/813/2494 2493/814/2493 2482/807/2482 2489/808/2489 
f 2493/815/2493 2495/817/2495 2454/770/2454 2461/816/2461 
f 2495/817/2495 2496/818/2496 2459/773/2459 2454/770/2454 
f 2497/819/2497 2495/822/2495 2493/821/2493 2494/820/2494 
f 2497/819/2497 2498/824/2498 2496/823/2496 2495/822/2495 
f 2499/825/2499 2498/824/2498 2497/819/2497 2500/826/2500 
f 2501/827/2501 2500/826/2500 2497/819/2497 2502/828/2502 
f 2503/829/2503 2501/832/2501 2502/831/2502 2504/830/2504 
f 2505/833/2505 2494/813/2494 2489/808/2489 2490/809/2490 
f 2505/833/2505 2506/835/2506 2497/834/2497 2494/813/2494 
f 2506/835/2506 2507/836/2507 2502/831/2502 2497/834/2497 
f 2508/837/2508 2478/792/2478 2464/778/2464 2462/776/2462 
f 2478/792/2478 2508/837/2508 2505/833/2505 2490/809/2490 
f 2508/837/2508 2509/838/2509 2506/835/2506 2505/833/2505 
f 2452/764/2452 2509/838/2509 2508/837/2508 2462/776/2462 
f 2507/836/2507 2510/839/2510 2504/830/2504 2502/831/2502 
f 2511/840/2511 2507/836/2507 2506/835/2506 2512/841/2512 
f 2511/840/2511 2513/842/2513 2510/839/2510 2507/836/2507 
f 2514/843/2514 2515/846/2515 2516/845/2516 2517/844/2517 
f 2518/847/2518 2514/843/2514 2517/844/2517 2519/848/2519 
f 2515/846/2515 2520/850/2520 2521/849/2521 2516/845/2516 
f 2520/850/2520 2522/852/2522 2523/851/2523 2521/849/2521 
f 2522/852/2522 2524/854/2524 2525/853/2525 2523/851/2523 
f 2526/855/2526 2525/853/2525 2524/854/2524 2527/856/2527 
f 2528/857/2528 2529/858/2529 2511/840/2511 2512/841/2512 
f 2529/858/2529 2530/859/2530 2513/842/2513 2511/840/2511 
f 2531/860/2531 2530/859/2530 2529/858/2529 2532/861/2532 
f 2533/862/2533 2532/861/2532 2529/858/2529 2528/857/2528 
f 2532/861/2532 2501/827/2501 2503/863/2503 2531/860/2531 
f 2533/862/2533 2500/826/2500 2501/827/2501 2532/861/2532 
f 2533/862/2533 2534/864/2534 2499/825/2499 2500/826/2500 
f 2535/865/2535 2504/830/2504 2510/839/2510 2536/866/2536 
f 2537/867/2537 2535/865/2535 2536/866/2536 2538/868/2538 
f 2539/869/2539 2537/867/2537 2538/868/2538 2540/870/2540 
f 2541/871/2541 2539/869/2539 2540/870/2540 2542/872/2542 
f 2535/865/2535 2543/873/2543 2503/829/2503 2504/830/2504 
f 2544/874/2544 2543/873/2543 2535/865/2535 2537/867/2537 
f 2545/875/2545 2544/874/2544 2537/867/2537 2539/869/2539 
f 2546/876/2546 2545/875/2545 2539/869/2539 2541/871/2541 
f 2547/877/2547 2546/876/2546 2541/871/2541 2542/872/2542 
f 2548/878/2548 2547/877/2547 2542/872/2542 2540/870/2540 
f 2549/879/2549 2548/878/2548 2540/870/2540 2538/868/2538 
f 2550/880/2550 2549/879/2549 2538/868/2538 2536/866/2536 
f 2536/866/2536 2510/839/2510 2513/842/2513 2550/880/2550 
f 2543/881/2543 2551/882/2551 2531/860/2531 2503/863/2503 
f 2552/883/2552 2551/882/2551 2543/881/2543 2544/884/2544 
f 2553/885/2553 2552/883/2552 2544/884/2544 2545/886/2545 
f 2554/887/2554 2546/889/2546 2547/877/2547 2555/888/2555 
f 2553/885/2553 2545/886/2545 2546/889/2546 2554/887/2554 
f 2556/890/2556 2553/885/2553 2554/887/2554 2555/888/2555 
f 2555/888/2555 2547/877/2547 2548/878/2548 2556/890/2556 
f 2557/891/2557 2556/890/2556 2548/878/2548 2549/879/2549 
f 2557/891/2557 2552/883/2552 2553/885/2553 2556/890/2556 
f 2557/891/2557 2558/892/2558 2551/882/2551 2552/883/2552 
f 2558/892/2558 2530/859/2530 2531/860/2531 2551/882/2551 
f 2557/891/2557 2549/879/2549 2550/880/2550 2558/892/2558 
f 2550/880/2550 2513/842/2513 2530/859/2530 2558/892/2558 
f 2517/844/2517 2516/845/2516 2452/764/2452 2453/765/2453 
f 2515/846/2515 2514/843/2514 2559/894/2559 2560/893/2560 
f 2519/848/2519 2517/844/2517 2453/765/2453 2455/767/2455 
f 2514/843/2514 2518/847/2518 2561/895/2561 2559/894/2559 
f 2516/845/2516 2521/849/2521 2509/838/2509 2452/764/2452 
f 2520/850/2520 2515/846/2515 2560/893/2560 2562/896/2562 
f 2521/849/2521 2523/851/2523 2506/835/2506 2509/838/2509 
f 2522/852/2522 2520/850/2520 2562/896/2562 2563/897/2563 
f 2523/851/2523 2525/853/2525 2512/841/2512 2506/835/2506 
f 2524/854/2524 2522/852/2522 2563/897/2563 2564/898/2564 
f 2527/856/2527 2524/854/2524 2564/898/2564 2565/899/2565 
f 2525/853/2525 2526/855/2526 2528/857/2528 2512/841/2512 
f 2566/900/2566 2519/848/2519 2455/767/2455 2456/768/2456 
f 2566/900/2566 2567/901/2567 2518/847/2518 2519/848/2519 
f 2567/901/2567 2568/902/2568 2561/895/2561 2518/847/2518 
f 2569/903/2569 2566/900/2566 2456/768/2456 2460/774/2460 
f 2569/903/2569 2570/904/2570 2567/901/2567 2566/900/2566 
f 2570/904/2570 2571/905/2571 2568/902/2568 2567/901/2567 
f 2572/906/2572 2533/862/2533 2528/857/2528 2526/855/2526 
f 2572/906/2572 2573/907/2573 2534/864/2534 2533/862/2533 
f 2574/908/2574 2572/906/2572 2526/855/2526 2527/856/2527 
f 2574/908/2574 2575/909/2575 2573/907/2573 2572/906/2572 
f 2576/910/2576 2574/908/2574 2527/856/2527 2565/899/2565 
f 2576/910/2576 2577/911/2577 2575/909/2575 2574/908/2574 
f 2578/912/2578 2460/774/2460 2458/772/2458 2459/773/2459 
f 2579/913/2579 2578/912/2578 2459/773/2459 2496/818/2496 
f 2580/914/2580 2579/915/2579 2496/823/2496 2498/824/2498 
f 2580/914/2580 2498/824/2498 2499/825/2499 2534/864/2534 
f 2581/916/2581 2580/914/2580 2534/864/2534 2573/907/2573 
f 2581/916/2581 2582/917/2582 2579/915/2579 2580/914/2580 
f 2582/918/2582 2583/919/2583 2578/912/2578 2579/913/2579 
f 2460/774/2460 2578/912/2578 2583/919/2583 2569/903/2569 
f 2583/919/2583 2584/920/2584 2570/904/2570 2569/903/2569 
f 2585/921/2585 2584/920/2584 2583/919/2583 2582/918/2582 
f 2586/922/2586 2585/923/2585 2582/917/2582 2581/916/2581 
f 2581/916/2581 2573/907/2573 2575/909/2575 2586/922/2586 
f 2587/924/2587 2577/911/2577 2576/910/2576 2588/925/2588 
f 2589/926/2589 2568/902/2568 2571/905/2571 2590/927/2590 
f 2589/926/2589 2591/928/2591 2561/895/2561 2568/902/2568 
f 2592/929/2592 2561/932/2561 2591/931/2591 2593/930/2593 
f 2594/933/2594 2595/936/2595 2596/935/2596 2597/934/2597 
f 2592/929/2592 2598/938/2598 2559/937/2559 2561/932/2561 
f 2599/939/2599 2597/934/2597 2596/935/2596 2600/940/2600 
f 2601/941/2601 2600/940/2600 2596/935/2596 2602/942/2602 
f 2603/943/2603 2604/946/2604 2605/945/2605 2606/944/2606 
f 2598/938/2598 2592/929/2592 2595/936/2595 2594/933/2594 
f 2607/947/2607 2595/936/2595 2592/929/2592 2593/930/2593 
f 2608/948/2608 2607/947/2607 2593/930/2593 2591/931/2591 
f 2595/936/2595 2607/947/2607 2608/948/2608 2596/935/2596 
f 2609/949/2609 2601/941/2601 2602/942/2602 2610/950/2610 
f 2605/945/2605 2609/949/2609 2610/950/2610 2606/944/2606 
f 2605/945/2605 2600/940/2600 2601/941/2601 2609/949/2609 
f 2604/946/2604 2599/939/2599 2600/940/2600 2605/945/2605 
f 2611/951/2611 2612/954/2612 2613/953/2613 2614/952/2614 
f 2615/955/2615 2611/951/2611 2614/952/2614 2616/956/2616 
f 2617/957/2617 2565/960/2565 2564/959/2564 2618/958/2618 
f 2565/960/2565 2617/957/2617 2613/953/2613 2612/954/2612 
f 2613/953/2613 2617/957/2617 2616/956/2616 2614/952/2614 
f 2619/961/2619 2616/956/2616 2617/957/2617 2618/958/2618 
f 2619/961/2619 2620/962/2620 2615/955/2615 2616/956/2616 
f 2621/963/2621 2618/958/2618 2564/959/2564 2563/964/2563 
f 2622/965/2622 2621/963/2621 2563/964/2563 2562/966/2562 
f 2598/938/2598 2623/968/2623 2560/967/2560 2559/937/2559 
f 2560/967/2560 2623/968/2623 2622/965/2622 2562/966/2562 
f 2624/969/2624 2623/968/2623 2598/938/2598 2594/933/2594 
f 2624/969/2624 2625/970/2625 2622/965/2622 2623/968/2623 
f 2625/970/2625 2626/971/2626 2621/963/2621 2622/965/2622 
f 2618/958/2618 2621/963/2621 2626/971/2626 2619/961/2619 
f 2626/971/2626 2627/972/2627 2620/962/2620 2619/961/2619 
f 2628/973/2628 2627/972/2627 2626/971/2626 2625/970/2625 
f 2629/974/2629 2628/973/2628 2625/970/2625 2624/969/2624 
f 2624/969/2624 2594/933/2594 2597/934/2597 2629/974/2629 
f 2630/975/2630 2629/974/2629 2597/934/2597 2599/939/2599 
f 2630/975/2630 2631/976/2631 2628/973/2628 2629/974/2629 
f 2631/976/2631 2632/977/2632 2627/972/2627 2628/973/2628 
f 2632/977/2632 2633/978/2633 2620/962/2620 2627/972/2627 
f 2633/978/2633 2634/979/2634 2615/955/2615 2620/962/2620 
f 2635/980/2635 2615/955/2615 2634/979/2634 2636/981/2636 
f 2637/982/2637 2635/980/2635 2636/981/2636 2638/983/2638 
f 2639/984/2639 2637/982/2637 2638/983/2638 2640/985/2640 
f 2634/979/2634 2640/985/2640 2638/983/2638 2636/981/2636 
f 2641/986/2641 2640/985/2640 2634/979/2634 2633/978/2633 
f 2641/986/2641 2642/987/2642 2639/984/2639 2640/985/2640 
f 2643/988/2643 2641/986/2641 2633/978/2633 2632/977/2632 
f 2643/988/2643 2644/989/2644 2642/987/2642 2641/986/2641 
f 2645/990/2645 2630/975/2630 2599/939/2599 2604/946/2604 
f 2646/991/2646 2645/990/2645 2604/946/2604 2603/943/2603 
f 2645/990/2645 2647/992/2647 2631/976/2631 2630/975/2630 
f 2648/993/2648 2647/992/2647 2645/990/2645 2646/991/2646 
f 2631/976/2631 2647/992/2647 2643/988/2643 2632/977/2632 
f 2643/988/2643 2647/992/2647 2648/993/2648 2644/989/2644 
f 2649/994/2649 2603/943/2603 2606/944/2606 2650/995/2650 
f 2651/996/2651 2650/995/2650 2606/944/2606 2652/997/2652 
f 2653/998/2653 2651/996/2651 2652/997/2652 2654/999/2654 
f 2655/1000/2655 2653/998/2653 2654/999/2654 2656/1001/2656 
f 2655/1000/2655 2650/995/2650 2651/996/2651 2653/998/2653 
f 2655/1000/2655 2657/1002/2657 2649/994/2649 2650/995/2650 
f 2658/1003/2658 2657/1002/2657 2655/1000/2655 2656/1001/2656 
f 2649/994/2649 2659/1004/2659 2646/991/2646 2603/943/2603 
f 2660/1005/2660 2659/1004/2659 2649/994/2649 2657/1002/2657 
f 2661/1006/2661 2660/1005/2660 2657/1002/2657 2658/1003/2658 
f 2608/948/2608 2662/1007/2662 2602/942/2602 2596/935/2596 
f 2663/1008/2663 2652/997/2652 2606/944/2606 2610/950/2610 
f 2602/942/2602 2662/1007/2662 2663/1008/2663 2610/950/2610 
f 2663/1008/2663 2664/1009/2664 2654/999/2654 2652/997/2652 
f 2665/1010/2665 2662/1007/2662 2608/948/2608 2591/931/2591 
f 2666/1011/2666 2665/1012/2665 2591/928/2591 2589/926/2589 
f 2667/1013/2667 2666/1011/2666 2589/926/2589 2590/927/2590 
f 2668/1014/2668 2587/924/2587 2588/925/2588 2669/1015/2669 
f 2565/899/2565 2612/1016/2612 2588/925/2588 2576/910/2576 
f 2612/1016/2612 2670/1017/2670 2669/1015/2669 2588/925/2588 
f 2635/980/2635 2671/1018/2671 2611/951/2611 2615/955/2615 
f 2670/1019/2670 2612/954/2612 2611/951/2611 2671/1018/2671 
f 2672/1020/2672 2637/982/2637 2639/984/2639 2673/1021/2673 
f 2671/1018/2671 2635/980/2635 2637/982/2637 2672/1020/2672 
f 2674/1022/2674 2673/1021/2673 2639/984/2639 2675/1023/2675 
f 2676/1024/2676 2673/1021/2673 2674/1022/2674 2677/1025/2677 
f 2678/1026/2678 2676/1024/2676 2677/1025/2677 2679/1027/2679 
f 2677/1025/2677 2674/1022/2674 2675/1023/2675 2679/1027/2679 
f 2680/1028/2680 2675/1023/2675 2639/984/2639 2642/987/2642 
f 2680/1028/2680 2681/1029/2681 2679/1027/2679 2675/1023/2675 
f 2681/1029/2681 2682/1030/2682 2678/1026/2678 2679/1027/2679 
f 2683/1031/2683 2680/1028/2680 2642/987/2642 2644/989/2644 
f 2684/1032/2684 2683/1031/2683 2644/989/2644 2648/993/2648 
f 2646/991/2646 2659/1004/2659 2684/1032/2684 2648/993/2648 
f 2685/1033/2685 2684/1032/2684 2659/1004/2659 2660/1005/2660 
f 2685/1033/2685 2686/1034/2686 2683/1031/2683 2684/1032/2684 
f 2680/1028/2680 2683/1031/2683 2686/1034/2686 2681/1029/2681 
f 2686/1034/2686 2687/1035/2687 2682/1030/2682 2681/1029/2681 
f 2688/1036/2688 2687/1035/2687 2686/1034/2686 2685/1033/2685 
f 2685/1033/2685 2660/1005/2660 2661/1006/2661 2688/1036/2688 
f 2676/1024/2676 2689/1037/2689 2672/1020/2672 2673/1021/2673 
f 2690/1038/2690 2668/1041/2668 2669/1040/2669 2691/1039/2691 
f 2691/1039/2691 2666/1011/2666 2667/1013/2667 2690/1038/2690 
f 2691/1039/2691 2692/1042/2692 2665/1012/2665 2666/1011/2666 
f 2691/1039/2691 2669/1040/2669 2670/1043/2670 2692/1042/2692 
f 2693/1044/2693 2692/1047/2692 2670/1046/2670 2671/1045/2671 
f 2693/1044/2693 2662/1007/2662 2665/1010/2665 2692/1047/2692 
f 2694/1048/2694 2693/1044/2693 2671/1045/2671 2672/1049/2672 
f 2662/1007/2662 2693/1044/2693 2694/1048/2694 2663/1008/2663 
f 2694/1048/2694 2695/1050/2695 2664/1009/2664 2663/1008/2663 
f 2694/1048/2694 2672/1049/2672 2689/1051/2689 2695/1050/2695 
f 2668/1052/2668 2696/1054/2696 2577/911/2577 2587/1053/2587 
f 2586/922/2586 2575/909/2575 2577/911/2577 2696/1054/2696 
f 2584/920/2584 2697/1055/2697 2571/905/2571 2570/904/2570 
f 2571/905/2571 2697/1055/2697 2667/1057/2667 2590/1056/2590 
f 2698/1058/2698 2697/1055/2697 2584/920/2584 2585/921/2585 
f 2667/1057/2667 2697/1055/2697 2698/1058/2698 2690/1059/2690 
f 2696/1054/2696 2668/1052/2668 2690/1061/2690 2698/1060/2698 
f 2698/1060/2698 2585/923/2585 2586/922/2586 2696/1054/2696 
f 2699/1062/2699 2661/1006/2661 2658/1003/2658 2700/1063/2700 
f 2701/1064/2701 2699/1062/2699 2700/1063/2700 2702/1065/2702 
f 2703/1066/2703 2704/1067/2704 2676/1024/2676 2678/1026/2678 
f 2705/1068/2705 2704/1071/2704 2703/1070/2703 2706/1069/2706 
f 2707/1072/2707 2700/1063/2700 2658/1003/2658 2656/1001/2656 
f 2654/999/2654 2664/1009/2664 2707/1072/2707 2656/1001/2656 
f 2707/1072/2707 2708/1073/2708 2702/1065/2702 2700/1063/2700 
f 2709/1074/2709 2708/1073/2708 2707/1072/2707 2664/1009/2664 
f 2710/1075/2710 2709/1074/2709 2664/1009/2664 2695/1050/2695 
f 2710/1075/2710 2711/1076/2711 2708/1073/2708 2709/1074/2709 
f 2704/1067/2704 2712/1077/2712 2689/1037/2689 2676/1024/2676 
f 2689/1051/2689 2712/1078/2712 2710/1075/2710 2695/1050/2695 
f 2713/1079/2713 2712/1078/2712 2704/1071/2704 2705/1068/2705 
f 2710/1075/2710 2712/1078/2712 2713/1079/2713 2711/1076/2711 
f 2714/1080/2714 2711/1076/2711 2713/1079/2713 2705/1068/2705 
f 2715/1081/2715 2714/1080/2714 2705/1068/2705 2706/1069/2706 
f 2716/1082/2716 2715/1081/2715 2706/1069/2706 2717/1083/2717 
f 2714/1080/2714 2702/1065/2702 2708/1073/2708 2711/1076/2711 
f 2715/1081/2715 2701/1064/2701 2702/1065/2702 2714/1080/2714 
f 2718/1084/2718 2701/1064/2701 2715/1081/2715 2716/1082/2716 
f 2718/1084/2718 2719/1085/2719 2699/1062/2699 2701/1064/2701 
f 2719/1085/2719 2720/1086/2720 2661/1006/2661 2699/1062/2699 
f 2720/1086/2720 2721/1087/2721 2688/1036/2688 2661/1006/2661 
f 2721/1087/2721 2722/1088/2722 2687/1035/2687 2688/1036/2688 
f 2722/1088/2722 2723/1089/2723 2682/1030/2682 2687/1035/2687 
f 2723/1089/2723 2724/1090/2724 2678/1026/2678 2682/1030/2682 
f 2724/1090/2724 2725/1091/2725 2703/1066/2703 2678/1026/2678 
f 2703/1070/2703 2725/1092/2725 2717/1083/2717 2706/1069/2706 
f 2726/1093/2726 2719/1085/2719 2718/1084/2718 2727/1094/2727 
f 2728/1095/2728 2726/1093/2726 2727/1094/2727 2729/1096/2729 
f 2726/1093/2726 2730/1097/2730 2720/1086/2720 2719/1085/2719 
f 2731/1098/2731 2730/1097/2730 2726/1093/2726 2728/1095/2728 
f 2730/1097/2730 2732/1099/2732 2721/1087/2721 2720/1086/2720 
f 2733/1100/2733 2732/1099/2732 2730/1097/2730 2731/1098/2731 
f 2732/1099/2732 2734/1101/2734 2722/1088/2722 2721/1087/2721 
f 2735/1102/2735 2734/1101/2734 2732/1099/2732 2733/1100/2733 
f 2734/1101/2734 2736/1103/2736 2723/1089/2723 2722/1088/2722 
f 2737/1104/2737 2736/1103/2736 2734/1101/2734 2735/1102/2735 
f 2736/1103/2736 2738/1105/2738 2724/1090/2724 2723/1089/2723 
f 2739/1106/2739 2738/1105/2738 2736/1103/2736 2737/1104/2737 
f 2738/1105/2738 2740/1107/2740 2725/1091/2725 2724/1090/2724 
f 2741/1108/2741 2740/1107/2740 2738/1105/2738 2739/1106/2739 
f 2740/1109/2740 2742/1110/2742 2717/1083/2717 2725/1092/2725 
f 2743/1111/2743 2742/1110/2742 2740/1109/2740 2741/1112/2741 
f 2742/1110/2742 2744/1113/2744 2716/1082/2716 2717/1083/2717 
f 2745/1114/2745 2744/1113/2744 2742/1110/2742 2743/1111/2743 
f 2716/1082/2716 2744/1113/2744 2727/1094/2727 2718/1084/2718 
f 2727/1094/2727 2744/1113/2744 2745/1114/2745 2729/1096/2729 
f 2746/1115/2746 2731/1098/2731 2728/1095/2728 2747/1116/2747 
f 2748/1117/2748 2746/1115/2746 2747/1116/2747 2749/1118/2749 
f 2750/1119/2750 2748/1117/2748 2749/1118/2749 2751/1120/2751 
f 2752/1121/2752 2750/1119/2750 2751/1120/2751 2753/1122/2753 
f 2746/1115/2746 2754/1123/2754 2733/1100/2733 2731/1098/2731 
f 2755/1124/2755 2754/1123/2754 2746/1115/2746 2748/1117/2748 
f 2756/1125/2756 2755/1124/2755 2748/1117/2748 2750/1119/2750 
f 2757/1126/2757 2756/1125/2756 2750/1119/2750 2752/1121/2752 
f 2754/1123/2754 2758/1127/2758 2735/1102/2735 2733/1100/2733 
f 2759/1128/2759 2758/1127/2758 2754/1123/2754 2755/1124/2755 
f 2760/1129/2760 2759/1128/2759 2755/1124/2755 2756/1125/2756 
f 2761/1130/2761 2760/1129/2760 2756/1125/2756 2757/1126/2757 
f 2762/1131/2762 2743/1111/2743 2741/1112/2741 2763/1132/2763 
f 2764/1133/2764 2763/1135/2763 2741/1108/2741 2765/1134/2765 
f 2766/1136/2766 2743/1111/2743 2762/1131/2762 2767/1137/2767 
f 2768/1138/2768 2766/1136/2766 2767/1137/2767 2769/1139/2769 
f 2766/1136/2766 2770/1140/2770 2745/1114/2745 2743/1111/2743 
f 2770/1140/2770 2771/1141/2771 2729/1096/2729 2745/1114/2745 
f 2772/1142/2772 2770/1140/2770 2766/1136/2766 2768/1138/2768 
f 2772/1142/2772 2773/1143/2773 2771/1141/2771 2770/1140/2770 
f 2747/1116/2747 2728/1095/2728 2729/1096/2729 2771/1141/2771 
f 2747/1116/2747 2771/1141/2771 2773/1143/2773 2749/1118/2749 
f 2749/1118/2749 2773/1143/2773 2772/1142/2772 2751/1120/2751 
f 2751/1120/2751 2772/1142/2772 2768/1138/2768 2753/1122/2753 
f 2774/1144/2774 2753/1122/2753 2768/1138/2768 2769/1139/2769 
f 2774/1144/2774 2775/1145/2775 2752/1121/2752 2753/1122/2753 
f 2775/1145/2775 2776/1146/2776 2757/1126/2757 2752/1121/2752 
f 2776/1146/2776 2777/1147/2777 2761/1130/2761 2757/1126/2757 
f 2778/1148/2778 2765/1134/2765 2741/1108/2741 2739/1106/2739 
f 2779/1149/2779 2778/1148/2778 2739/1106/2739 2737/1104/2737 
f 2735/1102/2735 2758/1127/2758 2779/1149/2779 2737/1104/2737 
f 2780/1150/2780 2765/1134/2765 2778/1148/2778 2781/1151/2781 
f 2782/1152/2782 2781/1151/2781 2778/1148/2778 2779/1149/2779 
f 2780/1150/2780 2783/1153/2783 2764/1133/2764 2765/1134/2765 
f 2780/1150/2780 2761/1130/2761 2777/1147/2777 2783/1153/2783 
f 2779/1149/2779 2758/1127/2758 2759/1128/2759 2782/1152/2782 
f 2782/1152/2782 2759/1128/2759 2760/1129/2760 2781/1151/2781 
f 2781/1151/2781 2760/1129/2760 2761/1130/2761 2780/1150/2780 
f 2784/1154/2784 2777/1157/2777 2776/1156/2776 2785/1155/2785 
f 2784/1154/2784 2786/1159/2786 2783/1158/2783 2777/1157/2777 
f 2787/1160/2787 2785/1155/2785 2776/1156/2776 2775/1161/2775 
f 2788/1162/2788 2789/1165/2789 2790/1164/2790 2791/1163/2791 
f 2792/1166/2792 2790/1164/2790 2789/1165/2789 2793/1167/2793 
f 2794/1168/2794 2792/1166/2792 2793/1167/2793 2795/1169/2795 
f 1032/1170/1032 2794/1168/2794 2795/1169/2795 1033/1171/1033 
f 2796/1172/2796 2788/1162/2788 2791/1163/2791 2797/1173/2797 
f 2798/1174/2798 2796/1172/2796 2797/1173/2797 2799/1175/2799 
f 2800/1176/2800 2798/1174/2798 2799/1175/2799 2801/1177/2801 
f 1040/1178/1040 2800/1176/2800 2801/1177/2801 1041/1179/1041 
f 2802/1180/2802 2800/1176/2800 1040/1178/1040 1043/1181/1043 
f 2803/1182/2803 2802/1180/2802 1043/1181/1043 1045/1183/1045 
f 2804/1184/2804 2802/1180/2802 2803/1182/2803 2805/1185/2805 
f 2806/1186/2806 2804/1184/2804 2805/1185/2805 2807/1187/2807 
f 2808/1188/2808 2806/1186/2806 2807/1187/2807 2809/1189/2809 
f 2804/1184/2804 2798/1174/2798 2800/1176/2800 2802/1180/2802 
f 2806/1186/2806 2796/1172/2796 2798/1174/2798 2804/1184/2804 
f 2808/1188/2808 2788/1162/2788 2796/1172/2796 2806/1186/2806 
f 2810/1190/2810 2803/1182/2803 1045/1183/1045 1053/1191/1053 
f 2811/1192/2811 2810/1190/2810 1053/1191/1053 1055/1193/1055 
f 2812/1194/2812 2811/1192/2811 1055/1193/1055 1057/1195/1057 
f 2813/1196/2813 2809/1189/2809 2807/1187/2807 2814/1197/2814 
f 2815/1198/2815 2813/1196/2813 2814/1197/2814 2816/1199/2816 
f 2817/1200/2817 2815/1198/2815 2816/1199/2816 2818/1201/2818 
f 2819/1202/2819 2818/1201/2818 2816/1199/2816 2820/1203/2820 
f 2820/1203/2820 2811/1192/2811 2812/1194/2812 2819/1202/2819 
f 2820/1203/2820 2821/1204/2821 2810/1190/2810 2811/1192/2811 
f 2803/1182/2803 2810/1190/2810 2821/1204/2821 2805/1185/2805 
f 2814/1197/2814 2821/1204/2821 2820/1203/2820 2816/1199/2816 
f 2805/1185/2805 2821/1204/2821 2814/1197/2814 2807/1187/2807 
f 2822/1205/2822 2812/1194/2812 1057/1195/1057 1068/1206/1068 
f 2823/1207/2823 2822/1205/2822 1068/1206/1068 1070/1208/1070 
f 2824/1209/2824 2823/1207/2823 1070/1208/1070 1072/1210/1072 
f 2825/1211/2825 2817/1200/2817 2818/1201/2818 2826/1212/2826 
f 2827/1213/2827 2825/1211/2825 2826/1212/2826 2828/1214/2828 
f 2829/1215/2829 2827/1213/2827 2828/1214/2828 2830/1216/2830 
f 2831/1217/2831 2830/1216/2830 2828/1214/2828 2832/1218/2832 
f 2832/1218/2832 2823/1207/2823 2824/1209/2824 2831/1217/2831 
f 2832/1218/2832 2833/1219/2833 2822/1205/2822 2823/1207/2823 
f 2812/1194/2812 2822/1205/2822 2833/1219/2833 2819/1202/2819 
f 2826/1212/2826 2833/1219/2833 2832/1218/2832 2828/1214/2828 
f 2826/1212/2826 2818/1201/2818 2819/1202/2819 2833/1219/2833 
f 2834/1220/2834 2829/1215/2829 2830/1216/2830 2835/1221/2835 
f 2836/1222/2836 2834/1220/2834 2835/1221/2835 2837/1223/2837 
f 2838/1224/2838 2835/1221/2835 2830/1216/2830 2831/1217/2831 
f 2839/1225/2839 2837/1223/2837 2835/1221/2835 2840/1226/2840 
f 1089/1227/1089 2839/1225/2839 2840/1226/2840 1090/1228/1090 
f 2841/1229/2841 2840/1226/2840 2835/1221/2835 2838/1224/2838 
f 2824/1209/2824 2841/1229/2841 2838/1224/2838 2831/1217/2831 
f 1092/1230/1092 2841/1229/2841 2824/1209/2824 1072/1210/1072 
f 2840/1226/2840 2841/1229/2841 1092/1230/1092 1090/1228/1090 
f 2842/1231/2842 2836/1222/2836 2837/1223/2837 2843/1232/2843 
f 2844/1233/2844 2842/1231/2842 2843/1232/2843 2845/1234/2845 
f 2846/1235/2846 2843/1232/2843 2837/1223/2837 2839/1225/2839 
f 2846/1235/2846 2847/1236/2847 2845/1234/2845 2843/1232/2843 
f 1099/1237/1099 2846/1235/2846 2839/1225/2839 1089/1227/1089 
f 1099/1237/1099 1100/1238/1100 2847/1236/2847 2846/1235/2846 
f 2848/1239/2848 2844/1233/2844 2845/1234/2845 2849/1240/2849 
f 2850/1241/2850 2848/1239/2848 2849/1240/2849 2851/1242/2851 
f 2852/1243/2852 2849/1240/2849 2845/1234/2845 2847/1236/2847 
f 2852/1243/2852 2853/1244/2853 2851/1242/2851 2849/1240/2849 
f 1107/1245/1107 2852/1243/2852 2847/1236/2847 1100/1238/1100 
f 1107/1245/1107 1108/1246/1108 2853/1244/2853 2852/1243/2852 
f 2854/1247/2854 2850/1241/2850 2851/1242/2851 2855/1248/2855 
f 2856/1249/2856 2854/1247/2854 2855/1248/2855 2857/1250/2857 
f 2858/1251/2858 2856/1249/2856 2857/1250/2857 2859/1252/2859 
f 2860/1253/2860 2858/1251/2858 2859/1252/2859 2861/1254/2861 
f 2862/1255/2862 2855/1248/2855 2851/1242/2851 2853/1244/2853 
f 1118/1256/1118 2862/1255/2862 2853/1244/2853 1108/1246/1108 
f 2862/1255/2862 2863/1257/2863 2857/1250/2857 2855/1248/2855 
f 1120/1258/1120 2863/1257/2863 2862/1255/2862 1118/1256/1118 
f 2863/1257/2863 2864/1259/2864 2859/1252/2859 2857/1250/2857 
f 1122/1260/1122 2864/1259/2864 2863/1257/2863 1120/1258/1120 
f 2864/1259/2864 2865/1261/2865 2861/1254/2861 2859/1252/2859 
f 2866/1262/2866 2860/1253/2860 2861/1254/2861 2867/1263/2867 
f 1126/1264/1126 2866/1262/2866 2867/1263/2867 1127/1265/1127 
f 1128/1266/1128 2865/1261/2865 2864/1259/2864 1122/1260/1122 
f 2868/1267/2868 2867/1263/2867 2861/1254/2861 2865/1261/2865 
f 2868/1267/2868 1130/1268/1130 1127/1265/1127 2867/1263/2867 
f 2868/1267/2868 2865/1261/2865 1128/1266/1128 1130/1268/1130 
f 2869/1269/2869 2808/1188/2808 2809/1189/2809 2870/1270/2870 
f 2871/1271/2871 2869/1269/2869 2870/1270/2870 2872/1272/2872 
f 2873/1273/2873 2871/1271/2871 2872/1272/2872 2874/1274/2874 
f 2869/1269/2869 2789/1165/2789 2788/1162/2788 2808/1188/2808 
f 2875/1275/2875 2789/1165/2789 2869/1269/2869 2871/1271/2871 
f 2876/1276/2876 2875/1275/2875 2871/1271/2871 2873/1273/2873 
f 2875/1275/2875 2877/1277/2877 2793/1167/2793 2789/1165/2789 
f 2878/1278/2878 2877/1277/2877 2875/1275/2875 2876/1276/2876 
f 2877/1277/2877 2879/1279/2879 2795/1169/2795 2793/1167/2793 
f 2880/1280/2880 2879/1279/2879 2877/1277/2877 2878/1278/2878 
f 2881/1281/2881 2873/1273/2873 2874/1274/2874 2882/1282/2882 
f 1145/1283/1145 2881/1281/2881 2882/1282/2882 1146/1284/1146 
f 2881/1281/2881 2883/1285/2883 2876/1276/2876 2873/1273/2873 
f 2876/1276/2876 2883/1285/2883 2880/1280/2880 2878/1278/2878 
f 1148/1286/1148 2883/1285/2883 2881/1281/2881 1145/1283/1145 
f 1148/1286/1148 1149/1287/1149 2880/1280/2880 2883/1285/2883 
f 1149/1287/1149 1150/1288/1150 2879/1279/2879 2880/1280/2880 
f 2795/1169/2795 2879/1279/2879 1150/1288/1150 1033/1171/1033 
f 2884/1289/2884 2836/1222/2836 2842/1231/2842 2885/1290/2885 
f 2886/1291/2886 2884/1289/2884 2885/1290/2885 2887/1292/2887 
f 2888/1293/2888 2886/1291/2886 2887/1292/2887 2889/1294/2889 
f 2890/1295/2890 2888/1293/2888 2889/1294/2889 2891/1296/2891 
f 1159/1297/1159 2890/1295/2890 2891/1296/2891 1160/1298/1160 
f 2884/1289/2884 2892/1299/2892 2834/1220/2834 2836/1222/2836 
f 2892/1299/2892 2893/1300/2893 2829/1215/2829 2834/1220/2834 
f 2893/1300/2893 2894/1301/2894 2827/1213/2827 2829/1215/2829 
f 2894/1301/2894 2895/1302/2895 2825/1211/2825 2827/1213/2827 
f 2895/1302/2895 2896/1303/2896 2817/1200/2817 2825/1211/2825 
f 2896/1303/2896 2897/1304/2897 2815/1198/2815 2817/1200/2817 
f 2897/1304/2897 2898/1305/2898 2813/1196/2813 2815/1198/2815 
f 2870/1270/2870 2809/1189/2809 2813/1196/2813 2898/1305/2898 
f 1168/1306/1168 2899/1309/2899 2900/1308/2900 1169/1307/1169 
f 1172/1310/1172 2901/1311/2901 2890/1295/2890 1159/1297/1159 
f 1174/1312/1174 2902/1313/2902 2901/1311/2901 1172/1310/1172 
f 1176/1314/1176 2903/1315/2903 2902/1313/2902 1174/1312/1174 
f 1169/1307/1169 2900/1308/2900 2903/1315/2903 1176/1314/1176 
f 2904/1316/2904 1179/1317/1179 1146/1284/1146 2882/1282/2882 
f 2905/1318/2905 1181/1319/1181 1179/1317/1179 2904/1316/2904 
f 2899/1309/2899 1168/1306/1168 1181/1319/1181 2905/1318/2905 
f 2888/1293/2888 2906/1321/2906 2907/1320/2907 2886/1291/2886 
f 2906/1321/2906 2908/1323/2908 2909/1322/2909 2907/1320/2907 
f 2908/1323/2908 2910/1325/2910 2911/1324/2911 2909/1322/2909 
f 2910/1325/2910 2912/1327/2912 2913/1326/2913 2911/1324/2911 
f 2912/1327/2912 2914/1329/2914 2915/1328/2915 2913/1326/2913 
f 2914/1329/2914 2916/1331/2916 2917/1330/2917 2915/1328/2915 
f 2916/1331/2916 2918/1333/2918 2919/1332/2919 2917/1330/2917 
f 2918/1333/2918 2874/1274/2874 2872/1272/2872 2919/1332/2919 
f 2886/1291/2886 2907/1320/2907 2892/1299/2892 2884/1289/2884 
f 2906/1321/2906 2888/1293/2888 2890/1295/2890 2901/1311/2901 
f 2907/1320/2907 2909/1322/2909 2893/1300/2893 2892/1299/2892 
f 2908/1323/2908 2906/1321/2906 2901/1311/2901 2902/1313/2902 
f 2909/1322/2909 2911/1324/2911 2894/1301/2894 2893/1300/2893 
f 2910/1325/2910 2908/1323/2908 2902/1313/2902 2903/1315/2903 
f 2911/1324/2911 2913/1326/2913 2895/1302/2895 2894/1301/2894 
f 2912/1327/2912 2910/1325/2910 2903/1315/2903 2900/1308/2900 
f 2913/1326/2913 2915/1328/2915 2896/1303/2896 2895/1302/2895 
f 2914/1329/2914 2912/1327/2912 2900/1308/2900 2899/1309/2899 
f 2915/1328/2915 2917/1330/2917 2897/1304/2897 2896/1303/2896 
f 2916/1331/2916 2914/1329/2914 2899/1309/2899 2905/1318/2905 
f 2917/1330/2917 2919/1332/2919 2898/1305/2898 2897/1304/2897 
f 2918/1333/2918 2916/1331/2916 2905/1318/2905 2904/1316/2904 
f 2919/1332/2919 2872/1272/2872 2870/1270/2870 2898/1305/2898 
f 2874/1274/2874 2918/1333/2918 2904/1316/2904 2882/1282/2882 
f 2920/1334/2920 2866/1262/2866 1126/1264/1126 1197/1335/1197 
f 2920/1334/2920 2921/1336/2921 2860/1253/2860 2866/1262/2866 
f 2921/1336/2921 2922/1337/2922 2858/1251/2858 2860/1253/2860 
f 2923/1338/2923 2885/1290/2885 2842/1231/2842 2844/1233/2844 
f 2924/1339/2924 2923/1338/2923 2844/1233/2844 2848/1239/2848 
f 2925/1340/2925 2924/1339/2924 2848/1239/2848 2850/1241/2850 
f 2926/1341/2926 2925/1340/2925 2850/1241/2850 2854/1247/2854 
f 2927/1342/2927 2926/1341/2926 2854/1247/2854 2856/1249/2856 
f 2927/1342/2927 2856/1249/2856 2858/1251/2858 2922/1337/2922 
f 2928/1343/2928 2921/1336/2921 2920/1334/2920 2929/1344/2929 
f 2930/1345/2930 2928/1343/2928 2929/1344/2929 2931/1346/2931 
f 2932/1347/2932 2930/1345/2930 2931/1346/2931 2933/1348/2933 
f 1211/1349/1211 2932/1347/2932 2933/1348/2933 1212/1350/1212 
f 1213/1351/1213 2934/1354/2934 2935/1353/2935 1214/1352/1214 
f 1217/1355/1217 2936/1356/2936 2932/1347/2932 1211/1349/1211 
f 1219/1357/1219 2937/1358/2937 2936/1356/2936 1217/1355/1217 
f 1214/1352/1214 2935/1353/2935 2937/1358/2937 1219/1357/1219 
f 2938/1359/2938 1222/1360/1222 1160/1298/1160 2891/1296/2891 
f 2939/1361/2939 1224/1362/1224 1222/1360/1222 2938/1359/2938 
f 2934/1354/2934 1213/1351/1213 1224/1362/1224 2939/1361/2939 
f 2930/1345/2930 2940/1364/2940 2941/1363/2941 2928/1343/2928 
f 2940/1364/2940 2942/1366/2942 2943/1365/2943 2941/1363/2941 
f 2942/1366/2942 2944/1368/2944 2945/1367/2945 2943/1365/2943 
f 2944/1368/2944 2946/1370/2946 2947/1369/2947 2945/1367/2945 
f 2946/1370/2946 2948/1372/2948 2949/1371/2949 2947/1369/2947 
f 2948/1372/2948 2950/1374/2950 2951/1373/2951 2949/1371/2949 
f 2950/1374/2950 2889/1294/2889 2887/1292/2887 2951/1373/2951 
f 2928/1343/2928 2941/1363/2941 2922/1337/2922 2921/1336/2921 
f 2940/1364/2940 2930/1345/2930 2932/1347/2932 2936/1356/2936 
f 2941/1363/2941 2943/1365/2943 2927/1342/2927 2922/1337/2922 
f 2942/1366/2942 2940/1364/2940 2936/1356/2936 2937/1358/2937 
f 2943/1365/2943 2945/1367/2945 2926/1341/2926 2927/1342/2927 
f 2944/1368/2944 2942/1366/2942 2937/1358/2937 2935/1353/2935 
f 2945/1367/2945 2947/1369/2947 2925/1340/2925 2926/1341/2926 
f 2946/1370/2946 2944/1368/2944 2935/1353/2935 2934/1354/2934 
f 2947/1369/2947 2949/1371/2949 2924/1339/2924 2925/1340/2925 
f 2948/1372/2948 2946/1370/2946 2934/1354/2934 2939/1361/2939 
f 2949/1371/2949 2951/1373/2951 2923/1338/2923 2924/1339/2924 
f 2950/1374/2950 2948/1372/2948 2939/1361/2939 2938/1359/2938 
f 2951/1373/2951 2887/1292/2887 2885/1290/2885 2923/1338/2923 
f 2889/1294/2889 2950/1374/2950 2938/1359/2938 2891/1296/2891 
f 2952/1375/2952 2920/1334/2920 1197/1335/1197 1238/1376/1238 
f 2953/1377/2953 2952/1375/2952 1238/1376/1238 1240/1378/1240 
f 2954/1379/2954 2953/1377/2953 1240/1378/1240 1242/1380/1242 
f 2955/1381/2955 2954/1379/2954 1242/1380/1242 1244/1382/1244 
f 2956/1383/2956 2957/1384/2957 2954/1379/2954 2955/1381/2955 
f 2958/1385/2958 2957/1384/2957 2956/1383/2956 2959/1386/2959 
f 2960/1387/2960 2958/1385/2958 2959/1386/2959 2961/1388/2961 
f 1251/1389/1251 2960/1387/2960 2961/1388/2961 1252/1390/1252 
f 1253/1391/1253 1252/1390/1252 2961/1388/2961 2962/1392/2962 
f 2963/1393/2963 2955/1381/2955 1244/1382/1244 1256/1394/1256 
f 1256/1394/1256 1253/1391/1253 2962/1392/2962 2963/1393/2963 
f 2963/1393/2963 2964/1395/2964 2956/1383/2956 2955/1381/2955 
f 2965/1396/2965 2964/1395/2964 2963/1393/2963 2962/1392/2962 
f 2962/1392/2962 2961/1388/2961 2959/1386/2959 2965/1396/2965 
f 2956/1383/2956 2964/1395/2964 2965/1396/2965 2959/1386/2959 
f 2952/1375/2952 2966/1397/2966 2929/1344/2929 2920/1334/2920 
f 2967/1398/2967 2966/1397/2966 2952/1375/2952 2953/1377/2953 
f 2967/1398/2967 2953/1377/2953 2954/1379/2954 2957/1384/2957 
f 2968/1399/2968 2967/1398/2967 2957/1384/2957 2958/1385/2958 
f 2968/1399/2968 2969/1400/2969 2966/1397/2966 2967/1398/2967 
f 2929/1344/2929 2966/1397/2966 2969/1400/2969 2931/1346/2931 
f 2970/1401/2970 2968/1399/2968 2958/1385/2958 2960/1387/2960 
f 2970/1401/2970 2971/1402/2971 2969/1400/2969 2968/1399/2968 
f 2931/1346/2931 2969/1400/2969 2971/1402/2971 2933/1348/2933 
f 1265/1403/1265 2970/1401/2970 2960/1387/2960 1251/1389/1251 
f 1265/1403/1265 1266/1404/1266 2971/1402/2971 2970/1401/2970 
f 2933/1348/2933 2971/1402/2971 1266/1404/1266 1212/1350/1212 
f 2972/1405/2972 2973/1408/2973 2790/1407/2790 2792/1406/2792 
f 2974/1409/2974 2972/1405/2972 2792/1406/2792 2794/1410/2794 
f 1270/1411/1270 2974/1409/2974 2794/1410/2794 1032/1412/1032 
f 2975/1413/2975 2974/1409/2974 1270/1411/1270 1272/1414/1272 
f 2975/1413/2975 2976/1415/2976 2972/1405/2972 2974/1409/2974 
f 2976/1415/2976 2977/1416/2977 2973/1408/2973 2972/1405/2972 
f 2978/1417/2978 2762/1420/2762 2763/1419/2763 2979/1418/2979 
f 2762/1420/2762 2978/1417/2978 2973/1408/2973 2977/1416/2977 
f 2790/1407/2790 2973/1408/2973 2978/1417/2978 2791/1421/2791 
f 2791/1421/2791 2978/1417/2978 2979/1418/2979 2797/1422/2797 
f 2979/1418/2979 2980/1424/2980 2799/1423/2799 2797/1422/2797 
f 2979/1418/2979 2763/1419/2763 2764/1425/2764 2980/1424/2980 
f 2980/1424/2980 2764/1425/2764 2783/1158/2783 2786/1159/2786 
f 2980/1424/2980 2981/1427/2981 2801/1426/2801 2799/1423/2799 
f 2981/1427/2981 1279/1429/1279 1041/1428/1041 2801/1426/2801 
f 2977/1416/2977 2982/1431/2982 2767/1430/2767 2762/1420/2762 
f 2982/1431/2982 2983/1433/2983 2769/1432/2769 2767/1430/2767 
f 2984/1434/2984 2787/1160/2787 2775/1161/2775 2985/1435/2985 
f 2986/1436/2986 2985/1435/2985 2775/1161/2775 2774/1437/2774 
f 2986/1436/2986 2987/1438/2987 2984/1434/2984 2985/1435/2985 
f 2769/1432/2769 2983/1433/2983 2986/1436/2986 2774/1437/2774 
f 2983/1433/2983 2988/1439/2988 2987/1438/2987 2986/1436/2986 
f 2989/1440/2989 2988/1439/2988 2983/1433/2983 2990/1441/2990 
f 2991/1442/2991 2990/1441/2990 2983/1433/2983 2982/1431/2982 
f 2976/1415/2976 2991/1442/2991 2982/1431/2982 2977/1416/2977 
f 2992/1443/2992 2991/1442/2991 2976/1415/2976 2975/1413/2975 
f 1291/1444/1291 2992/1443/2992 2975/1413/2975 1272/1414/1272 
f 2992/1443/2992 2993/1445/2993 2990/1441/2990 2991/1442/2991 
f 1293/1446/1293 2993/1445/2993 2992/1443/2992 1291/1444/1291 
f 2993/1445/2993 2994/1447/2994 2989/1440/2989 2990/1441/2990 
f 1295/1448/1295 2994/1447/2994 2993/1445/2993 1293/1446/1293 
f 2995/1449/2995 2981/1427/2981 2980/1424/2980 2786/1159/2786 
f 2995/1449/2995 1297/1450/1297 1279/1429/1279 2981/1427/2981 
f 2996/1451/2996 2987/1438/2987 2988/1439/2988 2997/1452/2997 
f 2998/1453/2998 2996/1451/2996 2997/1452/2997 2999/1454/2999 
f 3000/1455/3000 2392/695/2392 2394/697/2394 3001/1456/3001 
f 3002/1457/3002 2997/1452/2997 2988/1439/2988 2989/1440/2989 
f 3003/1458/3003 3002/1457/3002 2989/1440/2989 2994/1447/2994 
f 1306/1459/1306 3003/1458/3003 2994/1447/2994 1295/1448/1295 
f 3004/1460/3004 2374/678/2374 2377/676/2377 3005/1461/3005 
f 1309/1462/1309 3004/1460/3004 3005/1461/3005 1310/1463/1310 
f 3004/1464/3004 3006/1465/3006 2373/668/2373 2374/669/2374 
f 1312/1466/1312 3006/1465/3006 3004/1464/3004 1309/1467/1309 
f 3006/1465/3006 3007/1468/3007 2407/713/2407 2373/668/2373 
f 1314/1469/1314 3007/1468/3007 3006/1465/3006 1312/1466/1312 
f 1314/1469/1314 631/700/631 2407/713/2407 3007/1468/3007 
f 3008/1470/3008 3002/1457/3002 3003/1458/3003 3009/1471/3009 
f 2997/1452/2997 3002/1457/3002 3008/1470/3008 2999/1454/2999 
f 3010/1472/3010 2390/693/2390 2392/695/2392 3000/1455/3000 
f 1318/1473/1318 3009/1471/3009 3003/1458/3003 1306/1459/1306 
f 3011/1474/3011 2388/691/2388 2390/693/2390 3010/1472/3010 
f 3011/1474/3011 3012/1475/3012 2387/690/2387 2388/691/2388 
f 3013/1476/3013 3005/1461/3005 2377/676/2377 2385/688/2385 
f 3013/1476/3013 2385/688/2385 2387/690/2387 3012/1475/3012 
f 3013/1476/3013 1322/1477/1322 1310/1463/1310 3005/1461/3005 
f 1323/1478/1323 1322/1477/1322 3013/1476/3013 3012/1475/3012 
f 3012/1475/3012 3009/1471/3009 1318/1473/1318 1323/1478/1323 
f 3012/1475/3012 3011/1474/3011 3008/1470/3008 3009/1471/3009 
f 3000/1455/3000 2998/1453/2998 2999/1454/2999 3010/1472/3010 
f 2999/1454/2999 3008/1470/3008 3011/1474/3011 3010/1472/3010 
f 2996/1451/2996 3014/1479/3014 2984/1434/2984 2987/1438/2987 
f 3015/1480/3015 3014/1479/3014 2996/1451/2996 2998/1453/2998 
f 3015/1480/3015 2998/1453/2998 3000/1455/3000 3001/1456/3001 
f 3014/1479/3014 3016/1481/3016 2787/1160/2787 2984/1434/2984 
f 3017/1482/3017 3016/1481/3016 3014/1479/3014 3015/1480/3015 
f 3018/1483/3018 3017/1482/3017 3015/1480/3015 3001/1456/3001 
f 3019/1484/3019 3018/1483/3018 3001/1456/3001 2394/697/2394 
f 3016/1481/3016 3020/1485/3020 2785/1155/2785 2787/1160/2787 
f 3021/1486/3021 3020/1485/3020 3016/1481/3016 3017/1482/3017 
f 3022/1487/3022 3021/1486/3021 3017/1482/3017 3018/1483/3018 
f 3023/1488/3023 3022/1487/3022 3018/1483/3018 3019/1484/3019 
f 3024/1489/3024 3022/1487/3022 3023/1488/3023 3025/1490/3025 
f 3024/1489/3024 3026/1491/3026 3021/1486/3021 3022/1487/3022 
f 3026/1491/3026 3027/1492/3027 3020/1485/3020 3021/1486/3021 
f 3020/1485/3020 3028/1493/3028 2784/1154/2784 2785/1155/2785 
f 3028/1493/3028 3029/1494/3029 2786/1159/2786 2784/1154/2784 
f 3029/1494/3029 3030/1495/3030 2995/1449/2995 2786/1159/2786 
f 3030/1495/3030 1341/1496/1341 1297/1450/1297 2995/1449/2995 
f 1342/1497/1342 1341/1496/1341 3030/1495/3030 3031/1498/3031 
f 3032/1499/3032 3031/1498/3031 3030/1495/3030 3029/1494/3029 
f 3033/1500/3033 3032/1499/3032 3029/1494/3029 3028/1493/3028 
f 3028/1493/3028 3020/1485/3020 3027/1492/3027 3033/1500/3033 
f 3034/1501/3034 3019/1484/3019 2394/697/2394 2393/696/2393 
f 3034/1501/3034 3035/1502/3035 3023/1488/3023 3019/1484/3019 
f 3036/1503/3036 3023/1488/3023 3035/1502/3035 3037/1504/3037 
f 3036/1503/3036 3038/1505/3038 3025/1490/3025 3023/1488/3023 
f 3039/1506/3039 3025/1490/3025 3038/1505/3038 3040/1507/3040 
f 3041/1508/3041 3037/1504/3037 3035/1502/3035 3042/1509/3042 
f 3043/1510/3043 3042/1509/3042 3035/1502/3035 3034/1501/3034 
f 3044/1511/3044 3041/1508/3041 3042/1509/3042 3045/1512/3045 
f 2384/687/2384 3043/1510/3043 3034/1501/3034 2393/696/2393 
f 3046/1513/3046 3045/1512/3045 3042/1509/3042 3043/1510/3043 
f 3047/1514/3047 3046/1513/3046 3043/1510/3043 2384/687/2384 
f 2384/687/2384 2379/679/2379 2380/681/2380 3047/1514/3047 
f 3048/1515/3048 3044/1511/3044 3045/1512/3045 3049/1516/3049 
f 3050/1517/3050 3049/1516/3049 3045/1512/3045 3046/1513/3046 
f 3051/1518/3051 3050/1517/3050 3046/1513/3046 3047/1514/3047 
f 3047/1514/3047 2380/681/2380 2381/683/2381 3051/1518/3051 
f 3052/1519/3052 3039/1506/3039 3040/1507/3040 3053/1520/3053 
f 3054/1521/3054 3052/1519/3052 3053/1520/3053 3055/1522/3055 
f 1368/1523/1368 3054/1521/3054 3055/1522/3055 1369/1524/1369 
f 3056/1525/3056 2100/315/2100 2103/318/2103 3057/1526/3057 
f 1372/1527/1372 3057/1526/3057 2103/318/2103 315/319/315 
f 1372/1527/1372 1373/1528/1373 3056/1525/3056 3057/1526/3057 
f 3058/1529/3058 3056/1525/3056 1373/1528/1373 1375/1530/1375 
f 3058/1529/3058 3059/1531/3059 2100/315/2100 3056/1525/3056 
f 3059/1531/3059 3060/1532/3060 2099/314/2099 2100/315/2100 
f 3060/1532/3060 3061/1533/3061 2415/721/2415 2099/314/2099 
f 3062/1534/3062 3044/1511/3044 3048/1515/3048 3063/1535/3063 
f 3064/1536/3064 3065/1537/3065 3062/1534/3062 3063/1535/3063 
f 3066/1538/3066 3067/1539/3067 3061/1533/3061 3060/1532/3060 
f 3068/1540/3068 3066/1538/3066 3060/1532/3060 3059/1531/3059 
f 3069/1541/3069 3055/1522/3055 3053/1520/3053 3070/1542/3070 
f 3071/1543/3071 3069/1541/3069 3070/1542/3070 3072/1544/3072 
f 3069/1541/3069 1390/1545/1390 1369/1524/1369 3055/1522/3055 
f 1391/1546/1391 1390/1545/1390 3069/1541/3069 3071/1543/3071 
f 3073/1547/3073 3070/1542/3070 3053/1520/3053 3040/1507/3040 
f 3073/1547/3073 3074/1548/3074 3072/1544/3072 3070/1542/3070 
f 3075/1549/3075 3073/1547/3073 3040/1507/3040 3038/1505/3038 
f 3075/1549/3075 3076/1550/3076 3074/1548/3074 3073/1547/3073 
f 3077/1551/3077 3075/1549/3075 3038/1505/3038 3036/1503/3036 
f 3077/1551/3077 3078/1552/3078 3076/1550/3076 3075/1549/3075 
f 3079/1553/3079 3077/1551/3077 3036/1503/3036 3037/1504/3037 
f 3080/1554/3080 3079/1553/3079 3037/1504/3037 3041/1508/3041 
f 3080/1554/3080 3041/1508/3041 3044/1511/3044 3062/1534/3062 
f 3081/1555/3081 3080/1554/3080 3062/1534/3062 3065/1537/3065 
f 3081/1555/3081 3082/1556/3082 3079/1553/3079 3080/1554/3080 
f 3077/1551/3077 3079/1553/3079 3082/1556/3082 3078/1552/3078 
f 3083/1557/3083 3068/1540/3068 3059/1531/3059 3058/1529/3058 
f 1403/1558/1403 3083/1557/3083 3058/1529/3058 1375/1530/1375 
f 3084/1559/3084 3083/1557/3083 1403/1558/1403 1405/1560/1405 
f 3085/1561/3085 3084/1559/3084 1405/1560/1405 1407/1562/1407 
f 3086/1563/3086 3085/1561/3085 1407/1562/1407 1409/1564/1409 
f 3071/1543/3071 3086/1563/3086 1409/1564/1409 1391/1546/1391 
f 3087/1565/3087 3086/1563/3086 3071/1543/3071 3072/1544/3072 
f 3087/1565/3087 3088/1566/3088 3085/1561/3085 3086/1563/3086 
f 3088/1566/3088 3089/1567/3089 3084/1559/3084 3085/1561/3085 
f 3089/1567/3089 3068/1540/3068 3083/1557/3083 3084/1559/3084 
f 3089/1567/3089 3090/1568/3090 3066/1538/3066 3068/1540/3068 
f 3091/1569/3091 3090/1568/3090 3089/1567/3089 3088/1566/3088 
f 3092/1570/3092 3087/1565/3087 3072/1544/3072 3074/1548/3074 
f 3093/1571/3093 3092/1570/3092 3074/1548/3074 3076/1550/3076 
f 3087/1565/3087 3092/1570/3092 3091/1569/3091 3088/1566/3088 
f 3094/1572/3094 3091/1569/3091 3092/1570/3092 3093/1571/3093 
f 3094/1572/3094 3095/1573/3095 3090/1568/3090 3091/1569/3091 
f 3095/1573/3095 3067/1539/3067 3066/1538/3066 3090/1568/3090 
f 3096/1574/3096 3093/1571/3093 3076/1550/3076 3078/1552/3078 
f 3096/1574/3096 3097/1575/3097 3094/1572/3094 3093/1571/3093 
f 3096/1574/3096 3078/1552/3078 3082/1556/3082 3097/1575/3097 
f 3098/1576/3098 3097/1575/3097 3082/1556/3082 3081/1555/3081 
f 3094/1572/3094 3097/1575/3097 3098/1576/3098 3095/1573/3095 
f 3098/1576/3098 3099/1577/3099 3067/1539/3067 3095/1573/3095 
f 3081/1555/3081 3065/1537/3065 3099/1577/3099 3098/1576/3098 
f 3039/1506/3039 3100/1578/3100 3024/1489/3024 3025/1490/3025 
f 3100/1578/3100 3101/1579/3101 3026/1491/3026 3024/1489/3024 
f 3101/1579/3101 3102/1580/3102 3027/1492/3027 3026/1491/3026 
f 3102/1580/3102 3103/1581/3103 3033/1500/3033 3027/1492/3027 
f 3103/1581/3103 3104/1582/3104 3032/1499/3032 3033/1500/3033 
f 3104/1582/3104 3105/1583/3105 3031/1498/3031 3032/1499/3032 
f 3105/1583/3105 1429/1584/1429 1342/1497/1342 3031/1498/3031 
f 3106/1585/3106 3104/1582/3104 3103/1581/3103 3102/1580/3102 
f 3106/1585/3106 3107/1586/3107 3105/1583/3105 3104/1582/3104 
f 3107/1586/3107 1432/1587/1432 1429/1584/1429 3105/1583/3105 
f 1433/1588/1433 1432/1587/1432 3107/1586/3107 3108/1589/3108 
f 1435/1590/1435 1433/1588/1433 3108/1589/3108 3109/1591/3109 
f 3109/1591/3109 3054/1521/3054 1368/1523/1368 1435/1590/1435 
f 3110/1592/3110 3108/1589/3108 3107/1586/3107 3106/1585/3106 
f 3101/1579/3101 3110/1592/3110 3106/1585/3106 3102/1580/3102 
f 3111/1593/3111 3110/1592/3110 3101/1579/3101 3100/1578/3100 
f 3108/1589/3108 3110/1592/3110 3111/1593/3111 3109/1591/3109 
f 3111/1593/3111 3052/1519/3052 3054/1521/3054 3109/1591/3109 
f 3100/1578/3100 3039/1506/3039 3052/1519/3052 3111/1593/3111 
f 3112/1594/3112 2183/451/2183 2184/450/2184 3113/1595/3113 
f 3114/1596/3114 3112/1594/3112 3113/1595/3113 3115/1597/3115 
f 3116/1598/3116 3114/1596/3114 3115/1597/3115 3117/1599/3117 
f 3118/1600/3118 3116/1598/3116 3117/1599/3117 3119/1601/3119 
f 3120/1602/3120 3118/1600/3118 3119/1601/3119 3121/1603/3121 
f 3122/1604/3122 3120/1602/3120 3121/1603/3121 3123/1605/3123 
f 3124/1606/3124 3123/1605/3123 3121/1603/3121 3119/1601/3119 
f 3125/1607/3125 3124/1606/3124 3119/1601/3119 3117/1599/3117 
f 3126/1608/3126 3125/1607/3125 3117/1599/3117 3115/1597/3115 
f 3127/1609/3127 3126/1608/3126 3115/1597/3115 3113/1595/3113 
f 3128/1610/3128 3127/1609/3127 3113/1595/3113 2184/450/2184 
f 3122/1604/3122 3129/1611/3129 3118/1600/3118 3120/1602/3120 
f 3129/1611/3129 3130/1612/3130 3116/1598/3116 3118/1600/3118 
f 3130/1612/3130 3131/1613/3131 3114/1596/3114 3116/1598/3116 
f 3132/1614/3132 3122/1616/3122 3123/1605/3123 3133/1615/3133 
f 3132/1614/3132 3134/1618/3134 3129/1617/3129 3122/1616/3122 
f 3135/1619/3135 3133/1615/3133 3123/1605/3123 3124/1606/3124 
f 3134/1618/3134 3132/1614/3132 3133/1615/3133 3135/1619/3135 
f 3136/1620/3136 3135/1619/3135 3124/1606/3124 3125/1607/3125 
f 3137/1621/3137 3136/1620/3136 3125/1607/3125 3126/1608/3126 
f 3136/1620/3136 3138/1622/3138 3134/1618/3134 3135/1619/3135 
f 3139/1623/3139 3138/1622/3138 3136/1620/3136 3137/1621/3137 
f 3129/1617/3129 3134/1618/3134 3138/1622/3138 3130/1624/3130 
f 3130/1624/3130 3138/1622/3138 3139/1623/3139 3131/1625/3131 
f 3140/1626/3140 3137/1621/3137 3126/1608/3126 3127/1609/3127 
f 3141/1627/3141 3140/1626/3140 3127/1609/3127 3128/1610/3128 
f 3140/1626/3140 3142/1628/3142 3139/1623/3139 3137/1621/3137 
f 3143/1629/3143 3142/1628/3142 3140/1626/3140 3141/1627/3141 
f 3142/1628/3142 3144/1630/3144 3131/1625/3131 3139/1623/3139 
f 3144/1631/3144 3112/1594/3112 3114/1596/3114 3131/1613/3131 
f 3144/1632/3144 3145/1634/3145 2183/448/2183 3112/1633/3112 
f 3144/1635/3144 3142/1638/3142 3143/1637/3143 3145/1636/3145 
f 3146/1639/3146 3143/1629/3143 3141/1627/3141 3147/1640/3147 
f 3148/1641/3148 3146/1639/3146 3147/1640/3147 3149/1642/3149 
f 3150/1643/3150 3148/1641/3148 3149/1642/3149 3151/1644/3151 
f 3152/1645/3152 3150/1643/3150 3151/1644/3151 3153/1646/3153 
f 3154/1647/3154 3152/1645/3152 3153/1646/3153 3155/1648/3155 
f 3156/1649/3156 3154/1647/3154 3155/1648/3155 3157/1650/3157 
f 3158/1651/3158 3157/1650/3157 3155/1648/3155 3153/1646/3153 
f 3159/1652/3159 3158/1651/3158 3153/1646/3153 3151/1644/3151 
f 3160/1653/3160 3159/1652/3159 3151/1644/3151 3149/1642/3149 
f 3156/1649/3156 3161/1654/3161 3152/1645/3152 3154/1647/3154 
f 3161/1654/3161 3162/1655/3162 3150/1643/3150 3152/1645/3152 
f 3162/1655/3162 3163/1656/3163 3148/1641/3148 3150/1643/3150 
f 3163/1656/3163 3164/1657/3164 3146/1639/3146 3148/1641/3148 
f 3165/1658/3165 3160/1653/3160 3149/1642/3149 3147/1640/3147 
f 3166/1659/3166 3159/1652/3159 3160/1653/3160 3167/1660/3167 
f 3168/1661/3168 3163/1664/3163 3162/1663/3162 3169/1662/3169 
f 3169/1662/3169 3166/1659/3166 3167/1660/3167 3168/1661/3168 
f 3170/1665/3170 3169/1662/3169 3162/1663/3162 3161/1666/3161 
f 3170/1665/3170 3171/1667/3171 3166/1659/3166 3169/1662/3169 
f 3171/1667/3171 3158/1651/3158 3159/1652/3159 3166/1659/3166 
f 3171/1667/3171 3172/1668/3172 3157/1650/3157 3158/1651/3158 
f 3172/1668/3172 3173/1670/3173 3156/1669/3156 3157/1650/3157 
f 3170/1665/3170 3173/1670/3173 3172/1668/3172 3171/1667/3171 
f 3156/1669/3156 3173/1670/3173 3170/1665/3170 3161/1666/3161 
f 3174/1671/3174 3167/1660/3167 3160/1653/3160 3165/1658/3165 
f 3174/1671/3174 3175/1672/3175 3168/1661/3168 3167/1660/3167 
f 3163/1664/3163 3168/1661/3168 3175/1672/3175 3164/1673/3164 
f 3164/1673/3164 3176/1675/3176 3143/1637/3143 3146/1674/3146 
f 3177/1676/3177 3176/1675/3176 3164/1673/3164 3175/1672/3175 
f 3178/1677/3178 3177/1676/3177 3175/1672/3175 3174/1671/3174 
f 3179/1678/3179 3165/1658/3165 3147/1640/3147 3141/1627/3141 
f 3165/1658/3165 3179/1678/3179 3178/1677/3178 3174/1671/3174 
f 3180/1679/3180 3179/1678/3179 3141/1627/3141 3181/1680/3181 
f 3180/1679/3180 3182/1681/3182 3178/1677/3178 3179/1678/3179 
f 3182/1681/3182 3183/1682/3183 3177/1676/3177 3178/1677/3178 
f 3183/1682/3183 3184/1683/3184 3176/1675/3176 3177/1676/3177 
f 3184/1683/3184 3185/1684/3185 3143/1637/3143 3176/1675/3176 
f 3185/1684/3185 3186/1685/3186 3145/1636/3145 3143/1637/3143 
f 3186/1686/3186 3187/1687/3187 2183/448/2183 3145/1634/3145 
f 3187/1687/3187 3188/1688/3188 2182/447/2182 2183/448/2183 
f 3188/1688/3188 3189/1689/3189 2185/452/2185 2182/447/2182 
f 3189/1689/3189 3190/1690/3190 2186/453/2186 2185/452/2185 
f 3190/1690/3190 3191/1691/3191 2188/455/2188 2186/453/2186 
f 3191/1691/3191 3192/1692/3192 2184/450/2184 2188/455/2188 
f 3192/1692/3192 3193/1693/3193 3128/1610/3128 2184/450/2184 
f 3128/1610/3128 3193/1693/3193 3181/1680/3181 3141/1627/3141 
f 3194/1694/3194 3184/1683/3184 3183/1682/3183 3195/1695/3195 
f 3196/1696/3196 3194/1694/3194 3195/1695/3195 3197/1697/3197 
f 3198/1698/3198 3196/1696/3196 3197/1697/3197 3199/1699/3199 
f 3200/1700/3200 3196/1696/3196 3198/1698/3198 3201/1701/3201 
f 3202/1702/3202 3200/1705/3200 3201/1704/3201 3203/1703/3203 
f 3204/1706/3204 3202/1702/3202 3203/1703/3203 3205/1707/3205 
f 3206/1708/3206 3189/1689/3189 3188/1688/3188 3207/1709/3207 
f 3207/1709/3207 3202/1702/3202 3204/1706/3204 3206/1708/3206 
f 3208/1710/3208 3207/1709/3207 3188/1688/3188 3187/1687/3187 
f 3208/1710/3208 3209/1711/3209 3202/1702/3202 3207/1709/3207 
f 3209/1711/3209 3210/1712/3210 3200/1705/3200 3202/1702/3202 
f 3210/1713/3210 3211/1714/3211 3196/1696/3196 3200/1700/3200 
f 3211/1714/3211 3212/1715/3212 3194/1694/3194 3196/1696/3196 
f 3184/1683/3184 3194/1694/3194 3212/1715/3212 3185/1684/3185 
f 3212/1715/3212 3213/1716/3213 3186/1685/3186 3185/1684/3185 
f 3186/1686/3186 3213/1717/3213 3208/1710/3208 3187/1687/3187 
f 3208/1710/3208 3213/1717/3213 3210/1712/3210 3209/1711/3209 
f 3210/1713/3210 3213/1716/3213 3212/1715/3212 3211/1714/3211 
f 3206/1708/3206 3214/1718/3214 3190/1690/3190 3189/1689/3189 
f 3215/1719/3215 3214/1718/3214 3206/1708/3206 3204/1706/3204 
f 3216/1720/3216 3215/1719/3215 3204/1706/3204 3205/1707/3205 
f 3214/1718/3214 3217/1721/3217 3191/1691/3191 3190/1690/3190 
f 3218/1722/3218 3217/1721/3217 3214/1718/3214 3215/1719/3215 
f 3219/1723/3219 3218/1722/3218 3215/1719/3215 3216/1720/3216 
f 3217/1721/3217 3220/1724/3220 3192/1692/3192 3191/1691/3191 
f 3221/1725/3221 3195/1695/3195 3183/1682/3183 3182/1681/3182 
f 3221/1725/3221 3222/1726/3222 3197/1697/3197 3195/1695/3195 
f 3222/1726/3222 3223/1727/3223 3199/1699/3199 3197/1697/3197 
f 3224/1728/3224 3221/1725/3221 3182/1681/3182 3180/1679/3180 
f 3224/1728/3224 3225/1729/3225 3222/1726/3222 3221/1725/3221 
f 3225/1729/3225 3226/1730/3226 3223/1727/3223 3222/1726/3222 
f 3227/1731/3227 3218/1722/3218 3219/1723/3219 3228/1732/3228 
f 3225/1729/3225 3227/1731/3227 3228/1732/3228 3226/1730/3226 
f 3229/1733/3229 3220/1724/3220 3217/1721/3217 3218/1722/3218 
f 3230/1734/3230 3229/1733/3229 3218/1722/3218 3227/1731/3227 
f 3230/1734/3230 3231/1735/3231 3220/1724/3220 3229/1733/3229 
f 3192/1692/3192 3220/1724/3220 3231/1735/3231 3193/1693/3193 
f 3231/1735/3231 3232/1736/3232 3181/1680/3181 3193/1693/3193 
f 3233/1737/3233 3232/1736/3232 3231/1735/3231 3230/1734/3230 
f 3225/1729/3225 3233/1737/3233 3230/1734/3230 3227/1731/3227 
f 3224/1728/3224 3232/1736/3232 3233/1737/3233 3225/1729/3225 
f 3224/1728/3224 3180/1679/3180 3181/1680/3181 3232/1736/3232 
f 3234/1738/3234 3235/1741/3235 3236/1740/3236 3237/1739/3237 
f 3238/1742/3238 3234/1738/3234 3237/1739/3237 3239/1743/3239 
f 3240/1744/3240 3238/1742/3238 3239/1743/3239 3241/1745/3241 
f 3242/1746/3242 3240/1744/3240 3241/1745/3241 3243/1747/3243 
f 3244/1748/3244 3242/1746/3242 3243/1747/3243 3245/1749/3245 
f 3235/1741/3235 3246/1751/3246 3247/1750/3247 3236/1740/3236 
f 3246/1751/3246 3248/1753/3248 3249/1752/3249 3247/1750/3247 
f 3248/1753/3248 3250/1755/3250 3251/1754/3251 3249/1752/3249 
f 3250/1756/3250 3252/1759/3252 3253/1758/3253 3251/1757/3251 
f 3254/1760/3254 3255/1763/3255 3256/1762/3256 3257/1761/3257 
f 3258/1764/3258 3259/1767/3259 3260/1766/3260 3261/1765/3261 
f 3262/1768/3262 3258/1764/3258 3261/1765/3261 3263/1769/3263 
f 3264/1770/3264 3262/1768/3262 3263/1769/3263 3265/1771/3265 
f 3266/1772/3266 3264/1770/3264 3265/1771/3265 3267/1773/3267 
f 3257/1761/3257 3266/1772/3266 3267/1773/3267 3254/1760/3254 
f 3259/1767/3259 3268/1775/3268 3269/1774/3269 3260/1766/3260 
f 3268/1775/3268 3270/1777/3270 3271/1776/3271 3269/1774/3269 
f 3270/1777/3270 3272/1779/3272 3273/1778/3273 3271/1776/3271 
f 3272/1780/3272 3256/1762/3256 3255/1763/3255 3273/1781/3273 
f 3245/1749/3245 3253/1758/3253 3252/1759/3252 3244/1748/3244 
f 3257/1761/3257 3256/1762/3256 3274/1783/3274 3275/1782/3275 
f 3255/1763/3255 3254/1760/3254 3276/1785/3276 3277/1784/3277 
f 3261/1765/3261 3260/1766/3260 3278/1787/3278 3279/1786/3279 
f 3259/1767/3259 3258/1764/3258 3280/1789/3280 3281/1788/3281 
f 3263/1769/3263 3261/1765/3261 3279/1786/3279 3282/1790/3282 
f 3258/1764/3258 3262/1768/3262 3283/1791/3283 3280/1789/3280 
f 3265/1771/3265 3263/1769/3263 3282/1790/3282 3284/1792/3284 
f 3262/1768/3262 3264/1770/3264 3285/1793/3285 3283/1791/3283 
f 3267/1773/3267 3265/1771/3265 3284/1792/3284 3286/1794/3286 
f 3264/1770/3264 3266/1772/3266 3287/1795/3287 3285/1793/3285 
f 3254/1760/3254 3267/1773/3267 3286/1794/3286 3276/1785/3276 
f 3266/1772/3266 3257/1761/3257 3275/1782/3275 3287/1795/3287 
f 3260/1766/3260 3269/1774/3269 3288/1796/3288 3278/1787/3278 
f 3268/1775/3268 3259/1767/3259 3281/1788/3281 3289/1797/3289 
f 3269/1774/3269 3271/1776/3271 3290/1798/3290 3288/1796/3288 
f 3270/1777/3270 3268/1775/3268 3289/1797/3289 3291/1799/3291 
f 3271/1776/3271 3273/1778/3273 3292/1800/3292 3290/1798/3290 
f 3272/1779/3272 3270/1777/3270 3291/1799/3291 3293/1801/3293 
f 3273/1781/3273 3255/1763/3255 3277/1784/3277 3292/1802/3292 
f 3256/1762/3256 3272/1780/3272 3293/1803/3293 3274/1783/3274 
f 3237/1739/3237 3236/1740/3236 3281/1788/3281 3280/1789/3280 
f 3235/1741/3235 3234/1738/3234 3294/1805/3294 3295/1804/3295 
f 3239/1743/3239 3237/1739/3237 3280/1789/3280 3283/1791/3283 
f 3234/1738/3234 3238/1742/3238 3296/1806/3296 3294/1805/3294 
f 3241/1745/3241 3239/1743/3239 3283/1791/3283 3285/1793/3285 
f 3238/1742/3238 3240/1744/3240 3297/1807/3297 3296/1806/3296 
f 3243/1747/3243 3241/1745/3241 3285/1793/3285 3287/1795/3287 
f 3240/1744/3240 3242/1746/3242 3298/1808/3298 3297/1807/3297 
f 3245/1749/3245 3243/1747/3243 3287/1795/3287 3275/1782/3275 
f 3242/1746/3242 3244/1748/3244 3299/1809/3299 3298/1808/3298 
f 3236/1740/3236 3247/1750/3247 3289/1797/3289 3281/1788/3281 
f 3246/1751/3246 3235/1741/3235 3295/1804/3295 3300/1810/3300 
f 3247/1750/3247 3249/1752/3249 3291/1799/3291 3289/1797/3289 
f 3248/1753/3248 3246/1751/3246 3300/1810/3300 3301/1811/3301 
f 3249/1752/3249 3251/1754/3251 3293/1801/3293 3291/1799/3291 
f 3250/1755/3250 3248/1753/3248 3301/1811/3301 3302/1812/3302 
f 3251/1757/3251 3253/1758/3253 3274/1783/3274 3293/1803/3293 
f 3252/1759/3252 3250/1756/3250 3302/1814/3302 3303/1813/3303 
f 3244/1748/3244 3252/1759/3252 3303/1813/3303 3299/1809/3299 
f 3253/1758/3253 3245/1749/3245 3275/1782/3275 3274/1783/3274 
f 3277/1784/3277 3276/1785/3276 3203/1816/3203 3201/1815/3201 
f 3279/1786/3279 3278/1787/3278 3226/1818/3226 3228/1817/3228 
f 3282/1790/3282 3279/1786/3279 3228/1817/3228 3219/1819/3219 
f 3284/1792/3284 3282/1790/3282 3219/1819/3219 3216/1820/3216 
f 3286/1794/3286 3284/1792/3284 3216/1820/3216 3205/1821/3205 
f 3276/1785/3276 3286/1794/3286 3205/1821/3205 3203/1816/3203 
f 3278/1787/3278 3288/1796/3288 3223/1822/3223 3226/1818/3226 
f 3288/1796/3288 3290/1798/3290 3199/1823/3199 3223/1822/3223 
f 3290/1798/3290 3292/1800/3292 3198/1824/3198 3199/1823/3199 
f 3292/1802/3292 3277/1784/3277 3201/1815/3201 3198/1825/3198 
f 3304/1826/3304 3305/1829/3305 3306/1828/3306 3307/1827/3307 
f 3305/1829/3305 3308/1831/3308 3309/1830/3309 3306/1828/3306 
f 3308/1831/3308 3310/1833/3310 3311/1832/3311 3309/1830/3309 
f 3310/1833/3310 3312/1835/3312 3313/1834/3313 3311/1832/3311 
f 3312/1835/3312 3314/1837/3314 3315/1836/3315 3313/1834/3313 
f 3316/1838/3316 3304/1826/3304 3307/1827/3307 3317/1839/3317 
f 3318/1840/3318 3316/1838/3316 3317/1839/3317 3319/1841/3319 
f 3320/1842/3320 3318/1840/3318 3319/1841/3319 3321/1843/3321 
f 3322/1844/3322 3320/1847/3320 3321/1846/3321 3323/1845/3323 
f 3314/1837/3314 3322/1844/3322 3323/1845/3323 3315/1836/3315 
f 3324/1848/3324 3325/1851/3325 3326/1850/3326 3327/1849/3327 
f 3307/1827/3307 3306/1828/3306 3325/1851/3325 3324/1848/3324 
f 3305/1829/3305 3304/1826/3304 3295/1804/3295 3294/1805/3294 
f 3325/1851/3325 3328/1853/3328 3329/1852/3329 3326/1850/3326 
f 3306/1828/3306 3309/1830/3309 3328/1853/3328 3325/1851/3325 
f 3308/1831/3308 3305/1829/3305 3294/1805/3294 3296/1806/3296 
f 3328/1853/3328 3330/1855/3330 3331/1854/3331 3329/1852/3329 
f 3309/1830/3309 3311/1832/3311 3330/1855/3330 3328/1853/3328 
f 3310/1833/3310 3308/1831/3308 3296/1806/3296 3297/1807/3297 
f 3330/1855/3330 3332/1857/3332 3333/1856/3333 3331/1854/3331 
f 3311/1832/3311 3313/1834/3313 3332/1857/3332 3330/1855/3330 
f 3312/1835/3312 3310/1833/3310 3297/1807/3297 3298/1808/3298 
f 3332/1857/3332 3334/1859/3334 3335/1858/3335 3333/1856/3333 
f 3313/1834/3313 3315/1836/3315 3334/1859/3334 3332/1857/3332 
f 3314/1837/3314 3312/1835/3312 3298/1808/3298 3299/1809/3299 
f 3317/1839/3317 3307/1827/3307 3324/1848/3324 3336/1860/3336 
f 3304/1826/3304 3316/1838/3316 3300/1810/3300 3295/1804/3295 
f 3319/1841/3319 3317/1839/3317 3336/1860/3336 3337/1861/3337 
f 3316/1838/3316 3318/1840/3318 3301/1811/3301 3300/1810/3300 
f 3338/1862/3338 3337/1861/3337 3339/1864/3339 3340/1863/3340 
f 3321/1843/3321 3319/1841/3319 3337/1861/3337 3338/1862/3338 
f 3318/1840/3318 3320/1842/3320 3302/1812/3302 3301/1811/3301 
f 3341/1865/3341 3338/1868/3338 3340/1867/3340 3342/1866/3342 
f 3323/1845/3323 3321/1846/3321 3338/1868/3338 3341/1865/3341 
f 3320/1847/3320 3322/1844/3322 3303/1813/3303 3302/1814/3302 
f 3334/1859/3334 3341/1865/3341 3342/1866/3342 3335/1858/3335 
f 3315/1836/3315 3323/1845/3323 3341/1865/3341 3334/1859/3334 
f 3322/1844/3322 3314/1837/3314 3299/1809/3299 3303/1813/3303 
f 3340/1867/3340 3048/1870/3048 3049/1869/3049 3342/1866/3342 
f 3048/1871/3048 3340/1863/3340 3339/1864/3339 3063/1872/3063 
f 3342/1866/3342 3049/1869/3049 3050/1873/3050 3335/1858/3335 
f 3050/1873/3050 3343/1874/3343 3333/1856/3333 3335/1858/3335 
f 3344/1875/3344 3343/1874/3343 3050/1873/3050 3051/1876/3051 
f 3343/1874/3343 3345/1877/3345 3331/1854/3331 3333/1856/3333 
f 3346/1878/3346 3345/1877/3345 3343/1874/3343 3344/1875/3344 
f 3347/1879/3347 3344/1875/3344 3051/1876/3051 2381/1880/2381 
f 2381/1880/2381 2223/1882/2223 2225/1881/2225 3347/1879/3347 
f 3347/1879/3347 3348/1883/3348 3346/1878/3346 3344/1875/3344 
f 3347/1879/3347 2225/1881/2225 2369/1884/2369 3348/1883/3348 
f 3339/1864/3339 3349/1886/3349 3064/1885/3064 3063/1872/3063 
f 3349/1886/3349 3339/1864/3339 3337/1861/3337 3336/1860/3336 
f 3327/1849/3327 3349/1886/3349 3336/1860/3336 3324/1848/3324 
f 3350/1887/3350 3351/1888/3351 3327/1849/3327 3326/1850/3326 
f 3352/1889/3352 3350/1887/3350 3326/1850/3326 3329/1852/3329 
f 3352/1889/3352 3329/1852/3329 3331/1854/3331 3345/1877/3345 
f 3353/1890/3353 3352/1889/3352 3345/1877/3345 3346/1878/3346 
f 3354/1891/3354 3353/1890/3353 3346/1878/3346 3348/1883/3348 
f 3348/1883/3348 2369/1884/2369 2397/1892/2397 3354/1891/3354 
f 3351/1888/3351 3064/1885/3064 3349/1886/3349 3327/1849/3327 
f 3355/1893/3355 3099/1577/3099 3065/1537/3065 3064/1536/3064 
f 3356/1894/3356 3355/1895/3355 3064/1885/3064 3351/1888/3351 
f 3355/1893/3355 3061/1533/3061 3067/1539/3067 3099/1577/3099 
f 3357/1896/3357 3356/1894/3356 3351/1888/3351 3350/1887/3350 
f 3357/1896/3357 3350/1887/3350 3352/1889/3352 3353/1890/3353 
f 3358/1897/3358 3357/1896/3357 3353/1890/3353 3354/1891/3354 
f 3354/1891/3354 2397/1892/2397 2399/1898/2399 3358/1897/3358 
f 3359/1899/3359 3358/1897/3358 2399/1898/2399 2410/1900/2410 
f 3359/1899/3359 3356/1894/3356 3357/1896/3357 3358/1897/3358 
f 3359/1899/3359 3360/1901/3360 3355/1895/3355 3356/1894/3356 
f 3061/1533/3061 2411/717/2411 2412/718/2412 2415/721/2415 
f 3360/1902/3360 2411/717/2411 3061/1533/3061 3355/1893/3355 
f 2408/714/2408 2411/717/2411 3360/1902/3360 2409/715/2409 
f 2409/715/2409 3360/1902/3360 3359/1903/3359 2410/716/2410 
f 3361/1904/3361 3362/1907/3362 3363/1906/3363 3364/1905/3364 
f 3365/1908/3365 3366/1911/3366 3367/1910/3367 3368/1909/3368 
f 3369/1912/3369 3370/1915/3370 3371/1914/3371 3372/1913/3372 
f 3373/1916/3373 3374/1919/3374 3375/1918/3375 3376/1917/3376 
f 3377/1920/3377 3378/1923/3378 3379/1922/3379 3380/1921/3380 
f 3381/1924/3381 3361/1904/3361 3364/1905/3364 3382/1925/3382 
f 3383/1926/3383 3363/1906/3363 3362/1907/3362 3384/1927/3384 
f 3385/1928/3385 3365/1908/3365 3368/1909/3368 3386/1929/3386 
f 3387/1930/3387 3367/1910/3367 3366/1911/3366 3388/1931/3388 
f 3389/1932/3389 3373/1916/3373 3376/1917/3376 3390/1933/3390 
f 3391/1934/3391 3375/1918/3375 3374/1919/3374 3392/1935/3392 
f 3388/1931/3388 3369/1912/3369 3372/1913/3372 3387/1930/3387 
f 3384/1927/3384 3371/1914/3371 3370/1915/3370 3383/1926/3383 
f 3376/1917/3376 3375/1918/3375 3393/1937/3393 3394/1936/3394 
f 3374/1919/3374 3373/1916/3373 3395/1939/3395 3396/1938/3396 
f 3386/1929/3386 3377/1920/3377 3380/1921/3380 3385/1928/3385 
f 3382/1925/3382 3379/1922/3379 3378/1923/3378 3381/1924/3381 
f 3390/1933/3390 3376/1917/3376 3394/1936/3394 3397/1940/3397 
f 3373/1916/3373 3389/1932/3389 3398/1941/3398 3395/1939/3395 
f 3392/1935/3392 3374/1919/3374 3396/1938/3396 3399/1942/3399 
f 3375/1918/3375 3391/1934/3391 3400/1943/3400 3393/1937/3393 
f 3364/1905/3364 3363/1906/3363 3396/1938/3396 3395/1939/3395 
f 3366/1911/3366 3365/1908/3365 3394/1936/3394 3393/1937/3393 
f 3370/1915/3370 3369/1912/3369 3391/1934/3391 3392/1935/3392 
f 3380/1921/3380 3379/1922/3379 3389/1932/3389 3390/1933/3390 
f 3382/1925/3382 3364/1905/3364 3395/1939/3395 3398/1941/3398 
f 3363/1906/3363 3383/1926/3383 3399/1942/3399 3396/1938/3396 
f 3365/1908/3365 3385/1928/3385 3397/1940/3397 3394/1936/3394 
f 3388/1931/3388 3366/1911/3366 3393/1937/3393 3400/1943/3400 
f 3369/1912/3369 3388/1931/3388 3400/1943/3400 3391/1934/3391 
f 3383/1926/3383 3370/1915/3370 3392/1935/3392 3399/1942/3399 
f 3385/1928/3385 3380/1921/3380 3390/1933/3390 3397/1940/3397 
f 3379/1922/3379 3382/1925/3382 3398/1941/3398 3389/1932/3389 
f 3361/1904/3361 3401/1945/3401 3402/1944/3402 3362/1907/3362 
f 3367/1910/3367 3403/1947/3403 3404/1946/3404 3368/1909/3368 
f 3371/1914/3371 3405/1949/3405 3406/1948/3406 3372/1913/3372 
f 3377/1920/3377 3407/1951/3407 3408/1950/3408 3378/1923/3378 
f 3381/1924/3381 3409/1952/3409 3401/1945/3401 3361/1904/3361 
f 3362/1907/3362 3402/1944/3402 3410/1953/3410 3384/1927/3384 
f 3368/1909/3368 3404/1946/3404 3411/1954/3411 3386/1929/3386 
f 3387/1930/3387 3412/1955/3412 3403/1947/3403 3367/1910/3367 
f 3372/1913/3372 3406/1948/3406 3412/1955/3412 3387/1930/3387 
f 3384/1927/3384 3410/1953/3410 3405/1949/3405 3371/1914/3371 
f 3386/1929/3386 3411/1954/3411 3407/1951/3407 3377/1920/3377 
f 3378/1923/3378 3408/1950/3408 3409/1952/3409 3381/1924/3381 
f 3413/1956/3413 3414/1959/3414 3415/1958/3415 3416/1957/3416 
f 3417/1960/3417 3418/1963/3418 3419/1962/3419 3420/1961/3420 
f 3421/1964/3421 3422/1967/3422 3423/1966/3423 3424/1965/3424 
f 3425/1968/3425 3426/1971/3426 3427/1970/3427 3428/1969/3428 
f 3429/1972/3429 3430/1975/3430 3431/1974/3431 3432/1973/3432 
f 3433/1976/3433 3413/1956/3413 3416/1957/3416 3434/1977/3434 
f 3435/1978/3435 3415/1958/3415 3414/1959/3414 3436/1979/3436 
f 3437/1980/3437 3417/1960/3417 3420/1961/3420 3438/1981/3438 
f 3439/1982/3439 3419/1962/3419 3418/1963/3418 3440/1983/3440 
f 3441/1984/3441 3425/1968/3425 3428/1969/3428 3442/1985/3442 
f 3443/1986/3443 3427/1970/3427 3426/1971/3426 3444/1987/3444 
f 3440/1983/3440 3421/1964/3421 3424/1965/3424 3439/1982/3439 
f 3436/1979/3436 3423/1966/3423 3422/1967/3422 3435/1978/3435 
f 3428/1969/3428 3427/1970/3427 3445/1989/3445 3446/1988/3446 
f 3426/1971/3426 3425/1968/3425 3447/1991/3447 3448/1990/3448 
f 3438/1981/3438 3429/1972/3429 3432/1973/3432 3437/1980/3437 
f 3434/1977/3434 3431/1974/3431 3430/1975/3430 3433/1976/3433 
f 3442/1985/3442 3428/1969/3428 3446/1988/3446 3449/1992/3449 
f 3425/1968/3425 3441/1984/3441 3450/1993/3450 3447/1991/3447 
f 3444/1987/3444 3426/1971/3426 3448/1990/3448 3451/1994/3451 
f 3427/1970/3427 3443/1986/3443 3452/1995/3452 3445/1989/3445 
f 3416/1957/3416 3415/1958/3415 3448/1990/3448 3447/1991/3447 
f 3418/1963/3418 3417/1960/3417 3446/1988/3446 3445/1989/3445 
f 3422/1967/3422 3421/1964/3421 3443/1986/3443 3444/1987/3444 
f 3432/1973/3432 3431/1974/3431 3441/1984/3441 3442/1985/3442 
f 3434/1977/3434 3416/1957/3416 3447/1991/3447 3450/1993/3450 
f 3415/1958/3415 3435/1978/3435 3451/1994/3451 3448/1990/3448 
f 3417/1960/3417 3437/1980/3437 3449/1992/3449 3446/1988/3446 
f 3440/1983/3440 3418/1963/3418 3445/1989/3445 3452/1995/3452 
f 3421/1964/3421 3440/1983/3440 3452/1995/3452 3443/1986/3443 
f 3435/1978/3435 3422/1967/3422 3444/1987/3444 3451/1994/3451 
f 3437/1980/3437 3432/1973/3432 3442/1985/3442 3449/1992/3449 
f 3431/1974/3431 3434/1977/3434 3450/1993/3450 3441/1984/3441 
f 3413/1956/3413 3453/1997/3453 3454/1996/3454 3414/1959/3414 
f 3419/1962/3419 3455/1999/3455 3456/1998/3456 3420/1961/3420 
f 3423/1966/3423 3457/2001/3457 3458/2000/3458 3424/1965/3424 
f 3429/1972/3429 3459/2003/3459 3460/2002/3460 3430/1975/3430 
f 3433/1976/3433 3461/2004/3461 3453/1997/3453 3413/1956/3413 
f 3414/1959/3414 3454/1996/3454 3462/2005/3462 3436/1979/3436 
f 3420/1961/3420 3456/1998/3456 3463/2006/3463 3438/1981/3438 
f 3439/1982/3439 3464/2007/3464 3455/1999/3455 3419/1962/3419 
f 3424/1965/3424 3458/2000/3458 3464/2007/3464 3439/1982/3439 
f 3436/1979/3436 3462/2005/3462 3457/2001/3457 3423/1966/3423 
f 3438/1981/3438 3463/2006/3463 3459/2003/3459 3429/1972/3429 
f 3430/1975/3430 3460/2002/3460 3461/2004/3461 3433/1976/3433 
f 3465/2008/3465 3466/2011/3466 3467/2010/3467 3468/2009/3468 
f 3469/2012/3469 3470/2015/3470 3471/2014/3471 3472/2013/3472 
f 3473/2016/3473 3474/2019/3474 3475/2018/3475 3476/2017/3476 
f 3477/2020/3477 3478/2023/3478 3479/2022/3479 3480/2021/3480 
f 3481/2024/3481 3482/2027/3482 3483/2026/3483 3484/2025/3484 
f 3485/2028/3485 3465/2008/3465 3468/2009/3468 3486/2029/3486 
f 3487/2030/3487 3467/2010/3467 3466/2011/3466 3488/2031/3488 
f 3489/2032/3489 3469/2012/3469 3472/2013/3472 3490/2033/3490 
f 3491/2034/3491 3471/2014/3471 3470/2015/3470 3492/2035/3492 
f 3493/2036/3493 3477/2020/3477 3480/2021/3480 3494/2037/3494 
f 3495/2038/3495 3479/2022/3479 3478/2023/3478 3496/2039/3496 
f 3492/2035/3492 3473/2016/3473 3476/2017/3476 3491/2034/3491 
f 3488/2031/3488 3475/2018/3475 3474/2019/3474 3487/2030/3487 
f 3480/2021/3480 3479/2022/3479 3497/2041/3497 3498/2040/3498 
f 3478/2023/3478 3477/2020/3477 3499/2043/3499 3500/2042/3500 
f 3490/2033/3490 3481/2024/3481 3484/2025/3484 3489/2032/3489 
f 3486/2029/3486 3483/2026/3483 3482/2027/3482 3485/2028/3485 
f 3494/2037/3494 3480/2021/3480 3498/2040/3498 3501/2044/3501 
f 3477/2020/3477 3493/2036/3493 3502/2045/3502 3499/2043/3499 
f 3496/2039/3496 3478/2023/3478 3500/2042/3500 3503/2046/3503 
f 3479/2022/3479 3495/2038/3495 3504/2047/3504 3497/2041/3497 
f 3468/2009/3468 3467/2010/3467 3500/2042/3500 3499/2043/3499 
f 3470/2015/3470 3469/2012/3469 3498/2040/3498 3497/2041/3497 
f 3474/2019/3474 3473/2016/3473 3495/2038/3495 3496/2039/3496 
f 3484/2025/3484 3483/2026/3483 3493/2036/3493 3494/2037/3494 
f 3486/2029/3486 3468/2009/3468 3499/2043/3499 3502/2045/3502 
f 3467/2010/3467 3487/2030/3487 3503/2046/3503 3500/2042/3500 
f 3469/2012/3469 3489/2032/3489 3501/2044/3501 3498/2040/3498 
f 3492/2035/3492 3470/2015/3470 3497/2041/3497 3504/2047/3504 
f 3473/2016/3473 3492/2035/3492 3504/2047/3504 3495/2038/3495 
f 3487/2030/3487 3474/2019/3474 3496/2039/3496 3503/2046/3503 
f 3489/2032/3489 3484/2025/3484 3494/2037/3494 3501/2044/3501 
f 3483/2026/3483 3486/2029/3486 3502/2045/3502 3493/2036/3493 
f 3465/2008/3465 3505/2049/3505 3506/2048/3506 3466/2011/3466 
f 3471/2014/3471 3507/2051/3507 3508/2050/3508 3472/2013/3472 
f 3475/2018/3475 3509/2053/3509 3510/2052/3510 3476/2017/3476 
f 3481/2024/3481 3511/2055/3511 3512/2054/3512 3482/2027/3482 
f 3485/2028/3485 3513/2056/3513 3505/2049/3505 3465/2008/3465 
f 3466/2011/3466 3506/2048/3506 3514/2057/3514 3488/2031/3488 
f 3472/2013/3472 3508/2050/3508 3515/2058/3515 3490/2033/3490 
f 3491/2034/3491 3516/2059/3516 3507/2051/3507 3471/2014/3471 
f 3476/2017/3476 3510/2052/3510 3516/2059/3516 3491/2034/3491 
f 3488/2031/3488 3514/2057/3514 3509/2053/3509 3475/2018/3475 
f 3490/2033/3490 3515/2058/3515 3511/2055/3511 3481/2024/3481 
f 3482/2027/3482 3512/2054/3512 3513/2056/3513 3485/2028/3485 
# 3472 polygons

#
# object DinoEyes
#

v  -0.9316 13.0013 6.0420
v  -1.3455 12.9343 6.3197
v  -1.6316 12.9463 5.8971
v  -1.2184 13.0134 5.6184
v  -1.5167 14.6182 6.4834
v  -1.1031 14.6893 6.2061
v  -1.3899 14.7013 5.7826
v  -1.8028 14.6302 6.0608
v  -2.0764 14.0550 5.5110
v  -1.6642 14.1247 5.2314
v  -1.6127 13.6180 5.1821
v  -2.0250 13.5495 5.4618
v  -1.8945 13.4418 6.7058
v  -1.9459 13.9473 6.7549
v  -2.2320 13.9593 6.3324
v  -2.1806 13.4538 6.2832
v  -0.7088 14.0846 6.6425
v  -1.1233 14.0150 6.9187
v  -1.0719 13.5095 6.8695
v  -0.6573 13.5779 6.5932
v  -0.7460 13.2128 6.3739
v  -1.1358 13.1445 6.6393
v  -1.8448 13.1742 5.5922
v  -1.4518 13.2424 5.3315
v  -1.2631 14.3971 6.7611
v  -0.8728 14.4597 6.4951
v  -1.5786 14.4893 5.4528
v  -1.9721 14.4268 5.7140
v  -1.5065 13.4872 6.9001
v  -1.5530 13.9440 6.9445
v  -2.2619 13.9738 5.8974
v  -2.2155 13.5170 5.8530
v  -1.8186 14.3514 6.6506
v  -2.0772 14.3622 6.2687
v  -1.9499 13.1096 6.1469
v  -1.6913 13.0988 6.5288
v  -1.5575 14.2597 6.8367
v  -1.4501 13.2035 6.7340
v  -2.0480 13.2286 5.8511
v  -2.1553 14.2847 5.9538
v  -0.7478 12.1974 6.7622
v  -0.9894 12.1463 6.9012
v  -1.1322 12.1407 6.6517
v  -0.8910 12.1918 6.5121
v  -1.1519 13.0876 6.9729
v  -0.9107 13.1410 6.8341
v  -1.0539 13.1354 6.5840
v  -1.2947 13.0820 6.7234
v  -1.4043 12.7461 6.4075
v  -1.1638 12.7986 6.2673
v  -1.1149 12.5154 6.2457
v  -1.3555 12.4635 6.3859
v  -1.3315 12.4139 7.0910
v  -1.3803 12.6964 7.1125
v  -1.5231 12.6908 6.8630
v  -1.4744 12.4082 6.8415
v  -0.6868 12.8174 7.1005
v  -0.9285 12.7648 7.2387
v  -0.8797 12.4823 7.2171
v  -0.6379 12.5342 7.0789
v  -0.6654 12.3246 6.9548
v  -0.8928 12.2736 7.0880
v  -1.2468 12.2596 6.4697
v  -1.0178 12.3107 6.3393
v  -1.0137 12.9738 7.1413
v  -0.7858 13.0217 7.0079
v  -1.1381 13.0078 6.3924
v  -1.3676 12.9598 6.5231
v  -1.1239 12.4543 7.2161
v  -1.1680 12.7096 7.2356
v  -1.5219 12.6957 6.6173
v  -1.4778 12.4403 6.5978
v  -1.3188 12.9276 7.0562
v  -1.4479 12.9225 6.8307
v  -1.3270 12.2223 6.7773
v  -1.1979 12.2274 7.0028
v  -1.1771 12.8864 7.1725
v  -1.0752 12.2959 7.1274
v  -1.3736 12.2842 6.6061
v  -1.4755 12.8746 6.6511
v  -0.6973 13.0736 7.2938
v  -0.8715 13.0514 7.3859
v  -0.9655 13.0489 7.2079
v  -0.7915 13.0711 7.1155
v  -0.9441 13.7173 7.4150
v  -0.7701 13.7411 7.3230
v  -0.8643 13.7387 7.1446
v  -1.0381 13.7149 7.2371
v  -1.1223 13.4789 7.0194
v  -0.9487 13.5022 6.9265
v  -0.9268 13.3018 6.9177
v  -1.1005 13.2790 7.0107
v  -1.1028 13.2572 7.5052
v  -1.1246 13.4571 7.5140
v  -1.2186 13.4546 7.3360
v  -1.1968 13.2547 7.3273
v  -0.6348 13.5105 7.5208
v  -0.8092 13.4872 7.6123
v  -0.7874 13.2873 7.6035
v  -0.6129 13.3101 7.5120
v  -0.6386 13.1625 7.4283
v  -0.8028 13.1396 7.5167
v  -1.0358 13.1335 7.0757
v  -0.8705 13.1564 6.9893
v  -0.8569 13.6350 7.5383
v  -0.6924 13.6557 7.4499
v  -0.9243 13.6496 7.0109
v  -1.0898 13.6289 7.0973
v  -0.9590 13.2786 7.5972
v  -0.9787 13.4593 7.6051
v  -1.2117 13.4531 7.1641
v  -1.1920 13.2725 7.1562
v  -1.0699 13.6147 7.4719
v  -1.1549 13.6124 7.3111
v  -1.1008 13.1171 7.2894
v  -1.0159 13.1193 7.4503
v  -0.9756 13.5818 7.5575
v  -0.9301 13.1641 7.5393
v  -1.1265 13.1590 7.1674
v  -1.1720 13.5767 7.1857
v  0.9316 13.0013 6.0420
v  1.2184 13.0134 5.6184
v  1.6316 12.9463 5.8971
v  1.3455 12.9343 6.3197
v  1.5167 14.6182 6.4834
v  1.8028 14.6302 6.0608
v  1.3899 14.7013 5.7826
v  1.1031 14.6893 6.2061
v  2.0764 14.0550 5.5110
v  2.0250 13.5495 5.4618
v  1.6127 13.6180 5.1821
v  1.6642 14.1247 5.2314
v  1.8945 13.4418 6.7058
v  2.1806 13.4538 6.2832
v  2.2320 13.9593 6.3324
v  1.9459 13.9473 6.7549
v  0.7088 14.0846 6.6425
v  0.6573 13.5779 6.5932
v  1.0719 13.5095 6.8695
v  1.1233 14.0150 6.9187
v  0.7460 13.2128 6.3739
v  1.1358 13.1445 6.6393
v  1.8448 13.1742 5.5922
v  1.4518 13.2424 5.3315
v  1.2631 14.3971 6.7611
v  0.8728 14.4597 6.4951
v  1.5786 14.4893 5.4528
v  1.9721 14.4268 5.7140
v  1.5065 13.4872 6.9001
v  1.5530 13.9440 6.9445
v  2.2619 13.9738 5.8974
v  2.2155 13.5170 5.8530
v  2.0772 14.3622 6.2687
v  1.8186 14.3514 6.6506
v  1.6913 13.0988 6.5288
v  1.9499 13.1096 6.1469
v  1.5575 14.2597 6.8367
v  1.4501 13.2035 6.7340
v  2.0480 13.2286 5.8511
v  2.1553 14.2847 5.9538
v  0.7478 12.1974 6.7622
v  0.8910 12.1918 6.5121
v  1.1322 12.1407 6.6517
v  0.9894 12.1463 6.9012
v  1.1519 13.0876 6.9729
v  1.2947 13.0820 6.7234
v  1.0539 13.1354 6.5840
v  0.9107 13.1410 6.8341
v  1.4043 12.7461 6.4075
v  1.3555 12.4635 6.3859
v  1.1149 12.5154 6.2457
v  1.1638 12.7986 6.2673
v  1.3315 12.4139 7.0910
v  1.4744 12.4082 6.8415
v  1.5231 12.6908 6.8630
v  1.3803 12.6964 7.1125
v  0.6868 12.8174 7.1005
v  0.6379 12.5342 7.0789
v  0.8797 12.4823 7.2171
v  0.9285 12.7648 7.2387
v  0.6654 12.3246 6.9548
v  0.8928 12.2736 7.0880
v  1.2468 12.2596 6.4697
v  1.0178 12.3107 6.3393
v  1.0137 12.9738 7.1413
v  0.7858 13.0217 7.0079
v  1.1381 13.0078 6.3924
v  1.3676 12.9598 6.5231
v  1.1239 12.4543 7.2161
v  1.1680 12.7096 7.2356
v  1.5219 12.6957 6.6173
v  1.4778 12.4403 6.5978
v  1.4479 12.9225 6.8307
v  1.3188 12.9276 7.0562
v  1.1979 12.2274 7.0028
v  1.3270 12.2223 6.7773
v  1.1771 12.8864 7.1725
v  1.0752 12.2959 7.1274
v  1.3736 12.2842 6.6061
v  1.4755 12.8746 6.6511
v  0.6973 13.0736 7.2938
v  0.7915 13.0711 7.1155
v  0.9655 13.0489 7.2079
v  0.8715 13.0514 7.3859
v  0.9441 13.7173 7.4150
v  1.0381 13.7149 7.2371
v  0.8643 13.7387 7.1446
v  0.7701 13.7411 7.3230
v  1.1223 13.4789 7.0194
v  1.1005 13.2790 7.0107
v  0.9268 13.3018 6.9177
v  0.9487 13.5022 6.9265
v  1.1028 13.2572 7.5052
v  1.1968 13.2547 7.3273
v  1.2186 13.4546 7.3360
v  1.1246 13.4571 7.5140
v  0.6348 13.5105 7.5208
v  0.6129 13.3101 7.5120
v  0.7874 13.2873 7.6035
v  0.8092 13.4872 7.6123
v  0.6386 13.1625 7.4283
v  0.8028 13.1396 7.5167
v  1.0358 13.1335 7.0757
v  0.8705 13.1564 6.9893
v  0.8569 13.6350 7.5383
v  0.6924 13.6557 7.4499
v  0.9243 13.6496 7.0109
v  1.0898 13.6289 7.0973
v  0.9590 13.2786 7.5972
v  0.9787 13.4593 7.6051
v  1.2117 13.4531 7.1641
v  1.1920 13.2725 7.1562
v  1.1549 13.6124 7.3111
v  1.0699 13.6147 7.4719
v  1.0159 13.1193 7.4503
v  1.1008 13.1171 7.2894
v  0.9756 13.5818 7.5575
v  0.9301 13.1641 7.5393
v  1.1265 13.1590 7.1674
v  1.1720 13.5767 7.1857
# 240 vertices

vn 0.2421 -0.9616 0.1290
vn 0.0265 -0.9656 0.2585
vn -0.2555 -0.9538 -0.1580
vn -0.0550 -0.9492 -0.3099
vn -0.1615 0.8842 0.4384
vn 0.0480 0.9480 0.3146
vn -0.2491 0.9605 -0.1243
vn -0.4435 0.8960 0.0219
vn -0.7573 0.2362 -0.6088
vn -0.5706 0.2846 -0.7703
vn -0.5172 -0.2404 -0.8214
vn -0.7067 -0.2620 -0.6572
vn -0.6018 -0.3834 0.7006
vn -0.6525 0.1150 0.7490
vn -0.9346 0.1268 0.3324
vn -0.8839 -0.3716 0.2839
vn 0.5103 0.2393 0.8261
vn 0.2897 0.1923 0.9376
vn 0.3403 -0.3059 0.8892
vn 0.5636 -0.2858 0.7750
vn 0.4745 -0.7157 0.5126
vn 0.2966 -0.7298 0.6159
vn -0.4806 -0.6972 -0.5319
vn -0.3182 -0.6824 -0.6581
vn 0.1570 0.6432 0.7494
vn 0.3321 0.6847 0.6487
vn -0.4605 0.7180 -0.5220
vn -0.6201 0.6758 -0.3984
vn -0.1609 -0.3105 0.9368
vn -0.2014 0.0878 0.9756
vn -0.9779 0.1203 -0.1712
vn -0.9374 -0.2779 -0.2100
vn -0.5264 0.5861 0.6160
vn -0.7518 0.5955 0.2830
vn -0.6124 -0.7763 0.1496
vn -0.3869 -0.7857 0.4826
vn -0.2091 0.4789 0.8526
vn -0.0929 -0.6646 0.7414
vn -0.7401 -0.6374 -0.2145
vn -0.8563 0.5060 -0.1033
vn 0.2916 -0.9431 0.1599
vn 0.0675 -0.9597 0.2729
vn -0.1824 -0.9695 -0.1636
vn 0.0283 -0.9535 -0.3002
vn -0.2494 0.8760 0.4129
vn -0.0355 0.9519 0.3043
vn -0.2988 0.9415 -0.1557
vn -0.4993 0.8661 -0.0236
vn -0.7225 0.1821 -0.6670
vn -0.5275 0.2408 -0.8147
vn -0.4376 -0.2802 -0.8544
vn -0.6372 -0.3123 -0.7046
vn -0.6278 -0.4147 0.6587
vn -0.7132 0.0799 0.6964
vn -0.9631 0.0700 0.2597
vn -0.8778 -0.4245 0.2220
vn 0.4303 0.2786 0.8586
vn 0.2053 0.2187 0.9539
vn 0.2907 -0.2757 0.9162
vn 0.5203 -0.2424 0.8189
vn 0.4784 -0.6794 0.5564
vn 0.2944 -0.7040 0.6463
vn -0.3943 -0.7311 -0.5568
vn -0.2240 -0.7071 -0.6707
vn 0.0592 0.6585 0.7502
vn 0.2385 0.7102 0.6623
vn -0.4639 0.6825 -0.5647
vn -0.6295 0.6314 -0.4529
vn -0.2114 -0.3118 0.9263
vn -0.2797 0.0834 0.9565
vn -0.9677 0.0563 -0.2456
vn -0.8995 -0.3389 -0.2757
vn -0.6072 0.5569 0.5668
vn -0.8070 0.5490 0.2178
vn -0.5720 -0.8123 0.1140
vn -0.3722 -0.8044 0.4630
vn -0.3026 0.4722 0.8279
vn -0.1067 -0.6625 0.7414
vn -0.6803 -0.6851 -0.2605
vn -0.8761 0.4496 -0.1740
vn 0.2245 -0.9549 0.1945
vn -0.0040 -0.9540 0.2999
vn -0.2389 -0.9602 -0.1450
vn -0.0231 -0.9614 -0.2743
vn -0.2063 0.9013 0.3809
vn 0.0156 0.9604 0.2782
vn -0.2320 0.9539 -0.1906
vn -0.4413 0.8951 -0.0639
vn -0.6861 0.2089 -0.6969
vn -0.4827 0.2509 -0.8390
vn -0.4253 -0.2756 -0.8621
vn -0.6316 -0.2908 -0.7187
vn -0.6754 -0.3553 0.6463
vn -0.7299 0.1446 0.6681
vn -0.9649 0.1384 0.2231
vn -0.9104 -0.3614 0.2013
vn 0.4179 0.2746 0.8660
vn 0.1863 0.2319 0.9547
vn 0.2408 -0.2678 0.9329
vn 0.4753 -0.2519 0.8430
vn 0.4143 -0.6926 0.5905
vn 0.2261 -0.7029 0.6744
vn -0.4214 -0.7199 -0.5515
vn -0.2462 -0.7100 -0.6598
vn 0.0760 0.6742 0.7346
vn 0.2611 0.7119 0.6519
vn -0.3994 0.6945 -0.5984
vn -0.5716 0.6572 -0.4913
vn -0.2626 -0.2716 0.9259
vn -0.3062 0.1279 0.9434
vn -0.9531 0.1108 -0.2815
vn -0.9096 -0.2886 -0.2990
vn -0.5890 0.6100 0.5301
vn -0.7768 0.6051 0.1745
vn -0.6268 -0.7708 0.1143
vn -0.4389 -0.7658 0.4699
vn -0.2996 0.5135 0.8041
vn -0.1745 -0.6333 0.7540
vn -0.7138 -0.6475 -0.2670
vn -0.8388 0.4993 -0.2169
vn -0.2421 -0.9616 0.1290
vn 0.0550 -0.9492 -0.3099
vn 0.2555 -0.9538 -0.1580
vn -0.0265 -0.9656 0.2585
vn 0.1615 0.8842 0.4384
vn 0.4435 0.8960 0.0219
vn 0.2491 0.9605 -0.1243
vn -0.0480 0.9480 0.3146
vn 0.7573 0.2362 -0.6088
vn 0.7067 -0.2620 -0.6572
vn 0.5172 -0.2404 -0.8214
vn 0.5706 0.2846 -0.7703
vn 0.6018 -0.3834 0.7006
vn 0.8839 -0.3716 0.2839
vn 0.9346 0.1268 0.3324
vn 0.6525 0.1150 0.7490
vn -0.5103 0.2393 0.8261
vn -0.5636 -0.2858 0.7750
vn -0.3403 -0.3059 0.8892
vn -0.2897 0.1923 0.9376
vn -0.4745 -0.7157 0.5126
vn -0.2966 -0.7298 0.6159
vn 0.4806 -0.6972 -0.5319
vn 0.3182 -0.6824 -0.6581
vn -0.1570 0.6432 0.7494
vn -0.3321 0.6847 0.6487
vn 0.4605 0.7180 -0.5219
vn 0.6201 0.6758 -0.3984
vn 0.1609 -0.3105 0.9368
vn 0.2014 0.0878 0.9756
vn 0.9779 0.1203 -0.1712
vn 0.9374 -0.2779 -0.2100
vn 0.7518 0.5955 0.2830
vn 0.5264 0.5861 0.6160
vn 0.3869 -0.7857 0.4826
vn 0.6124 -0.7763 0.1496
vn 0.2091 0.4789 0.8526
vn 0.0929 -0.6646 0.7414
vn 0.7401 -0.6374 -0.2145
vn 0.8563 0.5060 -0.1033
vn -0.2916 -0.9431 0.1599
vn -0.0283 -0.9535 -0.3002
vn 0.1824 -0.9695 -0.1636
vn -0.0675 -0.9597 0.2729
vn 0.2494 0.8760 0.4129
vn 0.4993 0.8661 -0.0236
vn 0.2988 0.9415 -0.1557
vn 0.0355 0.9519 0.3043
vn 0.7225 0.1821 -0.6669
vn 0.6372 -0.3123 -0.7046
vn 0.4376 -0.2802 -0.8544
vn 0.5275 0.2408 -0.8147
vn 0.6278 -0.4147 0.6587
vn 0.8778 -0.4245 0.2220
vn 0.9631 0.0700 0.2597
vn 0.7132 0.0799 0.6964
vn -0.4303 0.2786 0.8586
vn -0.5203 -0.2424 0.8189
vn -0.2907 -0.2757 0.9162
vn -0.2053 0.2187 0.9539
vn -0.4784 -0.6794 0.5564
vn -0.2944 -0.7040 0.6463
vn 0.3943 -0.7311 -0.5568
vn 0.2240 -0.7071 -0.6707
vn -0.0592 0.6585 0.7502
vn -0.2385 0.7102 0.6623
vn 0.4639 0.6825 -0.5647
vn 0.6295 0.6314 -0.4529
vn 0.2114 -0.3118 0.9263
vn 0.2797 0.0834 0.9565
vn 0.9677 0.0563 -0.2456
vn 0.8995 -0.3389 -0.2757
vn 0.8070 0.5490 0.2178
vn 0.6072 0.5569 0.5668
vn 0.3722 -0.8044 0.4630
vn 0.5720 -0.8123 0.1140
vn 0.3026 0.4722 0.8279
vn 0.1067 -0.6625 0.7414
vn 0.6803 -0.6851 -0.2605
vn 0.8761 0.4496 -0.1740
vn -0.2245 -0.9549 0.1945
vn 0.0231 -0.9614 -0.2743
vn 0.2389 -0.9602 -0.1450
vn 0.0040 -0.9540 0.2999
vn 0.2063 0.9013 0.3809
vn 0.4413 0.8951 -0.0639
vn 0.2320 0.9539 -0.1906
vn -0.0156 0.9604 0.2782
vn 0.6861 0.2089 -0.6969
vn 0.6316 -0.2908 -0.7187
vn 0.4253 -0.2756 -0.8621
vn 0.4827 0.2509 -0.8390
vn 0.6754 -0.3553 0.6463
vn 0.9104 -0.3615 0.2013
vn 0.9649 0.1384 0.2231
vn 0.7299 0.1446 0.6681
vn -0.4179 0.2746 0.8660
vn -0.4753 -0.2519 0.8430
vn -0.2408 -0.2678 0.9329
vn -0.1863 0.2319 0.9547
vn -0.4143 -0.6926 0.5905
vn -0.2261 -0.7029 0.6744
vn 0.4214 -0.7199 -0.5515
vn 0.2462 -0.7100 -0.6598
vn -0.0760 0.6742 0.7346
vn -0.2611 0.7119 0.6519
vn 0.3994 0.6945 -0.5984
vn 0.5716 0.6572 -0.4913
vn 0.2626 -0.2716 0.9259
vn 0.3062 0.1279 0.9434
vn 0.9531 0.1108 -0.2815
vn 0.9096 -0.2886 -0.2990
vn 0.7768 0.6051 0.1745
vn 0.5890 0.6100 0.5301
vn 0.4389 -0.7658 0.4699
vn 0.6268 -0.7708 0.1143
vn 0.2996 0.5135 0.8041
vn 0.1745 -0.6333 0.7540
vn 0.7138 -0.6475 -0.2670
vn 0.8388 0.4993 -0.2169
# 240 vertex normals

vt 0.6778 0.8402 0.0000
vt 0.6713 0.8642 0.0000
vt 0.6414 0.8641 0.0000
vt 0.6351 0.8401 0.0000
vt 0.6710 0.9637 0.0000
vt 0.6773 0.9877 0.0000
vt 0.6346 0.9876 0.0000
vt 0.6412 0.9636 0.0000
vt 0.6064 0.9287 0.0000
vt 0.5824 0.9350 0.0000
vt 0.5825 0.8923 0.0000
vt 0.6065 0.8988 0.0000
vt 0.6677 0.9025 0.0000
vt 0.6676 0.9254 0.0000
vt 0.6447 0.9253 0.0000
vt 0.6448 0.9024 0.0000
vt 0.7299 0.9355 0.0000
vt 0.7059 0.9290 0.0000
vt 0.7060 0.8991 0.0000
vt 0.7300 0.8928 0.0000
vt 0.7109 0.8596 0.0000
vt 0.6941 0.8762 0.0000
vt 0.6185 0.8760 0.0000
vt 0.6019 0.8592 0.0000
vt 0.6939 0.9518 0.0000
vt 0.7105 0.9686 0.0000
vt 0.6015 0.9682 0.0000
vt 0.6183 0.9516 0.0000
vt 0.6868 0.9028 0.0000
vt 0.6868 0.9252 0.0000
vt 0.6256 0.9250 0.0000
vt 0.6256 0.9026 0.0000
vt 0.6673 0.9445 0.0000
vt 0.6449 0.9445 0.0000
vt 0.6451 0.8833 0.0000
vt 0.6675 0.8833 0.0000
vt 0.6830 0.9409 0.0000
vt 0.6832 0.8871 0.0000
vt 0.6294 0.8869 0.0000
vt 0.6292 0.9407 0.0000
vt 0.5438 0.9053 0.0000
vt 0.5401 0.9188 0.0000
vt 0.5233 0.9188 0.0000
vt 0.5197 0.9053 0.0000
vt 0.5401 0.9749 0.0000
vt 0.5437 0.9884 0.0000
vt 0.5196 0.9884 0.0000
vt 0.5233 0.9749 0.0000
vt 0.5037 0.9552 0.0000
vt 0.4901 0.9588 0.0000
vt 0.4902 0.9348 0.0000
vt 0.5037 0.9384 0.0000
vt 0.5382 0.9404 0.0000
vt 0.5382 0.9533 0.0000
vt 0.5252 0.9533 0.0000
vt 0.5252 0.9404 0.0000
vt 0.5732 0.9589 0.0000
vt 0.5597 0.9553 0.0000
vt 0.5597 0.9385 0.0000
vt 0.5733 0.9349 0.0000
vt 0.5624 0.9162 0.0000
vt 0.5530 0.9256 0.0000
vt 0.5104 0.9256 0.0000
vt 0.5010 0.9161 0.0000
vt 0.5530 0.9682 0.0000
vt 0.5624 0.9776 0.0000
vt 0.5010 0.9775 0.0000
vt 0.5104 0.9681 0.0000
vt 0.5489 0.9406 0.0000
vt 0.5489 0.9532 0.0000
vt 0.5145 0.9532 0.0000
vt 0.5145 0.9405 0.0000
vt 0.5380 0.9641 0.0000
vt 0.5254 0.9641 0.0000
vt 0.5254 0.9296 0.0000
vt 0.5380 0.9296 0.0000
vt 0.5468 0.9620 0.0000
vt 0.5469 0.9317 0.0000
vt 0.5166 0.9317 0.0000
vt 0.5165 0.9620 0.0000
vt 0.6627 0.7689 0.0000
vt 0.6603 0.7784 0.0000
vt 0.6485 0.7785 0.0000
vt 0.6459 0.7691 0.0000
vt 0.6607 0.8176 0.0000
vt 0.6633 0.8271 0.0000
vt 0.6465 0.8272 0.0000
vt 0.6489 0.8177 0.0000
vt 0.6351 0.8041 0.0000
vt 0.6256 0.8068 0.0000
vt 0.6254 0.7899 0.0000
vt 0.6349 0.7924 0.0000
vt 0.6591 0.7935 0.0000
vt 0.6592 0.8025 0.0000
vt 0.6501 0.8026 0.0000
vt 0.6501 0.7936 0.0000
vt 0.6838 0.8062 0.0000
vt 0.6743 0.8037 0.0000
vt 0.6742 0.7920 0.0000
vt 0.6836 0.7893 0.0000
vt 0.6759 0.7763 0.0000
vt 0.6694 0.7830 0.0000
vt 0.6396 0.7833 0.0000
vt 0.6329 0.7768 0.0000
vt 0.6697 0.8128 0.0000
vt 0.6763 0.8193 0.0000
vt 0.6333 0.8198 0.0000
vt 0.6399 0.8131 0.0000
vt 0.6666 0.7935 0.0000
vt 0.6667 0.8024 0.0000
vt 0.6426 0.8026 0.0000
vt 0.6425 0.7938 0.0000
vt 0.6592 0.8101 0.0000
vt 0.6503 0.8102 0.0000
vt 0.6501 0.7860 0.0000
vt 0.6589 0.7860 0.0000
vt 0.6653 0.8086 0.0000
vt 0.6651 0.7873 0.0000
vt 0.6439 0.7876 0.0000
vt 0.6441 0.8088 0.0000
# 120 texture coords

o DinoEyes
g DinoEyes
usemtl wire_176026026
s 1
f 3517/2060/3517 3518/2061/3518 3519/2062/3519 3520/2063/3520 
f 3521/2064/3521 3522/2065/3522 3523/2066/3523 3524/2067/3524 
f 3525/2068/3525 3526/2069/3526 3527/2070/3527 3528/2071/3528 
f 3529/2072/3529 3530/2073/3530 3531/2074/3531 3532/2075/3532 
f 3533/2076/3533 3534/2077/3534 3535/2078/3535 3536/2079/3536 
f 3537/2080/3537 3538/2081/3538 3518/2061/3518 3517/2060/3517 
f 3539/2082/3539 3540/2083/3540 3520/2063/3520 3519/2062/3519 
f 3541/2084/3541 3542/2085/3542 3522/2065/3522 3521/2064/3521 
f 3543/2086/3543 3544/2087/3544 3524/2067/3524 3523/2066/3523 
f 3545/2088/3545 3546/2089/3546 3530/2073/3530 3529/2072/3529 
f 3547/2090/3547 3548/2091/3548 3532/2075/3532 3531/2074/3531 
f 3544/2087/3544 3543/2086/3543 3526/2069/3526 3525/2068/3525 
f 3540/2083/3540 3539/2082/3539 3528/2071/3528 3527/2070/3527 
f 3530/2073/3530 3549/2092/3549 3550/2093/3550 3531/2074/3531 
f 3532/2075/3532 3551/2094/3551 3552/2095/3552 3529/2072/3529 
f 3542/2085/3542 3541/2084/3541 3534/2077/3534 3533/2076/3533 
f 3538/2081/3538 3537/2080/3537 3536/2079/3536 3535/2078/3535 
f 3546/2089/3546 3553/2096/3553 3549/2092/3549 3530/2073/3530 
f 3529/2072/3529 3552/2095/3552 3554/2097/3554 3545/2088/3545 
f 3548/2091/3548 3555/2098/3555 3551/2094/3551 3532/2075/3532 
f 3531/2074/3531 3550/2093/3550 3556/2099/3556 3547/2090/3547 
f 3518/2061/3518 3552/2095/3552 3551/2094/3551 3519/2062/3519 
f 3524/2067/3524 3550/2093/3550 3549/2092/3549 3521/2064/3521 
f 3528/2071/3528 3548/2091/3548 3547/2090/3547 3525/2068/3525 
f 3534/2077/3534 3546/2089/3546 3545/2088/3545 3535/2078/3535 
f 3538/2081/3538 3554/2097/3554 3552/2095/3552 3518/2061/3518 
f 3519/2062/3519 3551/2094/3551 3555/2098/3555 3539/2082/3539 
f 3521/2064/3521 3549/2092/3549 3553/2096/3553 3541/2084/3541 
f 3544/2087/3544 3556/2099/3556 3550/2093/3550 3524/2067/3524 
f 3525/2068/3525 3547/2090/3547 3556/2099/3556 3544/2087/3544 
f 3539/2082/3539 3555/2098/3555 3548/2091/3548 3528/2071/3528 
f 3541/2084/3541 3553/2096/3553 3546/2089/3546 3534/2077/3534 
f 3535/2078/3535 3545/2088/3545 3554/2097/3554 3538/2081/3538 
f 3557/2100/3557 3558/2101/3558 3559/2102/3559 3560/2103/3560 
f 3561/2104/3561 3562/2105/3562 3563/2106/3563 3564/2107/3564 
f 3565/2108/3565 3566/2109/3566 3567/2110/3567 3568/2111/3568 
f 3569/2112/3569 3570/2113/3570 3571/2114/3571 3572/2115/3572 
f 3573/2116/3573 3574/2117/3574 3575/2118/3575 3576/2119/3576 
f 3577/2120/3577 3578/2121/3578 3558/2101/3558 3557/2100/3557 
f 3579/2122/3579 3580/2123/3580 3560/2103/3560 3559/2102/3559 
f 3581/2124/3581 3582/2125/3582 3562/2105/3562 3561/2104/3561 
f 3583/2126/3583 3584/2127/3584 3564/2107/3564 3563/2106/3563 
f 3585/2128/3585 3586/2129/3586 3570/2113/3570 3569/2112/3569 
f 3587/2130/3587 3588/2131/3588 3572/2115/3572 3571/2114/3571 
f 3584/2127/3584 3583/2126/3583 3566/2109/3566 3565/2108/3565 
f 3580/2123/3580 3579/2122/3579 3568/2111/3568 3567/2110/3567 
f 3570/2113/3570 3589/2132/3589 3590/2133/3590 3571/2114/3571 
f 3572/2115/3572 3591/2134/3591 3592/2135/3592 3569/2112/3569 
f 3582/2125/3582 3581/2124/3581 3574/2117/3574 3573/2116/3573 
f 3578/2121/3578 3577/2120/3577 3576/2119/3576 3575/2118/3575 
f 3586/2129/3586 3593/2136/3593 3589/2132/3589 3570/2113/3570 
f 3569/2112/3569 3592/2135/3592 3594/2137/3594 3585/2128/3585 
f 3588/2131/3588 3595/2138/3595 3591/2134/3591 3572/2115/3572 
f 3571/2114/3571 3590/2133/3590 3596/2139/3596 3587/2130/3587 
f 3558/2101/3558 3592/2135/3592 3591/2134/3591 3559/2102/3559 
f 3564/2107/3564 3590/2133/3590 3589/2132/3589 3561/2104/3561 
f 3568/2111/3568 3588/2131/3588 3587/2130/3587 3565/2108/3565 
f 3574/2117/3574 3586/2129/3586 3585/2128/3585 3575/2118/3575 
f 3578/2121/3578 3594/2137/3594 3592/2135/3592 3558/2101/3558 
f 3559/2102/3559 3591/2134/3591 3595/2138/3595 3579/2122/3579 
f 3561/2104/3561 3589/2132/3589 3593/2136/3593 3581/2124/3581 
f 3584/2127/3584 3596/2139/3596 3590/2133/3590 3564/2107/3564 
f 3565/2108/3565 3587/2130/3587 3596/2139/3596 3584/2127/3584 
f 3579/2122/3579 3595/2138/3595 3588/2131/3588 3568/2111/3568 
f 3581/2124/3581 3593/2136/3593 3586/2129/3586 3574/2117/3574 
f 3575/2118/3575 3585/2128/3585 3594/2137/3594 3578/2121/3578 
f 3597/2140/3597 3598/2141/3598 3599/2142/3599 3600/2143/3600 
f 3601/2144/3601 3602/2145/3602 3603/2146/3603 3604/2147/3604 
f 3605/2148/3605 3606/2149/3606 3607/2150/3607 3608/2151/3608 
f 3609/2152/3609 3610/2153/3610 3611/2154/3611 3612/2155/3612 
f 3613/2156/3613 3614/2157/3614 3615/2158/3615 3616/2159/3616 
f 3617/2160/3617 3618/2161/3618 3598/2141/3598 3597/2140/3597 
f 3619/2162/3619 3620/2163/3620 3600/2143/3600 3599/2142/3599 
f 3621/2164/3621 3622/2165/3622 3602/2145/3602 3601/2144/3601 
f 3623/2166/3623 3624/2167/3624 3604/2147/3604 3603/2146/3603 
f 3625/2168/3625 3626/2169/3626 3610/2153/3610 3609/2152/3609 
f 3627/2170/3627 3628/2171/3628 3612/2155/3612 3611/2154/3611 
f 3624/2167/3624 3623/2166/3623 3606/2149/3606 3605/2148/3605 
f 3620/2163/3620 3619/2162/3619 3608/2151/3608 3607/2150/3607 
f 3610/2153/3610 3629/2172/3629 3630/2173/3630 3611/2154/3611 
f 3612/2155/3612 3631/2174/3631 3632/2175/3632 3609/2152/3609 
f 3622/2165/3622 3621/2164/3621 3614/2157/3614 3613/2156/3613 
f 3618/2161/3618 3617/2160/3617 3616/2159/3616 3615/2158/3615 
f 3626/2169/3626 3633/2176/3633 3629/2172/3629 3610/2153/3610 
f 3609/2152/3609 3632/2175/3632 3634/2177/3634 3625/2168/3625 
f 3628/2171/3628 3635/2178/3635 3631/2174/3631 3612/2155/3612 
f 3611/2154/3611 3630/2173/3630 3636/2179/3636 3627/2170/3627 
f 3598/2141/3598 3632/2175/3632 3631/2174/3631 3599/2142/3599 
f 3604/2147/3604 3630/2173/3630 3629/2172/3629 3601/2144/3601 
f 3608/2151/3608 3628/2171/3628 3627/2170/3627 3605/2148/3605 
f 3614/2157/3614 3626/2169/3626 3625/2168/3625 3615/2158/3615 
f 3618/2161/3618 3634/2177/3634 3632/2175/3632 3598/2141/3598 
f 3599/2142/3599 3631/2174/3631 3635/2178/3635 3619/2162/3619 
f 3601/2144/3601 3629/2172/3629 3633/2176/3633 3621/2164/3621 
f 3624/2167/3624 3636/2179/3636 3630/2173/3630 3604/2147/3604 
f 3605/2148/3605 3627/2170/3627 3636/2179/3636 3624/2167/3624 
f 3619/2162/3619 3635/2178/3635 3628/2171/3628 3608/2151/3608 
f 3621/2164/3621 3633/2176/3633 3626/2169/3626 3614/2157/3614 
f 3615/2158/3615 3625/2168/3625 3634/2177/3634 3618/2161/3618 
f 3637/2060/3637 3638/2063/3638 3639/2062/3639 3640/2061/3640 
f 3641/2064/3641 3642/2067/3642 3643/2066/3643 3644/2065/3644 
f 3645/2068/3645 3646/2071/3646 3647/2070/3647 3648/2069/3648 
f 3649/2072/3649 3650/2075/3650 3651/2074/3651 3652/2073/3652 
f 3653/2076/3653 3654/2079/3654 3655/2078/3655 3656/2077/3656 
f 3657/2080/3657 3637/2060/3637 3640/2061/3640 3658/2081/3658 
f 3659/2082/3659 3639/2062/3639 3638/2063/3638 3660/2083/3660 
f 3661/2084/3661 3641/2064/3641 3644/2065/3644 3662/2085/3662 
f 3663/2086/3663 3643/2066/3643 3642/2067/3642 3664/2087/3664 
f 3665/2088/3665 3649/2072/3649 3652/2073/3652 3666/2089/3666 
f 3667/2090/3667 3651/2074/3651 3650/2075/3650 3668/2091/3668 
f 3664/2087/3664 3645/2068/3645 3648/2069/3648 3663/2086/3663 
f 3660/2083/3660 3647/2070/3647 3646/2071/3646 3659/2082/3659 
f 3652/2073/3652 3651/2074/3651 3669/2093/3669 3670/2092/3670 
f 3650/2075/3650 3649/2072/3649 3671/2095/3671 3672/2094/3672 
f 3662/2085/3662 3653/2076/3653 3656/2077/3656 3661/2084/3661 
f 3658/2081/3658 3655/2078/3655 3654/2079/3654 3657/2080/3657 
f 3666/2089/3666 3652/2073/3652 3670/2092/3670 3673/2096/3673 
f 3649/2072/3649 3665/2088/3665 3674/2097/3674 3671/2095/3671 
f 3668/2091/3668 3650/2075/3650 3672/2094/3672 3675/2098/3675 
f 3651/2074/3651 3667/2090/3667 3676/2099/3676 3669/2093/3669 
f 3640/2061/3640 3639/2062/3639 3672/2094/3672 3671/2095/3671 
f 3642/2067/3642 3641/2064/3641 3670/2092/3670 3669/2093/3669 
f 3646/2071/3646 3645/2068/3645 3667/2090/3667 3668/2091/3668 
f 3656/2077/3656 3655/2078/3655 3665/2088/3665 3666/2089/3666 
f 3658/2081/3658 3640/2061/3640 3671/2095/3671 3674/2097/3674 
f 3639/2062/3639 3659/2082/3659 3675/2098/3675 3672/2094/3672 
f 3641/2064/3641 3661/2084/3661 3673/2096/3673 3670/2092/3670 
f 3664/2087/3664 3642/2067/3642 3669/2093/3669 3676/2099/3676 
f 3645/2068/3645 3664/2087/3664 3676/2099/3676 3667/2090/3667 
f 3659/2082/3659 3646/2071/3646 3668/2091/3668 3675/2098/3675 
f 3661/2084/3661 3656/2077/3656 3666/2089/3666 3673/2096/3673 
f 3655/2078/3655 3658/2081/3658 3674/2097/3674 3665/2088/3665 
f 3677/2100/3677 3678/2103/3678 3679/2102/3679 3680/2101/3680 
f 3681/2104/3681 3682/2107/3682 3683/2106/3683 3684/2105/3684 
f 3685/2108/3685 3686/2111/3686 3687/2110/3687 3688/2109/3688 
f 3689/2112/3689 3690/2115/3690 3691/2114/3691 3692/2113/3692 
f 3693/2116/3693 3694/2119/3694 3695/2118/3695 3696/2117/3696 
f 3697/2120/3697 3677/2100/3677 3680/2101/3680 3698/2121/3698 
f 3699/2122/3699 3679/2102/3679 3678/2103/3678 3700/2123/3700 
f 3701/2124/3701 3681/2104/3681 3684/2105/3684 3702/2125/3702 
f 3703/2126/3703 3683/2106/3683 3682/2107/3682 3704/2127/3704 
f 3705/2128/3705 3689/2112/3689 3692/2113/3692 3706/2129/3706 
f 3707/2130/3707 3691/2114/3691 3690/2115/3690 3708/2131/3708 
f 3704/2127/3704 3685/2108/3685 3688/2109/3688 3703/2126/3703 
f 3700/2123/3700 3687/2110/3687 3686/2111/3686 3699/2122/3699 
f 3692/2113/3692 3691/2114/3691 3709/2133/3709 3710/2132/3710 
f 3690/2115/3690 3689/2112/3689 3711/2135/3711 3712/2134/3712 
f 3702/2125/3702 3693/2116/3693 3696/2117/3696 3701/2124/3701 
f 3698/2121/3698 3695/2118/3695 3694/2119/3694 3697/2120/3697 
f 3706/2129/3706 3692/2113/3692 3710/2132/3710 3713/2136/3713 
f 3689/2112/3689 3705/2128/3705 3714/2137/3714 3711/2135/3711 
f 3708/2131/3708 3690/2115/3690 3712/2134/3712 3715/2138/3715 
f 3691/2114/3691 3707/2130/3707 3716/2139/3716 3709/2133/3709 
f 3680/2101/3680 3679/2102/3679 3712/2134/3712 3711/2135/3711 
f 3682/2107/3682 3681/2104/3681 3710/2132/3710 3709/2133/3709 
f 3686/2111/3686 3685/2108/3685 3707/2130/3707 3708/2131/3708 
f 3696/2117/3696 3695/2118/3695 3705/2128/3705 3706/2129/3706 
f 3698/2121/3698 3680/2101/3680 3711/2135/3711 3714/2137/3714 
f 3679/2102/3679 3699/2122/3699 3715/2138/3715 3712/2134/3712 
f 3681/2104/3681 3701/2124/3701 3713/2136/3713 3710/2132/3710 
f 3704/2127/3704 3682/2107/3682 3709/2133/3709 3716/2139/3716 
f 3685/2108/3685 3704/2127/3704 3716/2139/3716 3707/2130/3707 
f 3699/2122/3699 3686/2111/3686 3708/2131/3708 3715/2138/3715 
f 3701/2124/3701 3696/2117/3696 3706/2129/3706 3713/2136/3713 
f 3695/2118/3695 3698/2121/3698 3714/2137/3714 3705/2128/3705 
f 3717/2140/3717 3718/2143/3718 3719/2142/3719 3720/2141/3720 
f 3721/2144/3721 3722/2147/3722 3723/2146/3723 3724/2145/3724 
f 3725/2148/3725 3726/2151/3726 3727/2150/3727 3728/2149/3728 
f 3729/2152/3729 3730/2155/3730 3731/2154/3731 3732/2153/3732 
f 3733/2156/3733 3734/2159/3734 3735/2158/3735 3736/2157/3736 
f 3737/2160/3737 3717/2140/3717 3720/2141/3720 3738/2161/3738 
f 3739/2162/3739 3719/2142/3719 3718/2143/3718 3740/2163/3740 
f 3741/2164/3741 3721/2144/3721 3724/2145/3724 3742/2165/3742 
f 3743/2166/3743 3723/2146/3723 3722/2147/3722 3744/2167/3744 
f 3745/2168/3745 3729/2152/3729 3732/2153/3732 3746/2169/3746 
f 3747/2170/3747 3731/2154/3731 3730/2155/3730 3748/2171/3748 
f 3744/2167/3744 3725/2148/3725 3728/2149/3728 3743/2166/3743 
f 3740/2163/3740 3727/2150/3727 3726/2151/3726 3739/2162/3739 
f 3732/2153/3732 3731/2154/3731 3749/2173/3749 3750/2172/3750 
f 3730/2155/3730 3729/2152/3729 3751/2175/3751 3752/2174/3752 
f 3742/2165/3742 3733/2156/3733 3736/2157/3736 3741/2164/3741 
f 3738/2161/3738 3735/2158/3735 3734/2159/3734 3737/2160/3737 
f 3746/2169/3746 3732/2153/3732 3750/2172/3750 3753/2176/3753 
f 3729/2152/3729 3745/2168/3745 3754/2177/3754 3751/2175/3751 
f 3748/2171/3748 3730/2155/3730 3752/2174/3752 3755/2178/3755 
f 3731/2154/3731 3747/2170/3747 3756/2179/3756 3749/2173/3749 
f 3720/2141/3720 3719/2142/3719 3752/2174/3752 3751/2175/3751 
f 3722/2147/3722 3721/2144/3721 3750/2172/3750 3749/2173/3749 
f 3726/2151/3726 3725/2148/3725 3747/2170/3747 3748/2171/3748 
f 3736/2157/3736 3735/2158/3735 3745/2168/3745 3746/2169/3746 
f 3738/2161/3738 3720/2141/3720 3751/2175/3751 3754/2177/3754 
f 3719/2142/3719 3739/2162/3739 3755/2178/3755 3752/2174/3752 
f 3721/2144/3721 3741/2164/3741 3753/2176/3753 3750/2172/3750 
f 3744/2167/3744 3722/2147/3722 3749/2173/3749 3756/2179/3756 
f 3725/2148/3725 3744/2167/3744 3756/2179/3756 3747/2170/3747 
f 3739/2162/3739 3726/2151/3726 3748/2171/3748 3755/2178/3755 
f 3741/2164/3741 3736/2157/3736 3746/2169/3746 3753/2176/3753 
f 3735/2158/3735 3738/2161/3738 3754/2177/3754 3745/2168/3745 
# 198 polygons

