# 3ds Max Wavefront OBJ Exporter v0.97b - (c)2007 guruware
# File Created: 06.06.2025 17:28:20

#
# object FlatTriRoofFrame
#

v  -7.2220 -0.0001 -188.8483
v  -133.4077 -0.0001 -287.3193
v  -134.7844 -0.0001 -277.7270
v  -14.4440 -0.0001 -183.8174
v  -266.8917 -0.0001 -234.3810
v  -275.3988 -0.0001 -231.0072
v  -270.5115 -0.0001 -224.6146
v  -261.9693 -0.0001 -227.2868
v  -164.4868 -0.0001 -85.9327
v  -159.2674 -0.0001 -79.1056
v  -151.7284 -0.0001 -84.0336
v  -157.3307 -0.0001 -90.4180
v  133.4077 -0.0001 -287.3193
v  7.2220 -0.0001 -188.8483
v  14.4440 -0.0001 -183.8174
v  134.7844 -0.0001 -277.7270
v  7.2220 -0.0001 -178.4918
v  151.7284 -0.0001 -84.0336
v  157.3307 -0.0001 -90.4180
v  270.4959 -0.0001 -224.5941
v  275.3988 -0.0001 -231.0072
v  266.8918 -0.0001 -234.3810
v  261.9693 -0.0001 -227.2868
v  -363.5294 -0.0001 -397.5342
v  -372.6006 -0.0001 -395.6263
v  -368.2744 -0.0001 -388.2996
v  -359.4002 -0.0001 -389.8094
v  -279.5148 -0.0001 -237.9780
v  -271.8141 -0.0001 -241.4753
v  -125.3296 -0.0001 -438.2927
v  -124.8242 -0.0001 -447.7385
v  -133.4135 -0.0001 -445.9320
v  -133.8064 -0.0001 -437.2562
v  271.8141 -0.0001 -241.4753
v  141.5170 -0.0001 -293.1497
v  368.6718 -0.0001 -388.9725
v  372.6006 -0.0001 -395.6263
v  363.5294 -0.0001 -397.5342
v  359.4002 -0.0001 -389.8094
v  125.3297 -0.0001 -438.2927
v  133.8064 -0.0001 -437.2562
v  0.0000 -0.0001 -193.8792
v  -124.7761 -0.0001 -291.2502
v  124.7761 -0.0001 -291.2502
v  116.8530 -0.0001 -439.3292
v  -116.4991 -0.0001 -447.7385
v  -116.8529 -0.0001 -439.3292
v  118.3785 -0.0001 -651.8604
v  118.1129 -0.0001 -660.2695
v  108.3167 -0.0001 -660.2695
v  109.9651 -0.0001 -651.8604
v  -108.2667 -0.0001 -660.2695
v  -118.1129 -0.0001 -660.2695
v  -118.3784 -0.0001 -651.8604
v  -109.9650 -0.0001 -651.8604
v  -368.8236 -0.0001 -659.0743
v  -383.7461 -0.0001 -655.3395
v  -381.0974 -0.0001 -647.3338
v  -367.4478 -0.0001 -650.7500
v  -398.4541 -0.0001 -649.2284
v  -394.6759 -0.0001 -641.6920
v  -412.3047 -0.0001 -641.0081
v  -407.4984 -0.0001 -634.0819
v  -424.6927 -0.0001 -631.0377
v  -418.9304 -0.0001 -624.8809
v  -435.0765 -0.0001 -619.7532
v  -428.4201 -0.0001 -614.5681
v  -443.0024 -0.0001 -607.6476
v  -435.5329 -0.0001 -603.7044
v  -448.1240 -0.0001 -595.2502
v  -439.9954 -0.0001 -592.9022
v  -450.2173 -0.0001 -583.1026
v  -441.7839 -0.0001 -582.5239
v  -449.7976 -0.0001 -570.6291
v  -441.4478 -0.0001 -572.5361
v  -376.0405 -0.0001 -403.4245
v  -367.6587 -0.0001 -405.2589
v  -127.9088 -0.0001 -660.2695
v  -126.7918 -0.0001 -651.8604
v  -354.3387 -0.0001 -660.2695
v  -353.9923 -0.0001 -651.8604
v  127.9620 -0.0001 -660.2695
v  126.7919 -0.0001 -651.8604
v  376.2269 -0.0001 -403.8469
v  367.6587 -0.0001 -405.2589
v  449.7976 -0.0001 -570.6291
v  441.4478 -0.0001 -572.5361
v  450.2173 -0.0001 -583.1026
v  441.7839 -0.0001 -582.5239
v  448.1240 -0.0001 -595.2502
v  439.9954 -0.0001 -592.9022
v  443.0024 -0.0001 -607.6476
v  435.5329 -0.0001 -603.7044
v  435.0765 -0.0001 -619.7532
v  428.4201 -0.0001 -614.5681
v  424.6927 -0.0001 -631.0377
v  418.9304 -0.0001 -624.8809
v  412.3047 -0.0001 -641.0081
v  407.4984 -0.0001 -634.0819
v  398.4541 -0.0001 -649.2284
v  394.6759 -0.0001 -641.6920
v  383.7461 -0.0001 -655.3395
v  381.0974 -0.0001 -647.3338
v  368.8236 -0.0001 -659.0743
v  367.4478 -0.0001 -650.7500
v  354.3387 -0.0001 -660.2695
v  353.9923 -0.0001 -651.8604
v  -26.0185 -0.0001 58.0079
v  -16.4536 -0.0001 63.2675
v  -13.3351 -0.0001 55.3856
v  -20.8645 -0.0001 51.2454
v  -5.6002 -0.0001 66.0476
v  -4.5403 -0.0001 57.6384
v  5.6002 -0.0001 66.0476
v  4.5403 -0.0001 57.6384
v  16.4536 -0.0001 63.2675
v  13.3351 -0.0001 55.3856
v  26.0185 -0.0001 58.0079
v  20.8645 -0.0001 51.2454
v  153.4784 -0.0001 -73.1487
v  159.2674 -0.0001 -79.1056
v  146.1261 -0.0001 -77.6492
v  0.0000 -0.0001 -173.1661
v  -153.2785 -0.0001 -72.9430
v  -146.1261 -0.0001 -77.6492
v  -124.5830 -0.0001 -455.3777
v  -116.1453 -0.0001 -456.1477
v  116.1453 -0.0001 -456.1477
v  124.5830 -0.0000 -455.3777
v  133.0207 -0.0001 -454.6078
v  133.4135 -0.0001 -445.9320
v  279.9569 -0.0001 -238.7267
v  164.5552 -0.0001 -86.0222
v  -7.2220 -0.0001 -178.4918
v  -141.5170 -0.0001 -293.1497
v  -133.0207 -0.0001 -454.6078
v  0.0000 -0.0001 -183.2125
v  116.4991 -0.0001 -447.7385
v  124.8243 -0.0001 -447.7385
# 139 vertices

vn 0.0000 1.0000 -0.0000
vn 0.0000 1.0000 -0.0000
vn 0.0000 1.0000 -0.0000
vn 0.0000 1.0000 -0.0000
vn 0.0000 1.0000 -0.0000
vn 0.0000 1.0000 -0.0000
vn 0.0000 1.0000 -0.0000
vn 0.0000 1.0000 -0.0000
vn 0.0000 1.0000 -0.0000
vn 0.0000 1.0000 -0.0000
vn 0.0000 1.0000 -0.0000
vn 0.0000 1.0000 -0.0000
vn 0.0000 1.0000 -0.0000
vn 0.0000 1.0000 -0.0000
vn 0.0000 1.0000 -0.0000
vn 0.0000 1.0000 -0.0000
vn 0.0000 1.0000 -0.0000
vn 0.0000 1.0000 -0.0000
vn 0.0000 1.0000 -0.0000
vn 0.0000 1.0000 -0.0000
vn 0.0000 1.0000 -0.0000
vn 0.0000 1.0000 -0.0000
vn 0.0000 1.0000 -0.0000
vn 0.0000 1.0000 -0.0000
vn 0.0000 1.0000 -0.0000
vn 0.0000 1.0000 -0.0000
vn 0.0000 1.0000 -0.0000
vn 0.0000 1.0000 -0.0000
vn 0.0000 1.0000 -0.0000
vn 0.0000 1.0000 -0.0000
vn 0.0000 1.0000 -0.0000
vn 0.0000 1.0000 -0.0000
vn 0.0000 1.0000 -0.0000
vn 0.0000 1.0000 -0.0000
vn 0.0000 1.0000 -0.0000
vn 0.0000 1.0000 -0.0000
vn 0.0000 1.0000 -0.0000
vn 0.0000 1.0000 -0.0000
vn 0.0000 1.0000 -0.0000
vn 0.0000 1.0000 -0.0000
vn 0.0000 1.0000 -0.0000
vn 0.0000 1.0000 -0.0000
vn 0.0000 1.0000 -0.0000
vn 0.0000 1.0000 -0.0000
vn 0.0000 1.0000 -0.0000
vn 0.0000 1.0000 -0.0000
vn 0.0000 1.0000 -0.0000
vn 0.0000 1.0000 -0.0000
vn 0.0000 1.0000 -0.0000
vn 0.0000 1.0000 -0.0000
vn 0.0000 1.0000 -0.0000
vn 0.0000 1.0000 -0.0000
vn 0.0000 1.0000 -0.0000
vn 0.0000 1.0000 -0.0000
vn 0.0000 1.0000 -0.0000
vn 0.0000 1.0000 -0.0000
vn 0.0000 1.0000 -0.0000
vn 0.0000 1.0000 -0.0000
vn 0.0000 1.0000 -0.0000
vn 0.0000 1.0000 -0.0000
vn 0.0000 1.0000 -0.0000
vn 0.0000 1.0000 -0.0000
vn 0.0000 1.0000 -0.0000
vn 0.0000 1.0000 -0.0000
vn 0.0000 1.0000 -0.0000
vn 0.0000 1.0000 -0.0000
vn 0.0000 1.0000 -0.0000
vn 0.0000 1.0000 -0.0000
vn -0.0000 1.0000 -0.0000
vn 0.0000 1.0000 -0.0000
vn 0.0000 1.0000 -0.0000
vn -0.0000 1.0000 -0.0000
vn 0.0000 1.0000 -0.0000
vn 0.0000 1.0000 -0.0000
vn 0.0000 1.0000 -0.0000
vn 0.0000 1.0000 -0.0000
vn 0.0000 1.0000 -0.0000
vn 0.0000 1.0000 -0.0000
vn 0.0000 1.0000 -0.0000
vn 0.0000 1.0000 -0.0000
vn 0.0000 1.0000 -0.0000
vn 0.0000 1.0000 -0.0000
vn 0.0000 1.0000 -0.0000
vn 0.0000 1.0000 -0.0000
vn 0.0000 1.0000 -0.0000
vn 0.0000 1.0000 -0.0000
vn 0.0000 1.0000 -0.0000
vn 0.0000 1.0000 -0.0000
vn 0.0000 1.0000 -0.0000
vn 0.0000 1.0000 -0.0000
vn 0.0000 1.0000 -0.0000
vn 0.0000 1.0000 -0.0000
vn 0.0000 1.0000 -0.0000
vn 0.0000 1.0000 -0.0000
vn 0.0000 1.0000 -0.0000
vn 0.0000 1.0000 -0.0000
vn 0.0000 1.0000 -0.0000
vn 0.0000 1.0000 -0.0000
vn 0.0000 1.0000 -0.0000
vn 0.0000 1.0000 -0.0000
vn 0.0000 1.0000 -0.0000
vn 0.0000 1.0000 -0.0000
vn 0.0000 1.0000 -0.0000
vn 0.0000 1.0000 -0.0000
vn 0.0000 1.0000 -0.0000
vn 0.0000 1.0000 -0.0000
vn 0.0000 1.0000 -0.0000
vn 0.0000 1.0000 -0.0000
vn 0.0000 1.0000 -0.0000
vn 0.0000 1.0000 -0.0000
vn 0.0000 1.0000 -0.0000
vn 0.0000 1.0000 -0.0000
vn 0.0000 1.0000 -0.0000
vn 0.0000 1.0000 -0.0000
vn 0.0000 1.0000 -0.0000
vn 0.0000 1.0000 -0.0000
vn 0.0000 1.0000 -0.0000
vn 0.0000 1.0000 -0.0000
vn 0.0000 1.0000 -0.0000
vn 0.0000 1.0000 -0.0000
vn 0.0000 1.0000 -0.0000
vn 0.0000 1.0000 -0.0000
vn 0.0000 1.0000 -0.0000
vn 0.0000 1.0000 -0.0000
vn 0.0000 1.0000 -0.0000
vn 0.0000 1.0000 -0.0000
vn 0.0000 1.0000 -0.0000
vn 0.0000 1.0000 -0.0000
vn 0.0000 1.0000 -0.0000
vn 0.0000 1.0000 -0.0000
vn -0.0000 1.0000 -0.0000
vn 0.0000 1.0000 -0.0000
vn 0.0000 1.0000 -0.0000
vn 0.0000 1.0000 -0.0000
vn 0.0000 1.0000 -0.0000
vn 0.0000 1.0000 -0.0000
vn 0.0000 1.0000 -0.0000
vn 0.0000 1.0000 -0.0000
vn 0.0000 1.0000 -0.0000
vn 0.0000 1.0000 -0.0000
vn 0.0000 1.0000 -0.0000
vn 0.0000 1.0000 -0.0000
vn 0.0000 1.0000 -0.0000
vn 0.0000 1.0000 -0.0000
vn 0.0000 1.0000 -0.0000
vn 0.0000 1.0000 -0.0000
vn 0.0000 1.0000 -0.0000
vn 0.0000 1.0000 -0.0000
vn 0.0000 1.0000 -0.0000
vn 0.0000 1.0000 -0.0000
vn 0.0000 1.0000 -0.0000
vn 0.0000 1.0000 -0.0000
vn 0.0000 1.0000 -0.0000
vn 0.0000 1.0000 -0.0000
vn 0.0000 1.0000 -0.0000
vn 0.0000 1.0000 -0.0000
vn 0.0000 1.0000 -0.0000
vn 0.0000 1.0000 -0.0000
vn 0.0000 1.0000 -0.0000
vn 0.0000 1.0000 -0.0000
vn 0.0000 1.0000 -0.0000
vn 0.0000 1.0000 -0.0000
vn 0.0000 1.0000 -0.0000
vn 0.0000 1.0000 -0.0000
vn 0.0000 1.0000 -0.0000
vn 0.0000 1.0000 -0.0000
vn 0.0000 1.0000 -0.0000
vn 0.0000 1.0000 -0.0000
vn 0.0000 1.0000 -0.0000
vn 0.0000 1.0000 -0.0000
vn 0.0000 1.0000 -0.0000
vn 0.0000 1.0000 -0.0000
vn 0.0000 1.0000 -0.0000
vn 0.0000 1.0000 -0.0000
vn 0.0000 1.0000 -0.0000
vn 0.0000 1.0000 -0.0000
vn 0.0000 1.0000 -0.0000
vn 0.0000 1.0000 -0.0000
vn 0.0000 1.0000 -0.0000
vn 0.0000 1.0000 -0.0000
vn 0.0000 1.0000 -0.0000
vn 0.0000 1.0000 -0.0000
vn 0.0000 1.0000 -0.0000
vn 0.0000 1.0000 -0.0000
vn 0.0000 1.0000 -0.0000
vn 0.0000 1.0000 -0.0000
vn 0.0000 1.0000 -0.0000
vn 0.0000 1.0000 -0.0000
vn 0.0000 1.0000 -0.0000
vn 0.0000 1.0000 -0.0000
vn 0.0000 1.0000 -0.0000
vn 0.0000 1.0000 -0.0000
vn 0.0000 1.0000 -0.0000
vn 0.0000 1.0000 -0.0000
vn 0.0000 1.0000 -0.0000
vn 0.0000 1.0000 -0.0000
vn 0.0000 1.0000 -0.0000
vn 0.0000 1.0000 -0.0000
vn 0.0000 1.0000 -0.0000
vn 0.0000 1.0000 -0.0000
vn 0.0000 1.0000 -0.0000
vn 0.0000 1.0000 -0.0000
vn 0.0000 1.0000 -0.0000
vn 0.0000 1.0000 -0.0000
vn 0.0000 1.0000 -0.0000
vn 0.0000 1.0000 -0.0000
vn 0.0000 1.0000 -0.0000
vn 0.0000 1.0000 -0.0000
vn 0.0000 1.0000 -0.0000
vn 0.0000 1.0000 -0.0000
vn 0.0000 1.0000 -0.0000
vn 0.0000 1.0000 -0.0000
vn 0.0000 1.0000 -0.0000
vn 0.0000 1.0000 -0.0000
vn 0.0000 1.0000 -0.0000
vn 0.0000 1.0000 -0.0000
vn 0.0000 1.0000 -0.0000
vn 0.0000 1.0000 -0.0000
vn 0.0000 1.0000 -0.0000
vn 0.0000 1.0000 -0.0000
vn 0.0000 1.0000 -0.0000
vn -0.0000 1.0000 -0.0000
vn 0.0000 1.0000 -0.0000
vn 0.0000 1.0000 -0.0000
vn -0.0000 1.0000 -0.0000
vn -0.0000 1.0000 0.0000
vn -0.0000 1.0000 0.0000
vn -0.0000 1.0000 -0.0000
vn -0.0000 1.0000 -0.0000
vn -0.0000 1.0000 0.0000
vn 0.0000 1.0000 0.0000
vn 0.0000 1.0000 -0.0000
vn 0.0000 1.0000 -0.0000
vn 0.0000 1.0000 -0.0000
vn 0.0000 1.0000 -0.0000
vn 0.0000 1.0000 -0.0000
vn 0.0000 1.0000 -0.0000
vn 0.0000 1.0000 0.0000
vn 0.0000 1.0000 0.0000
vn 0.0000 1.0000 -0.0000
vn 0.0000 1.0000 -0.0000
vn 0.0000 1.0000 0.0000
vn 0.0000 1.0000 -0.0000
vn 0.0000 1.0000 -0.0000
vn 0.0000 1.0000 -0.0000
vn 0.0000 1.0000 -0.0000
vn 0.0000 1.0000 -0.0000
vn 0.0000 1.0000 -0.0000
vn 0.0000 1.0000 -0.0000
vn 0.0000 1.0000 -0.0000
vn 0.0000 1.0000 -0.0000
vn 0.0000 1.0000 -0.0000
vn 0.0000 1.0000 -0.0000
vn 0.0000 1.0000 -0.0000
vn 0.0000 1.0000 -0.0000
vn 0.0000 1.0000 -0.0000
vn 0.0000 1.0000 -0.0000
vn 0.0000 1.0000 -0.0000
vn 0.0000 1.0000 -0.0000
vn 0.0000 1.0000 -0.0000
vn 0.0000 1.0000 -0.0000
vn 0.0000 1.0000 -0.0000
vn 0.0000 1.0000 -0.0000
vn 0.0000 1.0000 -0.0000
vn 0.0000 1.0000 -0.0000
vn 0.0000 1.0000 -0.0000
vn 0.0000 1.0000 -0.0000
vn 0.0000 1.0000 -0.0000
vn 0.0000 1.0000 -0.0000
vn 0.0000 1.0000 -0.0000
vn 0.0000 1.0000 -0.0000
vn 0.0000 1.0000 -0.0000
vn 0.0000 1.0000 -0.0000
vn 0.0000 1.0000 -0.0000
vn 0.0000 1.0000 -0.0000
vn 0.0000 1.0000 -0.0000
vn 0.0000 1.0000 -0.0000
vn 0.0000 1.0000 -0.0000
vn 0.0000 1.0000 -0.0000
vn 0.0000 1.0000 -0.0000
vn 0.0000 1.0000 -0.0000
vn 0.0000 1.0000 -0.0000
vn 0.0000 1.0000 -0.0000
vn 0.0000 1.0000 -0.0000
vn 0.0000 1.0000 -0.0000
vn 0.0000 1.0000 -0.0000
vn 0.0000 1.0000 -0.0000
vn 0.0000 1.0000 -0.0000
vn 0.0000 1.0000 -0.0000
vn 0.0000 1.0000 -0.0000
vn 0.0000 1.0000 -0.0000
vn 0.0000 1.0000 -0.0000
vn 0.0000 1.0000 -0.0000
vn 0.0000 1.0000 -0.0000
vn 0.0000 1.0000 -0.0000
vn 0.0000 1.0000 -0.0000
vn 0.0000 1.0000 -0.0000
vn 0.0000 1.0000 -0.0000
vn 0.0000 1.0000 -0.0000
vn 0.0000 1.0000 -0.0000
vn 0.0000 1.0000 -0.0000
vn 0.0000 1.0000 -0.0000
vn 0.0000 1.0000 -0.0000
vn 0.0000 1.0000 -0.0000
vn 0.0000 1.0000 -0.0000
vn 0.0000 1.0000 -0.0000
vn 0.0000 1.0000 -0.0000
vn 0.0000 1.0000 -0.0000
vn 0.0000 1.0000 -0.0000
vn 0.0000 1.0000 -0.0000
vn 0.0000 1.0000 -0.0000
vn 0.0000 1.0000 -0.0000
vn 0.0000 1.0000 -0.0000
vn 0.0000 1.0000 -0.0000
vn 0.0000 1.0000 -0.0000
vn 0.0000 1.0000 -0.0000
vn 0.0000 1.0000 -0.0000
vn 0.0000 1.0000 -0.0000
vn 0.0000 1.0000 -0.0000
vn 0.0000 1.0000 -0.0000
vn 0.0000 1.0000 -0.0000
vn 0.0000 1.0000 -0.0000
vn -0.0000 1.0000 0.0000
vn 0.0000 1.0000 -0.0000
vn 0.0000 1.0000 -0.0000
vn -0.0000 1.0000 0.0000
vn -0.0000 1.0000 0.0000
vn 0.0000 1.0000 -0.0000
vn 0.0000 1.0000 -0.0000
vn 0.0000 1.0000 -0.0000
vn 0.0000 1.0000 -0.0000
vn 0.0000 1.0000 -0.0000
vn 0.0000 1.0000 -0.0000
vn 0.0000 1.0000 -0.0000
vn 0.0000 1.0000 -0.0000
vn 0.0000 1.0000 -0.0000
vn 0.0000 1.0000 -0.0000
vn 0.0000 1.0000 -0.0000
vn 0.0000 1.0000 -0.0000
vn 0.0000 1.0000 -0.0000
vn 0.0000 1.0000 -0.0000
vn 0.0000 1.0000 -0.0000
vn 0.0000 1.0000 -0.0000
vn 0.0000 1.0000 -0.0000
vn -0.0000 1.0000 0.0000
vn -0.0000 1.0000 0.0000
vn -0.0000 1.0000 0.0000
vn -0.0000 1.0000 0.0000
vn -0.0000 1.0000 0.0000
vn -0.0000 1.0000 0.0000
vn 0.0000 1.0000 0.0000
vn 0.0000 1.0000 0.0000
vn 0.0000 1.0000 0.0000
vn -0.0000 1.0000 0.0000
vn 0.0000 1.0000 -0.0000
vn 0.0000 1.0000 -0.0000
vn 0.0000 1.0000 -0.0000
vn -0.0000 1.0000 0.0000
vn -0.0000 1.0000 0.0000
vn 0.0000 1.0000 -0.0000
vn 0.0000 -1.0000 -0.0000
vn 0.0000 -1.0000 -0.0000
vn 0.0000 -1.0000 -0.0000
vn 0.0000 -1.0000 -0.0000
vn 0.0000 -1.0000 -0.0000
vn 0.0000 -1.0000 -0.0000
vn 0.0000 -1.0000 -0.0000
vn 0.0000 -1.0000 -0.0000
vn 0.0000 -1.0000 -0.0000
vn 0.0000 -1.0000 -0.0000
vn 0.0000 -1.0000 -0.0000
vn 0.0000 -1.0000 -0.0000
vn 0.0000 -1.0000 -0.0000
vn 0.0000 -1.0000 -0.0000
vn 0.0000 -1.0000 -0.0000
vn 0.0000 -1.0000 -0.0000
vn 0.0000 -1.0000 -0.0000
vn 0.0000 -1.0000 -0.0000
vn 0.0000 -1.0000 -0.0000
vn 0.0000 -1.0000 -0.0000
vn 0.0000 -1.0000 -0.0000
vn 0.0000 -1.0000 -0.0000
vn 0.0000 -1.0000 -0.0000
vn 0.0000 -1.0000 -0.0000
vn 0.0000 -1.0000 -0.0000
vn 0.0000 -1.0000 -0.0000
vn 0.0000 -1.0000 -0.0000
vn 0.0000 -1.0000 -0.0000
vn 0.0000 -1.0000 -0.0000
vn 0.0000 -1.0000 -0.0000
vn 0.0000 -1.0000 -0.0000
vn 0.0000 -1.0000 -0.0000
vn 0.0000 -1.0000 -0.0000
vn 0.0000 -1.0000 -0.0000
vn 0.0000 -1.0000 -0.0000
vn 0.0000 -1.0000 -0.0000
vn 0.0000 -1.0000 -0.0000
vn 0.0000 -1.0000 -0.0000
vn 0.0000 -1.0000 -0.0000
vn 0.0000 -1.0000 -0.0000
vn 0.0000 -1.0000 -0.0000
vn 0.0000 -1.0000 -0.0000
vn 0.0000 -1.0000 -0.0000
vn 0.0000 -1.0000 -0.0000
vn 0.0000 -1.0000 -0.0000
vn 0.0000 -1.0000 -0.0000
vn 0.0000 -1.0000 -0.0000
vn 0.0000 -1.0000 -0.0000
vn 0.0000 -1.0000 -0.0000
vn 0.0000 -1.0000 -0.0000
vn 0.0000 -1.0000 -0.0000
vn 0.0000 -1.0000 -0.0000
vn 0.0000 -1.0000 -0.0000
vn 0.0000 -1.0000 -0.0000
vn 0.0000 -1.0000 -0.0000
vn 0.0000 -1.0000 -0.0000
vn 0.0000 -1.0000 -0.0000
vn 0.0000 -1.0000 -0.0000
vn 0.0000 -1.0000 -0.0000
vn 0.0000 -1.0000 -0.0000
vn 0.0000 -1.0000 -0.0000
vn 0.0000 -1.0000 -0.0000
vn 0.0000 -1.0000 -0.0000
vn 0.0000 -1.0000 -0.0000
vn 0.0000 -1.0000 -0.0000
vn 0.0000 -1.0000 -0.0000
vn 0.0000 -1.0000 -0.0000
vn 0.0000 -1.0000 -0.0000
vn 0.0000 -1.0000 0.0000
vn 0.0000 -1.0000 0.0000
vn 0.0000 -1.0000 -0.0000
vn 0.0000 -1.0000 -0.0000
vn 0.0000 -1.0000 -0.0000
vn 0.0000 -1.0000 -0.0000
vn 0.0000 -1.0000 -0.0000
vn 0.0000 -1.0000 -0.0000
vn 0.0000 -1.0000 -0.0000
vn 0.0000 -1.0000 -0.0000
vn 0.0000 -1.0000 -0.0000
vn 0.0000 -1.0000 -0.0000
vn 0.0000 -1.0000 -0.0000
vn 0.0000 -1.0000 -0.0000
vn 0.0000 -1.0000 -0.0000
vn 0.0000 -1.0000 -0.0000
vn 0.0000 -1.0000 -0.0000
vn 0.0000 -1.0000 -0.0000
vn 0.0000 -1.0000 -0.0000
vn 0.0000 -1.0000 -0.0000
vn 0.0000 -1.0000 -0.0000
vn 0.0000 -1.0000 -0.0000
vn 0.0000 -1.0000 -0.0000
vn 0.0000 -1.0000 -0.0000
vn 0.0000 -1.0000 -0.0000
vn 0.0000 -1.0000 -0.0000
vn 0.0000 -1.0000 -0.0000
vn 0.0000 -1.0000 -0.0000
vn 0.0000 -1.0000 -0.0000
vn 0.0000 -1.0000 -0.0000
vn 0.0000 -1.0000 -0.0000
vn 0.0000 -1.0000 -0.0000
vn 0.0000 -1.0000 -0.0000
vn 0.0000 -1.0000 -0.0000
vn 0.0000 -1.0000 -0.0000
vn 0.0000 -1.0000 -0.0000
vn 0.0000 -1.0000 -0.0000
vn 0.0000 -1.0000 -0.0000
vn 0.0000 -1.0000 -0.0000
vn 0.0000 -1.0000 -0.0000
vn 0.0000 -1.0000 -0.0000
vn 0.0000 -1.0000 -0.0000
vn 0.0000 -1.0000 -0.0000
vn 0.0000 -1.0000 -0.0000
vn 0.0000 -1.0000 -0.0000
vn 0.0000 -1.0000 -0.0000
vn 0.0000 -1.0000 -0.0000
vn 0.0000 -1.0000 -0.0000
vn 0.0000 -1.0000 -0.0000
vn 0.0000 -1.0000 -0.0000
vn 0.0000 -1.0000 -0.0000
vn 0.0000 -1.0000 -0.0000
vn 0.0000 -1.0000 -0.0000
vn 0.0000 -1.0000 -0.0000
vn 0.0000 -1.0000 -0.0000
vn 0.0000 -1.0000 -0.0000
vn 0.0000 -1.0000 -0.0000
vn 0.0000 -1.0000 -0.0000
vn 0.0000 -1.0000 -0.0000
vn 0.0000 -1.0000 -0.0000
vn 0.0000 -1.0000 -0.0000
vn -0.0000 -1.0000 0.0000
vn 0.0000 -1.0000 0.0000
vn 0.0000 -1.0000 -0.0000
vn 0.0000 -1.0000 -0.0000
vn 0.0000 -1.0000 -0.0000
vn 0.0000 -1.0000 -0.0000
vn 0.0000 -1.0000 -0.0000
vn 0.0000 -1.0000 -0.0000
vn 0.0000 -1.0000 -0.0000
vn 0.0000 -1.0000 -0.0000
vn 0.0000 -1.0000 -0.0000
vn 0.0000 -1.0000 -0.0000
vn 0.0000 -1.0000 -0.0000
vn 0.0000 -1.0000 -0.0000
vn 0.0000 -1.0000 -0.0000
vn 0.0000 -1.0000 -0.0000
vn 0.0000 -1.0000 -0.0000
vn 0.0000 -1.0000 -0.0000
vn 0.0000 -1.0000 -0.0000
vn 0.0000 -1.0000 -0.0000
vn 0.0000 -1.0000 -0.0000
vn 0.0000 -1.0000 -0.0000
vn 0.0000 -1.0000 -0.0000
vn 0.0000 -1.0000 -0.0000
vn 0.0000 -1.0000 -0.0000
vn 0.0000 -1.0000 -0.0000
vn 0.0000 -1.0000 -0.0000
vn 0.0000 -1.0000 -0.0000
vn 0.0000 -1.0000 -0.0000
vn 0.0000 -1.0000 -0.0000
vn 0.0000 -1.0000 -0.0000
vn 0.0000 -1.0000 -0.0000
vn 0.0000 -1.0000 -0.0000
vn 0.0000 -1.0000 -0.0000
vn 0.0000 -1.0000 -0.0000
vn 0.0000 -1.0000 -0.0000
vn 0.0000 -1.0000 -0.0000
vn 0.0000 -1.0000 -0.0000
vn 0.0000 -1.0000 -0.0000
vn 0.0000 -1.0000 -0.0000
vn 0.0000 -1.0000 -0.0000
vn 0.0000 -1.0000 -0.0000
vn 0.0000 -1.0000 -0.0000
vn 0.0000 -1.0000 -0.0000
vn 0.0000 -1.0000 -0.0000
vn 0.0000 -1.0000 -0.0000
vn 0.0000 -1.0000 -0.0000
vn 0.0000 -1.0000 -0.0000
vn 0.0000 -1.0000 -0.0000
vn 0.0000 -1.0000 -0.0000
vn 0.0000 -1.0000 -0.0000
vn 0.0000 -1.0000 -0.0000
vn 0.0000 -1.0000 -0.0000
vn 0.0000 -1.0000 -0.0000
vn 0.0000 -1.0000 -0.0000
vn 0.0000 -1.0000 -0.0000
vn 0.0000 -1.0000 -0.0000
vn 0.0000 -1.0000 -0.0000
vn 0.0000 -1.0000 -0.0000
vn 0.0000 -1.0000 -0.0000
vn 0.0000 -1.0000 -0.0000
vn 0.0000 -1.0000 -0.0000
vn 0.0000 -1.0000 -0.0000
vn 0.0000 -1.0000 -0.0000
vn 0.0000 -1.0000 -0.0000
vn 0.0000 -1.0000 -0.0000
vn 0.0000 -1.0000 -0.0000
vn 0.0000 -1.0000 -0.0000
vn 0.0000 -1.0000 -0.0000
vn 0.0000 -1.0000 -0.0000
vn 0.0000 -1.0000 -0.0000
vn 0.0000 -1.0000 -0.0000
vn 0.0000 -1.0000 -0.0000
vn 0.0000 -1.0000 -0.0000
vn 0.0000 -1.0000 -0.0000
vn 0.0000 -1.0000 -0.0000
vn 0.0000 -1.0000 -0.0000
vn 0.0000 -1.0000 -0.0000
vn 0.0000 -1.0000 -0.0000
vn 0.0000 -1.0000 -0.0000
vn 0.0000 -1.0000 -0.0000
vn 0.0000 -1.0000 -0.0000
vn 0.0000 -1.0000 -0.0000
vn 0.0000 -1.0000 -0.0000
vn 0.0000 -1.0000 -0.0000
vn 0.0000 -1.0000 -0.0000
vn 0.0000 -1.0000 -0.0000
vn 0.0000 -1.0000 -0.0000
vn 0.0000 -1.0000 -0.0000
vn 0.0000 -1.0000 -0.0000
vn 0.0000 -1.0000 -0.0000
vn 0.0000 -1.0000 -0.0000
vn 0.0000 -1.0000 -0.0000
vn 0.0000 -1.0000 -0.0000
vn 0.0000 -1.0000 0.0000
vn 0.0000 -1.0000 0.0000
vn 0.0000 -1.0000 0.0000
vn 0.0000 -1.0000 -0.0000
vn 0.0000 -1.0000 -0.0000
vn 0.0000 -1.0000 0.0000
vn -0.0000 -1.0000 0.0000
vn -0.0000 -1.0000 -0.0000
vn 0.0000 -1.0000 -0.0000
vn -0.0000 -1.0000 0.0000
vn 0.0000 -1.0000 -0.0000
vn 0.0000 -1.0000 -0.0000
vn 0.0000 -1.0000 -0.0000
vn 0.0000 -1.0000 -0.0000
vn 0.0000 -1.0000 -0.0000
vn -0.0000 -1.0000 -0.0000
vn -0.0000 -1.0000 -0.0000
vn 0.0000 -1.0000 -0.0000
vn 0.0000 -1.0000 -0.0000
vn 0.0000 -1.0000 -0.0000
vn -0.0000 -1.0000 -0.0000
vn 0.0000 -1.0000 -0.0000
vn 0.0000 -1.0000 -0.0000
vn 0.0000 -1.0000 -0.0000
vn 0.0000 -1.0000 -0.0000
vn 0.0000 -1.0000 -0.0000
vn 0.0000 -1.0000 -0.0000
vn 0.0000 -1.0000 -0.0000
vn 0.0000 -1.0000 -0.0000
vn 0.0000 -1.0000 -0.0000
vn 0.0000 -1.0000 -0.0000
vn 0.0000 -1.0000 -0.0000
vn 0.0000 -1.0000 -0.0000
vn 0.0000 -1.0000 -0.0000
vn 0.0000 -1.0000 -0.0000
vn 0.0000 -1.0000 -0.0000
vn 0.0000 -1.0000 -0.0000
vn 0.0000 -1.0000 -0.0000
vn 0.0000 -1.0000 -0.0000
vn 0.0000 -1.0000 -0.0000
vn 0.0000 -1.0000 -0.0000
vn 0.0000 -1.0000 -0.0000
vn 0.0000 -1.0000 -0.0000
vn 0.0000 -1.0000 -0.0000
vn 0.0000 -1.0000 -0.0000
vn 0.0000 -1.0000 -0.0000
vn 0.0000 -1.0000 -0.0000
vn 0.0000 -1.0000 -0.0000
vn 0.0000 -1.0000 -0.0000
vn 0.0000 -1.0000 -0.0000
vn 0.0000 -1.0000 -0.0000
vn 0.0000 -1.0000 -0.0000
vn 0.0000 -1.0000 -0.0000
vn 0.0000 -1.0000 -0.0000
vn 0.0000 -1.0000 -0.0000
vn 0.0000 -1.0000 -0.0000
vn 0.0000 -1.0000 -0.0000
vn 0.0000 -1.0000 -0.0000
vn 0.0000 -1.0000 -0.0000
vn 0.0000 -1.0000 -0.0000
vn 0.0000 -1.0000 -0.0000
vn 0.0000 -1.0000 -0.0000
vn 0.0000 -1.0000 -0.0000
vn 0.0000 -1.0000 -0.0000
vn 0.0000 -1.0000 -0.0000
vn 0.0000 -1.0000 -0.0000
vn 0.0000 -1.0000 -0.0000
vn 0.0000 -1.0000 -0.0000
vn 0.0000 -1.0000 -0.0000
vn 0.0000 -1.0000 -0.0000
vn 0.0000 -1.0000 -0.0000
vn 0.0000 -1.0000 -0.0000
vn 0.0000 -1.0000 -0.0000
vn 0.0000 -1.0000 -0.0000
vn 0.0000 -1.0000 -0.0000
vn 0.0000 -1.0000 -0.0000
vn 0.0000 -1.0000 -0.0000
vn 0.0000 -1.0000 -0.0000
vn 0.0000 -1.0000 -0.0000
vn 0.0000 -1.0000 -0.0000
vn 0.0000 -1.0000 -0.0000
vn 0.0000 -1.0000 -0.0000
vn 0.0000 -1.0000 -0.0000
vn 0.0000 -1.0000 -0.0000
vn 0.0000 -1.0000 -0.0000
vn 0.0000 -1.0000 -0.0000
vn 0.0000 -1.0000 -0.0000
vn 0.0000 -1.0000 -0.0000
vn 0.0000 -1.0000 -0.0000
vn 0.0000 -1.0000 -0.0000
vn 0.0000 -1.0000 -0.0000
vn 0.0000 -1.0000 -0.0000
vn 0.0000 -1.0000 -0.0000
vn 0.0000 -1.0000 -0.0000
vn 0.0000 -1.0000 -0.0000
vn 0.0000 -1.0000 -0.0000
vn 0.0000 -1.0000 -0.0000
vn 0.0000 -1.0000 -0.0000
vn 0.0000 -1.0000 -0.0000
vn 0.0000 -1.0000 -0.0000
vn 0.0000 -1.0000 -0.0000
vn 0.0000 -1.0000 -0.0000
vn 0.0000 -1.0000 -0.0000
vn 0.0000 -1.0000 -0.0000
vn 0.0000 -1.0000 -0.0000
vn 0.0000 -1.0000 -0.0000
vn 0.0000 -1.0000 -0.0000
vn 0.0000 -1.0000 -0.0000
vn 0.0000 -1.0000 -0.0000
vn 0.0000 -1.0000 -0.0000
vn 0.0000 -1.0000 -0.0000
vn 0.0000 -1.0000 -0.0000
vn 0.0000 -1.0000 -0.0000
vn 0.0000 -1.0000 -0.0000
vn 0.0000 -1.0000 -0.0000
vn 0.0000 -1.0000 -0.0000
vn 0.0000 -1.0000 -0.0000
vn 0.0000 -1.0000 -0.0000
vn 0.0000 -1.0000 -0.0000
vn 0.0000 -1.0000 -0.0000
vn 0.0000 -1.0000 -0.0000
vn 0.0000 -1.0000 -0.0000
vn 0.0000 -1.0000 -0.0000
vn 0.0000 -1.0000 -0.0000
vn 0.0000 -1.0000 -0.0000
vn 0.0000 -1.0000 -0.0000
vn -0.0000 -1.0000 -0.0000
vn -0.0000 -1.0000 -0.0000
vn 0.0000 -1.0000 -0.0000
vn -0.0000 -1.0000 -0.0000
vn 0.0000 -1.0000 -0.0000
vn 0.0000 -1.0000 -0.0000
vn 0.0000 -1.0000 -0.0000
vn 0.0000 -1.0000 -0.0000
vn 0.0000 -1.0000 -0.0000
vn 0.0000 -1.0000 -0.0000
vn 0.0000 -1.0000 -0.0000
# 720 vertex normals

vt 0.9732 0.0236 0.0000
vt 0.5891 0.0236 0.0000
vt 0.5891 0.0089 0.0000
vt 0.9732 0.0089 0.0000
vt 0.9734 0.0089 0.3750
vt 0.9734 0.0236 0.3750
vt 0.9546 0.0236 0.3750
vt 0.9546 0.0089 0.3750
vt 0.6063 0.0236 0.3750
vt 0.5890 0.0236 0.3750
vt 0.5890 0.0089 0.3750
vt 0.6063 0.0089 0.3750
vt 0.6050 0.0236 0.0000
vt 0.6050 0.0089 0.0000
vt 0.8205 0.0414 0.0000
vt 0.6149 0.0414 0.0000
vt 0.6149 0.0272 0.0000
vt 0.8205 0.0272 0.0000
vt 0.9575 0.0236 0.0000
vt 0.9575 0.0089 0.0000
vt 0.7994 0.0413 0.3750
vt 0.7776 0.0413 0.3750
vt 0.7776 0.0271 0.3750
vt 0.7994 0.0271 0.3750
vt 0.7549 0.0413 0.3750
vt 0.7549 0.0271 0.3750
vt 0.7318 0.0413 0.3750
vt 0.7318 0.0271 0.3750
vt 0.7090 0.0413 0.3750
vt 0.7090 0.0271 0.3750
vt 0.6871 0.0413 0.3750
vt 0.6871 0.0271 0.3750
vt 0.6667 0.0413 0.3750
vt 0.6667 0.0271 0.3750
vt 0.6482 0.0413 0.3750
vt 0.6482 0.0271 0.3750
vt 0.6314 0.0413 0.3750
vt 0.6314 0.0271 0.3750
vt 0.6148 0.0413 0.3750
vt 0.6148 0.0271 0.3750
vt 0.8203 0.0413 0.3750
vt 0.8203 0.0271 0.3750
vt 0.8203 0.0412 0.3750
vt 0.8038 0.0412 0.3750
vt 0.8038 0.0271 0.3750
vt 0.7869 0.0412 0.3750
vt 0.7869 0.0271 0.3750
vt 0.7684 0.0412 0.3750
vt 0.7684 0.0271 0.3750
vt 0.7481 0.0412 0.3750
vt 0.7481 0.0271 0.3750
vt 0.7262 0.0412 0.3750
vt 0.7262 0.0271 0.3750
vt 0.7034 0.0412 0.3750
vt 0.7034 0.0271 0.3750
vt 0.6803 0.0412 0.3750
vt 0.6803 0.0271 0.3750
vt 0.6576 0.0412 0.3750
vt 0.6576 0.0271 0.3750
vt 0.6357 0.0412 0.3750
vt 0.6357 0.0271 0.3750
vt 0.6148 0.0412 0.3750
vt 0.9733 0.0236 0.3750
vt 0.9560 0.0236 0.3750
vt 0.9560 0.0090 0.3750
vt 0.9733 0.0090 0.3750
vt 0.9380 0.0236 0.3750
vt 0.9380 0.0090 0.3750
vt 0.9201 0.0236 0.3750
vt 0.9201 0.0090 0.3750
vt 0.6244 0.0235 0.3750
vt 0.6064 0.0235 0.3750
vt 0.6064 0.0089 0.3750
vt 0.6244 0.0089 0.3750
vt 0.5891 0.0235 0.3750
vt 0.5891 0.0089 0.3750
vt 0.5891 0.0236 -0.0867
vt 0.5891 0.0089 -0.0867
vt 0.6050 0.0089 -0.0867
vt 0.6050 0.0236 -0.0867
vt 0.5891 0.0089 -0.0688
vt 0.9732 0.0089 -0.0688
vt 0.9732 0.0236 0.0688
vt 0.5891 0.0236 -0.0688
vt 0.5891 0.0089 -0.0691
vt 0.9732 0.0089 0.0691
vt 0.9732 0.0236 -0.0691
vt 0.5891 0.0236 -0.0691
vt 0.9732 0.0236 -0.0857
vt 0.6050 0.0236 -0.0857
vt 0.6050 0.0089 -0.0857
vt 0.9732 0.0089 -0.0857
vt 0.9575 0.0089 -0.0867
vt 0.9575 0.0236 -0.0867
vt 0.9732 0.0089 -0.0867
vt 0.9732 0.0236 0.0867
vt 0.5891 0.0236 0.0857
vt 0.5891 0.0089 -0.0857
# 98 texture coords

o FlatTriRoofFrame
g FlatTriRoofFrame
s 1
f 1/1/1 2/2/2 3/3/3 4/4/4 
f 5/5/5 6/6/6 7/7/7 8/8/8 
f 9/9/9 10/10/10 11/11/11 12/12/12 
f 13/1/13 14/13/14 15/14/15 16/4/16 
f 17/3/17 18/4/18 19/1/19 15/2/20 
f 20/9/21 21/10/22 22/11/23 23/12/24 
f 22/15/25 13/16/26 16/17/27 23/18/28 
f 24/5/29 25/6/30 26/7/31 27/8/32 
f 28/9/33 6/10/34 5/11/35 29/12/36 
f 30/4/37 31/1/38 32/19/39 33/20/40 
f 13/17/41 22/18/42 34/15/43 35/16/44 
f 36/9/45 37/10/46 38/11/47 39/12/48 
f 40/17/49 13/18/50 35/15/51 41/16/52 
f 2/3/53 1/20/54 42/19/55 43/2/56 
f 14/3/57 13/4/58 44/1/59 42/2/60 
f 13/15/61 40/16/62 45/17/63 44/18/64 
f 46/13/65 31/2/66 30/3/67 47/14/68 
f 48/5/69 49/6/70 50/7/71 51/8/72 
f 52/9/73 53/10/74 54/11/75 55/12/76 
f 56/21/77 57/22/78 58/23/79 59/24/80 
f 57/22/81 60/25/82 61/26/83 58/23/84 
f 60/25/85 62/27/86 63/28/87 61/26/88 
f 62/27/89 64/29/90 65/30/91 63/28/92 
f 64/29/93 66/31/94 67/32/95 65/30/96 
f 66/31/97 68/33/98 69/34/99 67/32/100 
f 68/33/101 70/35/102 71/36/103 69/34/104 
f 70/35/105 72/37/106 73/38/107 71/36/108 
f 72/37/109 74/39/110 75/40/111 73/38/112 
f 76/9/113 25/10/114 24/11/115 77/12/116 
f 54/5/117 53/6/118 78/7/119 79/8/120 
f 78/7/121 80/10/122 81/11/123 79/8/124 
f 80/41/125 56/21/126 59/24/127 81/42/128 
f 82/9/129 49/10/130 48/11/131 83/12/132 
f 38/5/133 37/6/134 84/7/135 85/8/136 
f 84/7/137 86/10/138 87/11/139 85/8/140 
f 86/43/141 88/44/142 89/45/143 87/42/144 
f 88/44/145 90/46/146 91/47/147 89/45/148 
f 90/46/149 92/48/150 93/49/151 91/47/152 
f 92/48/153 94/50/154 95/51/155 93/49/156 
f 94/50/157 96/52/158 97/53/159 95/51/160 
f 96/52/161 98/54/162 99/55/163 97/53/164 
f 98/54/165 100/56/166 101/57/167 99/55/168 
f 100/56/169 102/58/170 103/59/171 101/57/172 
f 102/58/173 104/60/174 105/61/175 103/59/176 
f 104/60/177 106/62/178 107/40/179 105/61/180 
f 108/63/181 109/64/182 110/65/183 111/66/184 
f 109/64/185 112/67/186 113/68/187 110/65/188 
f 112/67/189 114/69/190 115/70/191 113/68/192 
f 114/71/193 116/72/194 117/73/195 115/74/196 
f 116/72/197 118/75/198 119/76/199 117/73/200 
f 120/9/201 121/10/202 18/11/203 122/12/204 
f 18/1/205 17/13/206 123/14/207 122/4/208 
f 11/5/209 10/6/210 124/7/211 125/8/212 
f 124/7/213 108/10/214 111/11/215 125/8/216 
f 126/77/217 31/78/218 46/79/219 127/80/220 
f 55/12/221 51/8/222 50/7/223 52/9/224 
f 51/81/225 128/82/226 129/83/227 48/84/228 
f 48/85/229 129/86/230 130/87/231 83/88/232 
f 83/12/233 107/5/234 106/6/235 82/9/236 
f 85/89/237 130/90/238 131/91/239 38/92/240 
f 38/1/241 131/13/242 41/14/243 39/4/244 
f 39/12/245 34/8/246 132/7/247 36/9/248 
f 22/5/249 21/6/250 132/7/251 34/8/252 
f 23/12/253 19/8/254 133/7/255 20/9/256 
f 18/5/257 121/6/258 133/7/259 19/8/260 
f 122/12/261 119/5/262 118/6/263 120/9/264 
f 125/3/265 123/4/266 134/1/267 11/2/268 
f 11/3/269 134/20/270 4/19/271 12/2/272 
f 12/12/273 8/8/274 7/7/275 9/9/276 
f 8/17/277 3/18/278 2/15/279 5/16/280 
f 5/17/281 2/18/282 135/15/283 29/16/284 
f 29/12/285 27/8/286 26/7/287 28/9/288 
f 32/20/289 31/4/290 126/1/291 136/19/292 
f 77/12/293 75/5/294 74/6/295 76/9/296 
f 134/20/297 137/4/298 1/1/299 4/19/300 
f 1/20/301 137/4/302 14/1/303 42/19/304 
f 14/13/305 137/2/306 17/3/307 15/14/308 
f 17/13/309 137/2/310 134/3/311 123/14/312 
f 33/15/313 135/16/314 2/17/315 30/18/316 
f 30/15/317 2/16/318 43/17/319 47/18/320 
f 47/14/321 45/20/322 138/19/323 46/13/324 
f 46/79/325 138/93/326 128/94/327 127/80/328 
f 127/3/329 55/4/330 54/1/331 126/2/332 
f 126/3/333 54/4/334 79/1/335 136/2/336 
f 136/19/337 77/2/338 24/3/339 32/20/340 
f 32/19/341 24/2/342 27/3/343 33/20/344 
f 138/93/345 139/95/346 129/96/347 128/94/348 
f 129/97/349 139/98/350 131/91/351 130/90/352 
f 131/13/353 139/2/354 40/3/355 41/14/356 
f 40/4/357 139/1/358 138/19/359 45/20/360 
f 1/1/361 4/4/362 3/3/363 2/2/364 
f 5/5/365 8/8/366 7/7/367 6/6/368 
f 9/9/369 12/12/370 11/11/371 10/10/372 
f 13/1/373 16/4/374 15/14/375 14/13/376 
f 17/3/377 15/2/378 19/1/379 18/4/380 
f 20/9/381 23/12/382 22/11/383 21/10/384 
f 22/15/385 23/18/386 16/17/387 13/16/388 
f 24/5/389 27/8/390 26/7/391 25/6/392 
f 28/9/393 29/12/394 5/11/395 6/10/396 
f 30/4/397 33/20/398 32/19/399 31/1/400 
f 13/17/401 35/16/402 34/15/403 22/18/404 
f 36/9/405 39/12/406 38/11/407 37/10/408 
f 40/17/409 41/16/410 35/15/411 13/18/412 
f 2/3/413 43/2/414 42/19/415 1/20/416 
f 14/3/417 42/2/418 44/1/419 13/4/420 
f 13/15/421 44/18/422 45/17/423 40/16/424 
f 46/13/425 47/14/426 30/3/427 31/2/428 
f 48/5/429 51/8/430 50/7/431 49/6/432 
f 52/9/433 55/12/434 54/11/435 53/10/436 
f 56/21/437 59/24/438 58/23/439 57/22/440 
f 57/22/441 58/23/442 61/26/443 60/25/444 
f 60/25/445 61/26/446 63/28/447 62/27/448 
f 62/27/449 63/28/450 65/30/451 64/29/452 
f 64/29/453 65/30/454 67/32/455 66/31/456 
f 66/31/457 67/32/458 69/34/459 68/33/460 
f 68/33/461 69/34/462 71/36/463 70/35/464 
f 70/35/465 71/36/466 73/38/467 72/37/468 
f 72/37/469 73/38/470 75/40/471 74/39/472 
f 76/9/473 77/12/474 24/11/475 25/10/476 
f 54/5/477 79/8/478 78/7/479 53/6/480 
f 78/7/481 79/8/482 81/11/483 80/10/484 
f 80/41/485 81/42/486 59/24/487 56/21/488 
f 82/9/489 83/12/490 48/11/491 49/10/492 
f 38/5/493 85/8/494 84/7/495 37/6/496 
f 84/7/497 85/8/498 87/11/499 86/10/500 
f 86/43/501 87/42/502 89/45/503 88/44/504 
f 88/44/505 89/45/506 91/47/507 90/46/508 
f 90/46/509 91/47/510 93/49/511 92/48/512 
f 92/48/513 93/49/514 95/51/515 94/50/516 
f 94/50/517 95/51/518 97/53/519 96/52/520 
f 96/52/521 97/53/522 99/55/523 98/54/524 
f 98/54/525 99/55/526 101/57/527 100/56/528 
f 100/56/529 101/57/530 103/59/531 102/58/532 
f 102/58/533 103/59/534 105/61/535 104/60/536 
f 104/60/537 105/61/538 107/40/539 106/62/540 
f 108/63/541 111/66/542 110/65/543 109/64/544 
f 109/64/545 110/65/546 113/68/547 112/67/548 
f 112/67/549 113/68/550 115/70/551 114/69/552 
f 114/71/553 115/74/554 117/73/555 116/72/556 
f 116/72/557 117/73/558 119/76/559 118/75/560 
f 120/9/561 122/12/562 18/11/563 121/10/564 
f 18/1/565 122/4/566 123/14/567 17/13/568 
f 11/5/569 125/8/570 124/7/571 10/6/572 
f 124/7/573 125/8/574 111/11/575 108/10/576 
f 126/77/577 127/80/578 46/79/579 31/78/580 
f 55/12/581 52/9/582 50/7/583 51/8/584 
f 51/81/585 48/84/586 129/83/587 128/82/588 
f 48/85/589 83/88/590 130/87/591 129/86/592 
f 83/12/593 82/9/594 106/6/595 107/5/596 
f 85/89/597 38/92/598 131/91/599 130/90/600 
f 38/1/601 39/4/602 41/14/603 131/13/604 
f 39/12/605 36/9/606 132/7/607 34/8/608 
f 22/5/609 34/8/610 132/7/611 21/6/612 
f 23/12/613 20/9/614 133/7/615 19/8/616 
f 18/5/617 19/8/618 133/7/619 121/6/620 
f 122/12/621 120/9/622 118/6/623 119/5/624 
f 125/3/625 11/2/626 134/1/627 123/4/628 
f 11/3/629 12/2/630 4/19/631 134/20/632 
f 12/12/633 9/9/634 7/7/635 8/8/636 
f 8/17/637 5/16/638 2/15/639 3/18/640 
f 5/17/641 29/16/642 135/15/643 2/18/644 
f 29/12/645 28/9/646 26/7/647 27/8/648 
f 32/20/649 136/19/650 126/1/651 31/4/652 
f 77/12/653 76/9/654 74/6/655 75/5/656 
f 134/20/657 4/19/658 1/1/659 137/4/660 
f 1/20/661 42/19/662 14/1/663 137/4/664 
f 14/13/665 15/14/666 17/3/667 137/2/668 
f 17/13/669 123/14/670 134/3/671 137/2/672 
f 33/15/673 30/18/674 2/17/675 135/16/676 
f 30/15/677 47/18/678 43/17/679 2/16/680 
f 47/14/681 46/13/682 138/19/683 45/20/684 
f 46/79/685 127/80/686 128/94/687 138/93/688 
f 127/3/689 126/2/690 54/1/691 55/4/692 
f 126/3/693 136/2/694 79/1/695 54/4/696 
f 136/19/697 32/20/698 24/3/699 77/2/700 
f 32/19/701 33/20/702 27/3/703 24/2/704 
f 138/93/705 128/94/706 129/96/707 139/95/708 
f 129/97/709 130/90/710 131/91/711 139/98/712 
f 131/13/713 41/14/714 40/3/715 139/2/716 
f 40/4/717 45/20/718 138/19/719 139/1/720 
# 180 polygons

#
# object HalfRoundRoofFrameR
#

v  -0.0001 0.0000 -0.0001
v  -9.9278 -0.0265 -8.9333
v  -16.0828 -0.0248 -8.5372
v  -14.4833 -0.0248 1.1413
v  -32.4854 -0.0248 -4.4319
v  -29.4058 -0.0248 4.8761
v  -48.5067 -0.0248 2.2248
v  -44.1138 -0.0248 10.9872
v  -57.3542 -0.0248 7.4758
v  -52.2583 -0.0248 15.8210
v  -57.9644 -0.0248 19.2076
v  -63.5528 -0.0248 11.1547
v  -77.0521 -0.0248 22.0195
v  -70.3524 -0.0248 29.1779
v  -88.4756 -0.0248 34.4338
v  -80.7362 -0.0248 40.4624
v  -92.6574 -0.0248 40.8210
v  -84.4724 -0.0248 46.1689
v  -88.6621 -0.0248 52.5679
v  -97.3467 -0.0248 47.9832
v  -103.2346 -0.0248 62.2354
v  -93.7837 -0.0248 64.9654
v  -105.6825 -0.0248 76.4402
v  -95.8770 -0.0248 77.1130
v  -105.4230 -0.0287 84.4476
v  -95.4305 -0.0267 89.5768
v  -0.0018 -1.9953 -30.7668
v  -9.9279 -1.9952 -30.7668
v  -0.0018 -8.0210 -61.0600
v  -9.9279 -8.0209 -61.0600
v  -0.0018 -17.9492 -90.3076
v  -9.9279 -17.9492 -90.3076
v  -0.0018 -31.6100 -118.0090
v  -9.9279 -31.6100 -118.0090
v  -0.0019 -48.7697 -143.6903
v  -9.9280 -48.7697 -143.6904
v  -0.0019 -69.1347 -166.9122
v  -9.9280 -69.1347 -166.9122
v  -0.0019 -92.3566 -187.2772
v  -9.9280 -92.3566 -187.2772
v  -0.0020 -118.0380 -204.4369
v  -9.9280 -118.0380 -204.4370
v  -0.0020 -127.9820 -209.3407
v  -9.9281 -127.9820 -209.3408
v  -0.0020 -145.7394 -218.0977
v  -0.0020 -174.9870 -228.0260
v  -9.9281 -174.9869 -228.0260
v  -9.9281 -145.7394 -218.0978
v  -0.0020 -205.2802 -234.0517
v  -9.9280 -205.2802 -234.0517
v  -0.0018 -226.3809 -235.4997
v  -9.9279 -226.3808 -235.4997
v  -0.0017 -236.1008 -236.1667
v  -9.9278 -236.1007 -236.1667
v  -274.0397 -92.3496 145.9384
v  -271.2962 -92.3513 154.9102
v  -252.1744 -69.1340 147.8085
v  -254.8886 -69.1340 138.9380
v  -290.1657 -118.0536 151.8336
v  -287.3936 -118.0515 160.8900
v  -294.7906 -128.0414 153.5237
v  -292.0114 -128.0402 162.6048
v  -312.3712 -174.9529 159.9484
v  -309.5638 -174.9496 169.1226
v  -300.2578 -145.8775 165.6671
v  -303.0493 -145.8770 156.5419
v  -318.0406 -205.3220 162.0176
v  -315.2248 -205.3213 171.2215
v  -319.3800 -226.2840 162.5113
v  -316.5620 -226.2831 171.7216
v  -320.0269 -236.1546 162.7498
v  -317.2082 -236.1536 171.9632
v  -230.3773 -48.7597 139.7135
v  -233.0570 -48.7599 130.9573
v  -206.2558 -31.6105 130.7584
v  -208.8947 -31.6100 122.1294
v  -180.2212 -17.9153 121.0887
v  -182.8172 -17.9151 112.5979
v  -152.8095 -7.9946 110.9033
v  -155.3640 -7.9946 102.5565
v  -124.3079 -2.0118 100.3228
v  -126.8156 -2.0119 92.1263
v  -117.7180 -1.9953 26.7216
v  -119.5487 -1.9952 33.5094
v  -156.4234 -8.0210 16.2831
v  -158.2541 -8.0209 23.0710
v  -193.7928 -17.9492 6.2050
v  -195.6234 -17.9492 12.9929
v  -229.1866 -31.6100 -3.3403
v  -231.0172 -31.6100 3.4475
v  -261.9994 -48.7697 -12.1896
v  -263.8300 -48.7697 -5.4018
v  -291.6697 -69.1347 -20.1913
v  -293.5003 -69.1347 -13.4035
v  -317.6899 -92.3566 -27.2088
v  -319.5205 -92.3566 -20.4209
v  -339.6147 -118.0380 -33.1216
v  -341.4454 -118.0380 -26.3338
v  -345.8803 -127.9820 -34.8114
v  -347.7110 -127.9820 -28.0236
v  -357.0690 -145.7394 -37.8289
v  -369.7542 -174.9870 -41.2499
v  -371.5849 -174.9869 -34.4621
v  -358.8997 -145.7394 -31.0410
v  -377.4532 -205.2802 -43.3263
v  -379.2838 -205.2802 -36.5385
v  -379.3033 -226.3809 -43.8253
v  -381.1339 -226.3808 -37.0375
v  -380.1555 -236.1008 -44.0553
v  -381.9862 -236.1007 -37.2674
v  -75.4273 -1.9953 -17.0159
v  -81.1072 -1.9952 -12.8728
v  -99.1231 -8.0210 -49.5010
v  -104.8030 -8.0209 -45.3579
v  -122.0010 -17.9492 -80.8649
v  -127.6809 -17.9492 -76.7218
v  -143.6695 -31.6100 -110.5707
v  -149.3494 -31.6100 -106.4276
v  -163.7578 -48.7697 -138.1102
v  -169.4377 -48.7697 -133.9672
v  -181.9223 -69.1347 -163.0123
v  -187.6021 -69.1347 -158.8693
v  -197.8521 -92.3566 -184.8510
v  -203.5320 -92.3566 -180.7079
v  -211.2747 -118.0380 -203.2523
v  -216.9546 -118.0380 -199.1093
v  -215.1105 -127.9820 -208.5109
v  -220.7905 -127.9820 -204.3679
v  -221.9604 -145.7394 -217.9016
v  -229.7265 -174.9870 -228.5482
v  -235.4063 -174.9869 -224.4051
v  -227.6404 -145.7394 -213.7585
v  -234.4398 -205.2802 -235.0099
v  -240.1197 -205.2802 -230.8669
v  -235.5724 -226.3809 -236.5627
v  -241.2523 -226.3808 -232.4197
v  -236.0940 -236.1008 -237.2781
v  -241.7740 -236.1007 -233.1350
v  -0.0020 -137.8336 -214.1990
v  -9.9281 -137.8336 -214.1991
v  -299.3723 -137.9364 155.1981
v  -296.5865 -137.9361 164.3037
v  -352.0877 -137.8336 -36.4855
v  -353.9184 -137.8336 -29.6976
v  -218.9108 -137.8336 -213.7208
v  -224.5907 -137.8336 -209.5777
# 146 vertices

vn 0.0159 0.9991 -0.0386
vn 0.0155 0.9992 -0.0376
vn -0.0006 1.0000 -0.0003
vn -0.0006 1.0000 -0.0003
vn -0.0006 1.0000 -0.0003
vn -0.0006 1.0000 -0.0003
vn 0.0000 1.0000 -0.0000
vn 0.0000 1.0000 -0.0000
vn 0.0000 1.0000 -0.0000
vn 0.0000 1.0000 -0.0000
vn 0.0000 1.0000 -0.0000
vn 0.0000 1.0000 -0.0000
vn 0.0000 1.0000 -0.0000
vn 0.0000 1.0000 -0.0000
vn -0.0115 0.9998 -0.0174
vn 0.0000 1.0000 -0.0000
vn 0.0000 1.0000 -0.0000
vn -0.0129 0.9997 -0.0195
vn 0.0000 1.0000 -0.0000
vn 0.0000 1.0000 -0.0000
vn 0.0000 1.0000 -0.0000
vn 0.0000 1.0000 -0.0000
vn -0.0185 0.9998 -0.0084
vn 0.0000 1.0000 -0.0000
vn 0.0000 1.0000 -0.0000
vn -0.0185 0.9998 -0.0084
vn -0.0234 0.9997 -0.0107
vn 0.0000 1.0000 -0.0000
vn 0.0000 1.0000 -0.0000
vn 0.0000 1.0000 -0.0000
vn 0.0000 1.0000 -0.0000
vn 0.0000 1.0000 -0.0000
vn 0.0000 1.0000 -0.0000
vn 0.0000 1.0000 -0.0000
vn -0.0001 1.0000 0.0001
vn -0.0001 1.0000 0.0001
vn -0.0001 1.0000 0.0001
vn -0.0001 1.0000 0.0001
vn -0.0310 0.9991 0.0291
vn -0.0259 0.9994 0.0243
vn 0.0159 0.9991 -0.0386
vn 0.0163 0.9907 -0.1354
vn 0.0163 0.9907 -0.1354
vn 0.0155 0.9992 -0.0376
vn 0.0163 0.9907 -0.1354
vn 0.0000 0.9659 -0.2588
vn 0.0000 0.9659 -0.2588
vn 0.0163 0.9907 -0.1354
vn 0.0000 0.9659 -0.2588
vn 0.0000 0.9239 -0.3827
vn 0.0000 0.9239 -0.3827
vn 0.0000 0.9659 -0.2588
vn 0.0000 0.9239 -0.3827
vn 0.0000 0.8660 -0.5000
vn 0.0000 0.8660 -0.5000
vn 0.0000 0.9239 -0.3827
vn 0.0000 0.8660 -0.5000
vn 0.0000 0.7934 -0.6088
vn 0.0000 0.7934 -0.6088
vn 0.0000 0.8660 -0.5000
vn 0.0000 0.7934 -0.6088
vn 0.0000 0.7071 -0.7071
vn 0.0000 0.7071 -0.7071
vn 0.0000 0.7934 -0.6088
vn 0.0000 0.7071 -0.7071
vn 0.0000 0.6088 -0.7934
vn 0.0000 0.6088 -0.7934
vn 0.0000 0.7071 -0.7071
vn 0.0000 0.6088 -0.7934
vn 0.0000 0.5000 -0.8660
vn 0.0000 0.5000 -0.8660
vn 0.0000 0.6088 -0.7934
vn 0.0000 0.5000 -0.8660
vn 0.0000 0.4423 -0.8969
vn -0.0009 0.4467 -0.8947
vn 0.0000 0.5000 -0.8660
vn 0.0000 0.3827 -0.9239
vn 0.0000 0.2588 -0.9659
vn 0.0000 0.2588 -0.9659
vn 0.0000 0.3827 -0.9239
vn 0.0000 0.2588 -0.9659
vn 0.0000 0.1320 -0.9912
vn 0.0000 0.1320 -0.9912
vn 0.0000 0.2588 -0.9659
vn 0.0000 0.1320 -0.9912
vn 0.0000 0.0685 -0.9977
vn 0.0016 0.0692 -0.9976
vn 0.0000 0.1320 -0.9912
vn 0.0000 0.0685 -0.9977
vn 0.0000 0.0685 -0.9977
vn 0.0024 0.0696 -0.9976
vn 0.0016 0.0692 -0.9976
vn -0.7581 0.6096 0.2319
vn -0.7597 0.6073 0.2324
vn -0.6775 0.7057 0.2073
vn -0.6752 0.7081 0.2066
vn -0.8280 0.5003 0.2533
vn -0.8291 0.4983 0.2537
vn -0.7597 0.6073 0.2324
vn -0.7581 0.6096 0.2319
vn -0.8291 0.4983 0.2537
vn -0.8280 0.5003 0.2533
vn -0.8553 0.4494 0.2581
vn -0.8579 0.4417 0.2625
vn -0.9234 0.2598 0.2825
vn -0.9237 0.2586 0.2826
vn -0.8837 0.3821 0.2703
vn -0.8830 0.3837 0.2701
vn -0.9479 0.1318 0.2900
vn -0.9480 0.1312 0.2900
vn -0.9237 0.2586 0.2826
vn -0.9234 0.2598 0.2825
vn -0.9479 0.1318 0.2900
vn -0.9536 0.0701 0.2929
vn -0.9540 0.0687 0.2919
vn -0.9480 0.1312 0.2900
vn -0.9533 0.0713 0.2934
vn -0.9539 0.0696 0.2918
vn -0.9540 0.0687 0.2919
vn -0.9536 0.0701 0.2929
vn -0.6752 0.7081 0.2066
vn -0.6775 0.7057 0.2073
vn -0.5836 0.7921 0.1786
vn -0.5808 0.7944 0.1777
vn -0.5808 0.7944 0.1777
vn -0.5836 0.7921 0.1786
vn -0.4800 0.8649 0.1468
vn -0.4767 0.8669 0.1458
vn -0.4767 0.8669 0.1458
vn -0.4800 0.8649 0.1468
vn -0.3684 0.9228 0.1127
vn -0.3646 0.9245 0.1115
vn -0.3646 0.9245 0.1115
vn -0.3684 0.9228 0.1127
vn -0.2491 0.9655 0.0762
vn -0.2448 0.9667 0.0749
vn -0.2448 0.9667 0.0749
vn -0.2491 0.9655 0.0762
vn -0.1244 0.9907 0.0558
vn -0.1200 0.9912 0.0558
vn -0.0259 0.9994 0.0243
vn -0.0310 0.9991 0.0291
vn -0.1200 0.9912 0.0558
vn -0.1244 0.9907 0.0558
vn -0.0185 0.9998 -0.0084
vn -0.1030 0.9941 -0.0336
vn -0.1030 0.9941 -0.0336
vn -0.0234 0.9997 -0.0107
vn -0.1030 0.9941 -0.0336
vn -0.1920 0.9800 -0.0518
vn -0.1920 0.9800 -0.0518
vn -0.1030 0.9941 -0.0336
vn -0.1920 0.9800 -0.0518
vn -0.2889 0.9542 -0.0779
vn -0.2889 0.9542 -0.0779
vn -0.1920 0.9800 -0.0518
vn -0.2889 0.9542 -0.0779
vn -0.3868 0.9163 -0.1043
vn -0.3868 0.9163 -0.1043
vn -0.2889 0.9542 -0.0779
vn -0.3868 0.9163 -0.1043
vn -0.4851 0.8646 -0.1308
vn -0.4851 0.8646 -0.1308
vn -0.3868 0.9163 -0.1043
vn -0.4851 0.8646 -0.1308
vn -0.5830 0.7971 -0.1572
vn -0.5830 0.7971 -0.1572
vn -0.4851 0.8646 -0.1308
vn -0.5830 0.7971 -0.1572
vn -0.6783 0.7116 -0.1829
vn -0.6783 0.7116 -0.1829
vn -0.5830 0.7971 -0.1572
vn -0.6783 0.7116 -0.1829
vn -0.7680 0.6061 -0.2071
vn -0.7680 0.6061 -0.2071
vn -0.6783 0.7116 -0.1829
vn -0.7680 0.6061 -0.2071
vn -0.7729 0.5448 -0.3253
vn -0.8466 0.5302 -0.0455
vn -0.7680 0.6061 -0.2071
vn -0.8472 0.4796 -0.2285
vn -0.9103 0.3333 -0.2455
vn -0.9103 0.3333 -0.2455
vn -0.8472 0.4796 -0.2285
vn -0.9103 0.3333 -0.2455
vn -0.9509 0.1731 -0.2565
vn -0.9509 0.1731 -0.2565
vn -0.9103 0.3333 -0.2455
vn -0.9509 0.1731 -0.2565
vn -0.9221 0.0901 -0.3762
vn -0.9935 0.0876 -0.0734
vn -0.9509 0.1731 -0.2565
vn -0.9221 0.0901 -0.3762
vn -0.8987 0.0895 -0.4294
vn -0.9963 0.0852 0.0141
vn -0.9935 0.0876 -0.0734
vn -0.0115 0.9998 -0.0174
vn -0.0617 0.9943 -0.0872
vn -0.0617 0.9943 -0.0873
vn -0.0129 0.9997 -0.0195
vn -0.0617 0.9943 -0.0872
vn -0.1168 0.9802 -0.1602
vn -0.1168 0.9802 -0.1602
vn -0.0617 0.9943 -0.0873
vn -0.1168 0.9802 -0.1602
vn -0.1759 0.9544 -0.2411
vn -0.1759 0.9544 -0.2411
vn -0.1168 0.9802 -0.1602
vn -0.1759 0.9544 -0.2411
vn -0.2355 0.9167 -0.3228
vn -0.2355 0.9167 -0.3228
vn -0.1759 0.9544 -0.2411
vn -0.2355 0.9167 -0.3228
vn -0.2954 0.8653 -0.4050
vn -0.2954 0.8653 -0.4050
vn -0.2355 0.9167 -0.3228
vn -0.2954 0.8653 -0.4050
vn -0.3551 0.7980 -0.4869
vn -0.3551 0.7980 -0.4869
vn -0.2954 0.8653 -0.4050
vn -0.3551 0.7980 -0.4869
vn -0.4134 0.7127 -0.5668
vn -0.4134 0.7127 -0.5668
vn -0.3551 0.7980 -0.4869
vn -0.4134 0.7127 -0.5668
vn -0.4682 0.6072 -0.6419
vn -0.4682 0.6072 -0.6419
vn -0.4134 0.7127 -0.5668
vn -0.4682 0.6072 -0.6419
vn -0.3197 0.5317 -0.7843
vn -0.5658 0.5436 -0.6199
vn -0.4682 0.6072 -0.6419
vn -0.5168 0.4807 -0.7084
vn -0.5554 0.3342 -0.7615
vn -0.5554 0.3342 -0.7615
vn -0.5168 0.4807 -0.7084
vn -0.5554 0.3342 -0.7615
vn -0.5804 0.1736 -0.7956
vn -0.5804 0.1736 -0.7956
vn -0.5554 0.3342 -0.7615
vn -0.5804 0.1736 -0.7956
vn -0.4032 0.0878 -0.9109
vn -0.6671 0.0899 -0.7395
vn -0.5804 0.1736 -0.7956
vn -0.4032 0.0878 -0.9109
vn -0.3117 0.0852 -0.9464
vn -0.7028 0.0891 -0.7058
vn -0.6671 0.0899 -0.7395
vn -0.0115 0.9998 -0.0174
vn -0.0129 0.9997 -0.0195
vn 0.0000 1.0000 -0.0000
vn 0.0000 1.0000 -0.0000
vn -0.0234 0.9997 -0.0107
vn 0.0000 1.0000 -0.0000
vn 0.0000 1.0000 -0.0000
vn 0.0000 1.0000 -0.0000
vn -0.3117 0.0852 -0.9464
vn -0.4032 0.0878 -0.9109
vn 0.0016 0.0692 -0.9976
vn 0.0024 0.0696 -0.9976
vn -0.6671 0.0899 -0.7395
vn -0.7028 0.0891 -0.7058
vn -0.8987 0.0895 -0.4294
vn -0.9221 0.0901 -0.3762
vn -0.9935 0.0876 -0.0734
vn -0.9963 0.0852 0.0141
vn -0.9533 0.0713 0.2934
vn -0.9536 0.0701 0.2929
vn 0.0000 0.4423 -0.8969
vn 0.0000 0.4423 -0.8969
vn -0.0009 0.4467 -0.8947
vn -0.0009 0.4467 -0.8947
vn -0.8553 0.4494 0.2581
vn -0.8553 0.4492 0.2582
vn -0.8579 0.4417 0.2625
vn -0.8579 0.4417 0.2625
vn -0.7729 0.5448 -0.3253
vn -0.7792 0.5455 -0.3085
vn -0.8404 0.5354 -0.0846
vn -0.8466 0.5302 -0.0455
vn -0.3197 0.5317 -0.7843
vn -0.3652 0.5379 -0.7598
vn -0.5564 0.5444 -0.6277
vn -0.5658 0.5436 -0.6199
vn -0.5658 0.5436 -0.6199
vn -0.5564 0.5444 -0.6277
vn -0.7792 0.5455 -0.3085
vn -0.7729 0.5448 -0.3253
vn -0.8466 0.5302 -0.0455
vn -0.8404 0.5354 -0.0846
vn -0.8553 0.4492 0.2582
vn -0.8553 0.4494 0.2581
vn -0.3652 0.5379 -0.7598
vn -0.3197 0.5317 -0.7843
vn -0.0009 0.4467 -0.8947
vn -0.0009 0.4467 -0.8947
vn 0.0000 0.4423 -0.8969
vn 0.0000 0.3827 -0.9239
vn 0.0000 0.3827 -0.9239
vn -0.0009 0.4467 -0.8947
vn -0.8553 0.4492 0.2582
vn -0.8830 0.3837 0.2701
vn -0.8837 0.3821 0.2703
vn -0.8579 0.4417 0.2625
vn -0.7792 0.5455 -0.3085
vn -0.8472 0.4796 -0.2285
vn -0.8472 0.4796 -0.2285
vn -0.8404 0.5354 -0.0846
vn -0.3652 0.5379 -0.7598
vn -0.5168 0.4807 -0.7084
vn -0.5168 0.4807 -0.7084
vn -0.5564 0.5444 -0.6277
vn -0.0159 -0.9991 0.0386
vn 0.0006 -1.0000 0.0003
vn 0.0006 -1.0000 0.0003
vn -0.0155 -0.9992 0.0376
vn 0.0006 -1.0000 0.0003
vn 0.0000 -1.0000 -0.0000
vn 0.0000 -1.0000 -0.0000
vn 0.0006 -1.0000 0.0003
vn 0.0000 -1.0000 -0.0000
vn 0.0000 -1.0000 -0.0000
vn 0.0000 -1.0000 -0.0000
vn 0.0000 -1.0000 -0.0000
vn 0.0000 -1.0000 -0.0000
vn 0.0000 -1.0000 -0.0000
vn 0.0115 -0.9998 0.0174
vn 0.0000 -1.0000 -0.0000
vn 0.0000 -1.0000 -0.0000
vn 0.0000 -1.0000 -0.0000
vn 0.0000 -1.0000 -0.0000
vn 0.0129 -0.9997 0.0195
vn 0.0000 -1.0000 -0.0000
vn 0.0000 -1.0000 -0.0000
vn 0.0185 -0.9998 0.0084
vn 0.0000 -1.0000 -0.0000
vn 0.0000 -1.0000 -0.0000
vn 0.0000 -1.0000 -0.0000
vn 0.0234 -0.9997 0.0107
vn 0.0185 -0.9998 0.0084
vn 0.0000 -1.0000 -0.0000
vn 0.0000 -1.0000 -0.0000
vn 0.0000 -1.0000 -0.0000
vn 0.0000 -1.0000 -0.0000
vn 0.0000 -1.0000 -0.0000
vn 0.0001 -1.0000 -0.0001
vn 0.0001 -1.0000 -0.0001
vn 0.0000 -1.0000 -0.0000
vn 0.0001 -1.0000 -0.0001
vn 0.0259 -0.9994 -0.0243
vn 0.0310 -0.9991 -0.0291
vn 0.0001 -1.0000 -0.0001
vn -0.0159 -0.9991 0.0386
vn -0.0155 -0.9992 0.0376
vn -0.0163 -0.9907 0.1354
vn -0.0163 -0.9907 0.1354
vn -0.0163 -0.9907 0.1354
vn -0.0163 -0.9907 0.1354
vn -0.0000 -0.9659 0.2588
vn -0.0000 -0.9659 0.2588
vn -0.0000 -0.9659 0.2588
vn -0.0000 -0.9659 0.2588
vn -0.0000 -0.9239 0.3827
vn -0.0000 -0.9239 0.3827
vn -0.0000 -0.9239 0.3827
vn -0.0000 -0.9239 0.3827
vn -0.0000 -0.8660 0.5000
vn -0.0000 -0.8660 0.5000
vn -0.0000 -0.8660 0.5000
vn -0.0000 -0.8660 0.5000
vn -0.0000 -0.7934 0.6088
vn -0.0000 -0.7934 0.6088
vn -0.0000 -0.7934 0.6088
vn -0.0000 -0.7934 0.6088
vn -0.0000 -0.7071 0.7071
vn -0.0000 -0.7071 0.7071
vn -0.0000 -0.7071 0.7071
vn -0.0000 -0.7071 0.7071
vn -0.0000 -0.6088 0.7934
vn -0.0000 -0.6088 0.7934
vn -0.0000 -0.6088 0.7934
vn -0.0000 -0.6088 0.7934
vn -0.0000 -0.5000 0.8660
vn -0.0000 -0.5000 0.8660
vn -0.0000 -0.5000 0.8660
vn -0.0000 -0.5000 0.8660
vn 0.0009 -0.4467 0.8947
vn -0.0000 -0.4423 0.8969
vn -0.0000 -0.3827 0.9239
vn -0.0000 -0.3827 0.9239
vn -0.0000 -0.2588 0.9659
vn -0.0000 -0.2588 0.9659
vn -0.0000 -0.2588 0.9659
vn -0.0000 -0.2588 0.9659
vn -0.0000 -0.1320 0.9912
vn -0.0000 -0.1320 0.9912
vn -0.0000 -0.1320 0.9912
vn -0.0000 -0.1320 0.9912
vn -0.0016 -0.0692 0.9976
vn -0.0000 -0.0685 0.9977
vn -0.0000 -0.0685 0.9977
vn -0.0016 -0.0692 0.9976
vn -0.0024 -0.0696 0.9976
vn -0.0000 -0.0685 0.9977
vn 0.7581 -0.6096 -0.2319
vn 0.6752 -0.7081 -0.2066
vn 0.6775 -0.7057 -0.2073
vn 0.7597 -0.6073 -0.2324
vn 0.8280 -0.5003 -0.2533
vn 0.7581 -0.6096 -0.2319
vn 0.7597 -0.6073 -0.2324
vn 0.8291 -0.4983 -0.2537
vn 0.8291 -0.4983 -0.2537
vn 0.8579 -0.4417 -0.2625
vn 0.8553 -0.4494 -0.2581
vn 0.8280 -0.5003 -0.2533
vn 0.9234 -0.2598 -0.2825
vn 0.8830 -0.3837 -0.2701
vn 0.8837 -0.3821 -0.2703
vn 0.9237 -0.2586 -0.2826
vn 0.9479 -0.1318 -0.2900
vn 0.9234 -0.2598 -0.2825
vn 0.9237 -0.2586 -0.2826
vn 0.9480 -0.1312 -0.2900
vn 0.9479 -0.1318 -0.2900
vn 0.9480 -0.1312 -0.2900
vn 0.9540 -0.0687 -0.2919
vn 0.9536 -0.0701 -0.2929
vn 0.9533 -0.0713 -0.2934
vn 0.9536 -0.0701 -0.2929
vn 0.9540 -0.0687 -0.2919
vn 0.9539 -0.0696 -0.2918
vn 0.6752 -0.7081 -0.2066
vn 0.5808 -0.7944 -0.1777
vn 0.5836 -0.7921 -0.1786
vn 0.6775 -0.7057 -0.2073
vn 0.5808 -0.7944 -0.1777
vn 0.4767 -0.8669 -0.1458
vn 0.4800 -0.8649 -0.1468
vn 0.5836 -0.7921 -0.1786
vn 0.4767 -0.8669 -0.1458
vn 0.3646 -0.9245 -0.1115
vn 0.3684 -0.9228 -0.1127
vn 0.4800 -0.8649 -0.1468
vn 0.3646 -0.9245 -0.1115
vn 0.2448 -0.9667 -0.0749
vn 0.2491 -0.9655 -0.0762
vn 0.3684 -0.9228 -0.1127
vn 0.2448 -0.9667 -0.0749
vn 0.1200 -0.9912 -0.0558
vn 0.1244 -0.9907 -0.0558
vn 0.2491 -0.9655 -0.0762
vn 0.0259 -0.9994 -0.0243
vn 0.1244 -0.9907 -0.0558
vn 0.1200 -0.9912 -0.0558
vn 0.0310 -0.9991 -0.0291
vn 0.0185 -0.9998 0.0084
vn 0.0234 -0.9997 0.0107
vn 0.1030 -0.9941 0.0336
vn 0.1030 -0.9941 0.0336
vn 0.1030 -0.9941 0.0336
vn 0.1030 -0.9941 0.0336
vn 0.1920 -0.9800 0.0518
vn 0.1920 -0.9800 0.0518
vn 0.1920 -0.9800 0.0518
vn 0.1920 -0.9800 0.0518
vn 0.2889 -0.9542 0.0779
vn 0.2889 -0.9542 0.0779
vn 0.2889 -0.9542 0.0779
vn 0.2889 -0.9542 0.0779
vn 0.3868 -0.9163 0.1043
vn 0.3868 -0.9163 0.1043
vn 0.3868 -0.9163 0.1043
vn 0.3868 -0.9163 0.1043
vn 0.4851 -0.8646 0.1308
vn 0.4851 -0.8646 0.1308
vn 0.4851 -0.8646 0.1308
vn 0.4851 -0.8646 0.1308
vn 0.5830 -0.7971 0.1572
vn 0.5830 -0.7971 0.1572
vn 0.5830 -0.7971 0.1572
vn 0.5830 -0.7971 0.1572
vn 0.6783 -0.7116 0.1829
vn 0.6783 -0.7116 0.1829
vn 0.6783 -0.7116 0.1829
vn 0.6783 -0.7116 0.1829
vn 0.7680 -0.6061 0.2071
vn 0.7680 -0.6061 0.2071
vn 0.7680 -0.6061 0.2071
vn 0.7680 -0.6061 0.2071
vn 0.8466 -0.5302 0.0455
vn 0.7729 -0.5448 0.3253
vn 0.8472 -0.4796 0.2285
vn 0.8472 -0.4796 0.2285
vn 0.9103 -0.3333 0.2455
vn 0.9103 -0.3333 0.2455
vn 0.9103 -0.3333 0.2455
vn 0.9103 -0.3333 0.2455
vn 0.9509 -0.1731 0.2565
vn 0.9509 -0.1731 0.2565
vn 0.9509 -0.1731 0.2565
vn 0.9509 -0.1731 0.2565
vn 0.9935 -0.0876 0.0734
vn 0.9221 -0.0901 0.3762
vn 0.9221 -0.0901 0.3762
vn 0.9935 -0.0876 0.0734
vn 0.9963 -0.0852 -0.0141
vn 0.8987 -0.0895 0.4294
vn 0.0115 -0.9998 0.0174
vn 0.0129 -0.9997 0.0195
vn 0.0617 -0.9943 0.0873
vn 0.0617 -0.9943 0.0872
vn 0.0617 -0.9943 0.0872
vn 0.0617 -0.9943 0.0873
vn 0.1168 -0.9802 0.1602
vn 0.1168 -0.9802 0.1602
vn 0.1168 -0.9802 0.1602
vn 0.1168 -0.9802 0.1602
vn 0.1759 -0.9544 0.2411
vn 0.1759 -0.9544 0.2411
vn 0.1759 -0.9544 0.2411
vn 0.1759 -0.9544 0.2411
vn 0.2355 -0.9167 0.3228
vn 0.2355 -0.9167 0.3228
vn 0.2355 -0.9167 0.3228
vn 0.2355 -0.9167 0.3228
vn 0.2954 -0.8653 0.4050
vn 0.2954 -0.8653 0.4050
vn 0.2954 -0.8653 0.4050
vn 0.2954 -0.8653 0.4050
vn 0.3551 -0.7980 0.4869
vn 0.3551 -0.7980 0.4869
vn 0.3551 -0.7980 0.4869
vn 0.3551 -0.7980 0.4869
vn 0.4134 -0.7127 0.5668
vn 0.4134 -0.7127 0.5668
vn 0.4134 -0.7127 0.5668
vn 0.4134 -0.7127 0.5668
vn 0.4682 -0.6072 0.6419
vn 0.4682 -0.6072 0.6419
vn 0.4682 -0.6072 0.6419
vn 0.4682 -0.6072 0.6419
vn 0.5658 -0.5436 0.6199
vn 0.3197 -0.5317 0.7843
vn 0.5168 -0.4807 0.7084
vn 0.5168 -0.4807 0.7084
vn 0.5554 -0.3342 0.7615
vn 0.5554 -0.3342 0.7615
vn 0.5554 -0.3342 0.7615
vn 0.5554 -0.3342 0.7615
vn 0.5804 -0.1736 0.7956
vn 0.5804 -0.1736 0.7956
vn 0.5804 -0.1736 0.7956
vn 0.5804 -0.1736 0.7956
vn 0.6671 -0.0899 0.7395
vn 0.4032 -0.0878 0.9109
vn 0.4032 -0.0878 0.9109
vn 0.6671 -0.0899 0.7395
vn 0.7028 -0.0891 0.7058
vn 0.3117 -0.0852 0.9464
vn 0.0115 -0.9998 0.0174
vn 0.0000 -1.0000 -0.0000
vn 0.0000 -1.0000 -0.0000
vn 0.0129 -0.9997 0.0195
vn 0.0234 -0.9997 0.0107
vn 0.0000 -1.0000 -0.0000
vn 0.0000 -1.0000 -0.0000
vn 0.0000 -1.0000 -0.0000
vn 0.3117 -0.0852 0.9464
vn -0.0024 -0.0696 0.9976
vn -0.0016 -0.0692 0.9976
vn 0.4032 -0.0878 0.9109
vn 0.6671 -0.0899 0.7395
vn 0.9221 -0.0901 0.3762
vn 0.8987 -0.0895 0.4294
vn 0.7028 -0.0891 0.7058
vn 0.9935 -0.0876 0.0734
vn 0.9536 -0.0701 -0.2929
vn 0.9533 -0.0713 -0.2934
vn 0.9963 -0.0852 -0.0141
vn -0.0000 -0.4423 0.8969
vn 0.0009 -0.4467 0.8947
vn 0.0009 -0.4467 0.8947
vn -0.0000 -0.4423 0.8969
vn 0.8553 -0.4494 -0.2581
vn 0.8579 -0.4417 -0.2625
vn 0.8579 -0.4417 -0.2625
vn 0.8553 -0.4492 -0.2582
vn 0.7729 -0.5448 0.3253
vn 0.8466 -0.5302 0.0455
vn 0.8404 -0.5354 0.0846
vn 0.7792 -0.5455 0.3085
vn 0.3197 -0.5317 0.7843
vn 0.5658 -0.5436 0.6199
vn 0.5564 -0.5444 0.6277
vn 0.3652 -0.5379 0.7598
vn 0.5658 -0.5436 0.6199
vn 0.7729 -0.5448 0.3253
vn 0.7792 -0.5455 0.3085
vn 0.5564 -0.5444 0.6277
vn 0.8466 -0.5302 0.0455
vn 0.8553 -0.4494 -0.2581
vn 0.8553 -0.4492 -0.2582
vn 0.8404 -0.5354 0.0846
vn 0.3652 -0.5379 0.7598
vn 0.0009 -0.4467 0.8947
vn 0.0009 -0.4467 0.8947
vn 0.3197 -0.5317 0.7843
vn -0.0000 -0.4423 0.8969
vn 0.0009 -0.4467 0.8947
vn -0.0000 -0.3827 0.9239
vn -0.0000 -0.3827 0.9239
vn 0.8553 -0.4492 -0.2582
vn 0.8579 -0.4417 -0.2625
vn 0.8837 -0.3821 -0.2703
vn 0.8830 -0.3837 -0.2701
vn 0.7792 -0.5455 0.3085
vn 0.8404 -0.5354 0.0846
vn 0.8472 -0.4796 0.2285
vn 0.8472 -0.4796 0.2285
vn 0.3652 -0.5379 0.7598
vn 0.5564 -0.5444 0.6277
vn 0.5168 -0.4807 0.7084
vn 0.5168 -0.4807 0.7084
# 624 vertex normals

vt 0.6350 0.0459 1.0000
vt 0.6489 0.0459 0.9999
vt 0.6489 0.0557 0.9999
vt 0.6350 0.0586 0.9999
vt 0.6489 0.0781 0.9999
vt 0.6350 0.0769 0.9999
vt 0.6489 0.0990 0.9999
vt 0.6350 0.0976 0.9999
vt 0.6489 0.1110 0.9999
vt 0.6350 0.1105 0.9999
vt 0.6350 0.1196 0.9999
vt 0.6489 0.1193 0.9999
vt 0.6489 0.1403 0.9999
vt 0.6350 0.1403 0.9999
vt 0.6489 0.1606 0.9999
vt 0.6350 0.1603 0.9999
vt 0.6489 0.1691 0.9999
vt 0.6350 0.1696 0.9999
vt 0.6350 0.1798 0.9999
vt 0.6489 0.1784 0.9999
vt 0.6489 0.1962 0.9999
vt 0.6350 0.1970 0.9999
vt 0.6489 0.2137 0.9999
vt 0.6350 0.2117 0.9999
vt 0.6489 0.2241 0.9999
vt 0.6350 0.2241 0.9999
vt 0.9733 0.0234 1.0000
vt 0.9076 0.0234 0.9916
vt 0.9082 0.0086 0.9916
vt 0.9586 0.0086 0.9999
vt 0.8447 0.0234 0.9660
vt 0.8450 0.0086 0.9660
vt 0.7817 0.0234 0.9240
vt 0.7818 0.0086 0.9240
vt 0.7188 0.0234 0.8661
vt 0.7186 0.0086 0.8661
vt 0.6558 0.0234 0.7935
vt 0.6555 0.0086 0.7935
vt 0.5889 0.0234 0.7072
vt 0.5889 0.0086 0.7072
vt 0.9733 0.0234 0.7072
vt 0.9088 0.0234 0.6089
vt 0.9088 0.0086 0.6089
vt 0.9733 0.0086 0.7072
vt 0.8468 0.0234 0.5002
vt 0.8469 0.0086 0.5002
vt 0.8229 0.0234 0.4581
vt 0.8231 0.0086 0.4581
vt 0.7797 0.0234 0.3829
vt 0.7179 0.0234 0.2590
vt 0.7178 0.0086 0.2590
vt 0.7799 0.0086 0.3829
vt 0.6561 0.0234 0.1307
vt 0.6558 0.0086 0.1307
vt 0.6130 0.0234 0.0414
vt 0.6125 0.0086 0.0414
vt 0.5889 0.0234 0.0002
vt 0.5889 0.0086 0.0002
vt 0.9090 0.0234 0.6089
vt 0.9087 0.0086 0.6089
vt 0.9733 0.0086 0.7073
vt 0.9733 0.0234 0.7073
vt 0.8470 0.0234 0.5001
vt 0.8467 0.0086 0.5001
vt 0.8230 0.0234 0.4578
vt 0.8228 0.0086 0.4578
vt 0.7182 0.0234 0.2592
vt 0.7178 0.0086 0.2592
vt 0.7794 0.0086 0.3823
vt 0.7797 0.0234 0.3823
vt 0.6562 0.0234 0.1306
vt 0.6556 0.0086 0.1306
vt 0.6134 0.0234 0.0418
vt 0.6126 0.0086 0.0418
vt 0.5889 0.0234 0.0000
vt 0.5889 0.0086 0.0000
vt 0.5889 0.0234 0.7073
vt 0.5889 0.0086 0.7073
vt 0.6550 0.0086 0.7935
vt 0.6557 0.0234 0.7935
vt 0.7179 0.0086 0.8661
vt 0.7187 0.0234 0.8661
vt 0.7809 0.0086 0.9241
vt 0.7818 0.0234 0.9241
vt 0.8438 0.0086 0.9661
vt 0.8447 0.0234 0.9661
vt 0.9069 0.0086 0.9915
vt 0.9077 0.0234 0.9915
vt 0.9733 0.0086 0.9999
vt 0.9586 0.0234 0.9999
vt 0.5889 0.0086 0.9999
vt 0.6342 0.0086 0.9916
vt 0.6326 0.0234 0.9916
vt 0.5889 0.0234 0.9999
vt 0.7059 0.0086 0.9660
vt 0.7051 0.0234 0.9660
vt 0.7767 0.0086 0.9240
vt 0.7766 0.0234 0.9240
vt 0.8461 0.0086 0.8661
vt 0.8464 0.0234 0.8661
vt 0.9135 0.0086 0.7935
vt 0.9140 0.0234 0.7935
vt 0.6582 0.0086 0.6089
vt 0.6583 0.0234 0.6089
vt 0.7246 0.0086 0.5002
vt 0.7246 0.0234 0.5002
vt 0.7479 0.0086 0.4581
vt 0.7480 0.0234 0.4581
vt 0.7896 0.0086 0.3829
vt 0.8517 0.0086 0.2590
vt 0.8517 0.0234 0.2590
vt 0.7896 0.0234 0.3829
vt 0.9125 0.0086 0.1307
vt 0.9124 0.0234 0.1307
vt 0.9537 0.0086 0.0414
vt 0.9535 0.0234 0.0414
vt 0.9733 0.0086 0.0002
vt 0.9733 0.0234 0.0002
vt 0.6350 0.0086 0.9916
vt 0.6345 0.0234 0.9916
vt 0.7069 0.0086 0.9660
vt 0.7067 0.0234 0.9660
vt 0.7778 0.0086 0.9240
vt 0.7778 0.0234 0.9240
vt 0.8471 0.0086 0.8661
vt 0.8472 0.0234 0.8661
vt 0.9143 0.0086 0.7935
vt 0.9145 0.0234 0.7935
vt 0.6583 0.0086 0.6089
vt 0.7247 0.0086 0.5002
vt 0.7248 0.0234 0.5002
vt 0.7480 0.0086 0.4581
vt 0.7481 0.0234 0.4581
vt 0.7897 0.0086 0.3829
vt 0.8518 0.0086 0.2590
vt 0.8518 0.0234 0.2590
vt 0.7897 0.0234 0.3829
vt 0.9536 0.0234 0.0414
vt 0.6489 0.2241 0.0002
vt 0.6350 0.2241 0.0414
vt 0.6350 0.0459 0.0414
vt 0.6489 0.0459 0.0002
vt 0.6489 0.2241 0.0414
vt 0.6350 0.2241 0.0002
vt 0.6350 0.0459 0.0000
vt 0.6489 0.0459 0.0418
vt 0.7992 0.0234 0.4163
vt 0.7995 0.0086 0.4163
vt 0.7993 0.0234 0.4159
vt 0.7990 0.0086 0.4159
vt 0.7710 0.0086 0.4163
vt 0.7710 0.0234 0.4163
vt 0.7711 0.0086 0.4163
vt 0.7711 0.0234 0.4163
vt 0.6350 0.0459 0.4581
vt 0.6489 0.0459 0.4163
vt 0.6489 0.2241 0.4163
vt 0.6350 0.2241 0.4581
vt 0.6489 0.2241 0.4581
vt 0.6350 0.2241 0.4163
vt 0.6350 0.0459 0.4159
vt 0.6489 0.0459 0.4578
# 162 texture coords

o HalfRoundRoofFrameR
g HalfRoundRoofFrameR
s 1
f 140/99/721 141/100/722 142/101/723 143/102/724 
f 143/102/725 142/101/726 144/103/727 145/104/728 
f 145/104/729 144/103/730 146/105/731 147/106/732 
f 147/106/733 146/105/734 148/107/735 149/108/736 
f 150/109/737 151/110/738 152/111/739 153/112/740 
f 153/112/741 152/111/742 154/113/743 155/114/744 
f 155/114/745 154/113/746 156/115/747 157/116/748 
f 158/117/749 159/118/750 160/119/751 161/120/752 
f 161/120/753 160/119/754 162/121/755 163/122/756 
f 163/122/757 162/121/758 164/123/759 165/124/760 
f 140/125/761 166/126/762 167/127/763 141/128/764 
f 166/126/765 168/129/766 169/130/767 167/127/768 
f 168/129/769 170/131/770 171/132/771 169/130/772 
f 170/131/773 172/133/774 173/134/775 171/132/776 
f 172/133/777 174/135/778 175/136/779 173/134/780 
f 174/135/781 176/137/782 177/138/783 175/136/784 
f 176/139/785 178/140/786 179/141/787 177/142/788 
f 178/140/789 180/143/790 181/144/791 179/141/792 
f 180/143/793 182/145/794 183/146/795 181/144/796 
f 184/147/797 185/148/798 186/149/799 187/150/800 
f 185/148/801 188/151/802 189/152/803 186/149/804 
f 188/151/805 190/153/806 191/154/807 189/152/808 
f 190/153/809 192/155/810 193/156/811 191/154/812 
f 194/157/813 195/158/814 196/159/815 197/160/816 
f 198/161/817 199/162/818 195/158/819 194/157/820 
f 199/162/821 198/161/822 200/163/823 201/164/824 
f 202/165/825 203/166/826 204/167/827 205/168/828 
f 206/169/829 207/170/830 203/166/831 202/165/832 
f 206/169/833 208/171/834 209/172/835 207/170/836 
f 210/173/837 211/174/838 209/172/839 208/171/840 
f 197/175/841 196/176/842 212/177/843 213/178/844 
f 213/178/845 212/177/846 214/179/847 215/180/848 
f 215/180/849 214/179/850 216/181/851 217/182/852 
f 217/182/853 216/181/854 218/183/855 219/184/856 
f 219/184/857 218/183/858 220/185/859 221/186/860 
f 165/187/861 164/188/862 221/186/863 220/185/864 
f 154/189/865 222/190/866 223/191/867 156/192/868 
f 222/190/869 224/193/870 225/194/871 223/191/872 
f 224/193/873 226/195/874 227/196/875 225/194/876 
f 226/195/877 228/197/878 229/198/879 227/196/880 
f 228/197/881 230/199/882 231/200/883 229/198/884 
f 230/199/885 232/142/886 233/139/887 231/200/888 
f 232/138/889 234/201/890 235/202/891 233/137/892 
f 234/201/893 236/203/894 237/204/895 235/202/896 
f 236/203/897 238/205/898 239/206/899 237/204/900 
f 240/207/901 241/208/902 242/209/903 243/210/904 
f 241/208/905 244/211/906 245/212/907 242/209/908 
f 244/211/909 246/213/910 247/214/911 245/212/912 
f 246/213/913 248/215/914 249/216/915 247/214/916 
f 148/189/917 250/217/918 251/218/919 151/192/920 
f 250/217/921 252/219/922 253/220/923 251/218/924 
f 252/219/925 254/221/926 255/222/927 253/220/928 
f 254/221/929 256/223/930 257/224/931 255/222/932 
f 256/223/933 258/225/934 259/226/935 257/224/936 
f 258/225/937 260/142/938 261/139/939 259/226/940 
f 260/138/941 262/227/942 263/202/943 261/137/944 
f 262/227/945 264/228/946 265/229/947 263/202/948 
f 264/228/949 266/230/950 267/231/951 265/229/952 
f 268/232/953 269/233/954 270/234/955 271/235/956 
f 269/233/957 272/211/958 273/212/959 270/234/960 
f 272/211/961 274/213/962 275/236/963 273/212/964 
f 274/213/965 276/215/966 277/216/967 275/236/968 
f 148/107/969 151/110/970 150/109/971 149/108/972 
f 156/115/973 159/118/974 158/117/975 157/116/976 
f 276/237/977 274/238/978 191/239/979 193/240/980 
f 275/239/981 277/240/982 248/237/983 246/238/984 
f 247/241/985 249/242/986 210/243/987 208/244/988 
f 182/145/989 278/245/990 279/246/991 183/146/992 
f 200/163/993 280/247/994 281/248/995 201/164/996 
f 238/205/997 282/249/998 283/250/999 239/206/1000 
f 266/230/1001 284/251/1002 285/252/1003 267/231/1004 
f 267/253/1005 285/254/1006 282/255/1007 238/256/1008 
f 239/257/1009 283/258/1010 280/259/1011 200/260/1012 
f 284/255/1013 266/256/1014 183/253/1015 279/254/1016 
f 278/245/1017 184/147/1018 187/150/1019 279/246/1020 
f 280/247/1021 205/168/1022 204/167/1023 281/248/1024 
f 282/249/1025 240/207/1026 243/210/1027 283/250/1028 
f 284/251/1029 268/232/1030 271/235/1031 285/252/1032 
f 140/99/1033 143/102/1034 142/101/1035 141/100/1036 
f 143/102/1037 145/104/1038 144/103/1039 142/101/1040 
f 145/104/1041 147/106/1042 146/105/1043 144/103/1044 
f 147/106/1045 149/108/1046 148/107/1047 146/105/1048 
f 150/109/1049 153/112/1050 152/111/1051 151/110/1052 
f 153/112/1053 155/114/1054 154/113/1055 152/111/1056 
f 155/114/1057 157/116/1058 156/115/1059 154/113/1060 
f 158/117/1061 161/120/1062 160/119/1063 159/118/1064 
f 161/120/1065 163/122/1066 162/121/1067 160/119/1068 
f 163/122/1069 165/124/1070 164/123/1071 162/121/1072 
f 140/125/1073 141/128/1074 167/127/1075 166/126/1076 
f 166/126/1077 167/127/1078 169/130/1079 168/129/1080 
f 168/129/1081 169/130/1082 171/132/1083 170/131/1084 
f 170/131/1085 171/132/1086 173/134/1087 172/133/1088 
f 172/133/1089 173/134/1090 175/136/1091 174/135/1092 
f 174/135/1093 175/136/1094 177/138/1095 176/137/1096 
f 176/139/1097 177/142/1098 179/141/1099 178/140/1100 
f 178/140/1101 179/141/1102 181/144/1103 180/143/1104 
f 180/143/1105 181/144/1106 183/146/1107 182/145/1108 
f 184/147/1109 187/150/1110 186/149/1111 185/148/1112 
f 185/148/1113 186/149/1114 189/152/1115 188/151/1116 
f 188/151/1117 189/152/1118 191/154/1119 190/153/1120 
f 190/153/1121 191/154/1122 193/156/1123 192/155/1124 
f 194/157/1125 197/160/1126 196/159/1127 195/158/1128 
f 198/161/1129 194/157/1130 195/158/1131 199/162/1132 
f 199/162/1133 201/164/1134 200/163/1135 198/161/1136 
f 202/165/1137 205/168/1138 204/167/1139 203/166/1140 
f 206/169/1141 202/165/1142 203/166/1143 207/170/1144 
f 206/169/1145 207/170/1146 209/172/1147 208/171/1148 
f 210/173/1149 208/171/1150 209/172/1151 211/174/1152 
f 197/175/1153 213/178/1154 212/177/1155 196/176/1156 
f 213/178/1157 215/180/1158 214/179/1159 212/177/1160 
f 215/180/1161 217/182/1162 216/181/1163 214/179/1164 
f 217/182/1165 219/184/1166 218/183/1167 216/181/1168 
f 219/184/1169 221/186/1170 220/185/1171 218/183/1172 
f 165/187/1173 220/185/1174 221/186/1175 164/188/1176 
f 154/189/1177 156/192/1178 223/191/1179 222/190/1180 
f 222/190/1181 223/191/1182 225/194/1183 224/193/1184 
f 224/193/1185 225/194/1186 227/196/1187 226/195/1188 
f 226/195/1189 227/196/1190 229/198/1191 228/197/1192 
f 228/197/1193 229/198/1194 231/200/1195 230/199/1196 
f 230/199/1197 231/200/1198 233/139/1199 232/142/1200 
f 232/138/1201 233/137/1202 235/202/1203 234/201/1204 
f 234/201/1205 235/202/1206 237/204/1207 236/203/1208 
f 236/203/1209 237/204/1210 239/206/1211 238/205/1212 
f 240/207/1213 243/210/1214 242/209/1215 241/208/1216 
f 241/208/1217 242/209/1218 245/212/1219 244/211/1220 
f 244/211/1221 245/212/1222 247/214/1223 246/213/1224 
f 246/213/1225 247/214/1226 249/216/1227 248/215/1228 
f 148/189/1229 151/192/1230 251/218/1231 250/217/1232 
f 250/217/1233 251/218/1234 253/220/1235 252/219/1236 
f 252/219/1237 253/220/1238 255/222/1239 254/221/1240 
f 254/221/1241 255/222/1242 257/224/1243 256/223/1244 
f 256/223/1245 257/224/1246 259/226/1247 258/225/1248 
f 258/225/1249 259/226/1250 261/139/1251 260/142/1252 
f 260/138/1253 261/137/1254 263/202/1255 262/227/1256 
f 262/227/1257 263/202/1258 265/229/1259 264/228/1260 
f 264/228/1261 265/229/1262 267/231/1263 266/230/1264 
f 268/232/1265 271/235/1266 270/234/1267 269/233/1268 
f 269/233/1269 270/234/1270 273/212/1271 272/211/1272 
f 272/211/1273 273/212/1274 275/236/1275 274/213/1276 
f 274/213/1277 275/236/1278 277/216/1279 276/215/1280 
f 148/107/1281 149/108/1282 150/109/1283 151/110/1284 
f 156/115/1285 157/116/1286 158/117/1287 159/118/1288 
f 276/237/1289 193/240/1290 191/239/1291 274/238/1292 
f 275/239/1293 246/238/1294 248/237/1295 277/240/1296 
f 247/241/1297 208/244/1298 210/243/1299 249/242/1300 
f 182/145/1301 183/146/1302 279/246/1303 278/245/1304 
f 200/163/1305 201/164/1306 281/248/1307 280/247/1308 
f 238/205/1309 239/206/1310 283/250/1311 282/249/1312 
f 266/230/1313 267/231/1314 285/252/1315 284/251/1316 
f 267/253/1317 238/256/1318 282/255/1319 285/254/1320 
f 239/257/1321 200/260/1322 280/259/1323 283/258/1324 
f 284/255/1325 279/254/1326 183/253/1327 266/256/1328 
f 278/245/1329 279/246/1330 187/150/1331 184/147/1332 
f 280/247/1333 281/248/1334 204/167/1335 205/168/1336 
f 282/249/1337 283/250/1338 243/210/1339 240/207/1340 
f 284/251/1341 285/252/1342 271/235/1343 268/232/1344 
# 156 polygons

#
# object SlightCorner
#

v  -21.3053 -0.0000 7.5436
v  -21.3055 -0.0000 -7.5436
v  17.5532 0.0000 -0.9905
v  17.5534 0.0000 1.0363
v  17.5534 157.4854 1.0363
v  17.5532 157.4854 -0.9905
v  -21.3055 157.4854 -7.5436
v  -21.3053 157.4854 7.5436
v  17.5530 0.0000 -2.7222
v  -17.5536 0.0000 -20.4351
v  -17.5536 157.4854 -20.4351
v  17.5530 157.4854 -2.7222
v  -17.5531 0.0000 20.4351
v  17.5536 0.0000 2.7680
v  17.5536 157.4854 2.7680
v  -17.5531 157.4854 20.4351
# 16 vertices

vn 0.0000 -1.0000 0.0000
vn 0.0000 -1.0000 0.0000
vn 0.0000 -1.0000 0.0000
vn 0.0000 -1.0000 0.0000
vn 0.0000 1.0000 0.0000
vn 0.0000 1.0000 0.0000
vn 0.0000 1.0000 0.0000
vn 0.0000 1.0000 0.0000
vn 1.0000 -0.0000 -0.0001
vn 1.0000 -0.0000 -0.0001
vn 1.0000 -0.0000 -0.0001
vn 1.0000 -0.0000 -0.0001
vn 0.4505 0.0000 -0.8928
vn 0.4505 0.0000 -0.8928
vn 0.4505 0.0000 -0.8928
vn 0.4505 0.0000 -0.8928
vn -0.9900 0.0000 -0.1411
vn -0.9900 -0.0000 0.1412
vn -0.9900 -0.0000 0.1412
vn -0.9900 0.0000 -0.1411
vn 0.4495 0.0000 0.8933
vn 0.4495 0.0000 0.8933
vn 0.4495 0.0000 0.8933
vn 0.4495 0.0000 0.8933
vn 0.0000 -1.0000 0.0000
vn -0.0000 -1.0000 0.0000
vn -0.0000 -1.0000 0.0000
vn 0.0000 -1.0000 0.0000
vn 0.0000 -1.0000 0.0000
vn 0.0000 -1.0000 0.0000
vn 0.0000 -1.0000 0.0000
vn 0.0000 -1.0000 0.0000
vn 0.0000 1.0000 0.0000
vn 0.0000 1.0000 -0.0000
vn 0.0000 1.0000 -0.0000
vn 0.0000 1.0000 0.0000
vn 0.0000 1.0000 0.0000
vn 0.0000 1.0000 -0.0000
vn 0.0000 1.0000 -0.0000
vn 0.0000 1.0000 0.0000
vn 1.0000 -0.0000 -0.0001
vn 1.0000 0.0000 -0.0001
vn 1.0000 0.0000 -0.0001
vn 1.0000 -0.0000 -0.0001
vn 1.0000 -0.0000 -0.0001
vn 1.0000 -0.0000 -0.0001
vn 1.0000 -0.0000 -0.0001
vn 1.0000 -0.0000 -0.0001
vn -0.9900 -0.0000 0.1412
vn -0.9602 -0.0000 0.2795
vn -0.9602 -0.0000 0.2795
vn -0.9900 -0.0000 0.1412
vn -0.9900 0.0000 -0.1411
vn -0.9602 0.0000 -0.2794
vn -0.9602 0.0000 -0.2794
vn -0.9900 0.0000 -0.1411
# 56 vertex normals

vt 0.6833 0.6536 0.0000
vt 0.6322 0.6025 0.0000
vt 0.7413 0.5412 0.0000
vt 0.7454 0.5455 0.0000
vt 0.7413 0.5411 1.0000
vt 0.7454 0.5454 1.0000
vt 0.6833 0.6536 1.0000
vt 0.6322 0.6025 1.0000
vt 0.0131 0.7253 0.0000
vt 0.0131 0.7147 0.0000
vt 0.4998 0.7147 1.0000
vt 0.4998 0.7253 1.0000
vt 0.4996 0.4738 0.0000
vt 0.4996 0.5462 0.0000
vt 0.0132 0.5462 1.0000
vt 0.0132 0.4738 1.0000
vt 0.0132 0.3444 0.0000
vt 0.0132 0.3020 0.0000
vt 0.4996 0.3020 1.0000
vt 0.4996 0.3444 1.0000
vt 0.6141 0.5369 0.0000
vt 0.7374 0.5369 0.0000
vt 0.7495 0.5499 0.0000
vt 0.7495 0.6711 0.0000
vt 0.7495 0.5499 1.0000
vt 0.7495 0.6711 1.0000
vt 0.6141 0.5369 1.0000
vt 0.7374 0.5369 1.0000
vt 0.0131 0.7057 0.0000
vt 0.4998 0.7057 1.0000
vt 0.4998 0.7343 1.0000
vt 0.0131 0.7343 0.0000
vt 0.0132 0.2645 0.0000
vt 0.4996 0.2645 1.0000
vt 0.4996 0.3820 1.0000
vt 0.0132 0.3820 0.0000
# 36 texture coords

o SlightCorner
g SlightCorner
s 1
f 286/261/1345 287/262/1346 288/263/1347 289/264/1348 
f 290/265/1349 291/266/1350 292/267/1351 293/268/1352 
s 2
f 289/269/1353 288/270/1354 291/271/1355 290/272/1356 
s 4
f 294/273/1357 295/274/1358 296/275/1359 297/276/1360 
s 2
f 287/277/1361 286/278/1362 293/279/1363 292/280/1364 
s 4
f 298/273/1365 299/274/1366 300/275/1367 301/276/1368 
s 1
f 287/262/1369 295/281/1370 294/282/1371 288/263/1372 
f 289/264/1373 299/283/1374 298/284/1375 286/261/1376 
f 291/266/1377 297/285/1378 296/286/1379 292/267/1380 
f 293/268/1381 301/287/1382 300/288/1383 290/265/1384 
s 2
f 288/270/1385 294/289/1386 297/290/1387 291/271/1388 
f 290/272/1389 300/291/1390 299/292/1391 289/269/1392 
f 286/278/1393 298/293/1394 301/294/1395 293/279/1396 
f 292/280/1397 296/295/1398 295/296/1399 287/277/1400 
# 14 polygons

#
# object SlightCornerBevel
#

v  17.5536 39.3746 2.7680
v  17.5530 39.3746 -2.7222
v  2.6561 36.3815 -3.5027
v  2.6564 36.3815 3.5310
v  17.5536 0.0000 2.7680
v  17.5530 0.0000 -2.7222
v  4.0943 0.0000 -9.5127
v  4.0944 36.3815 -9.5127
v  -21.3055 -0.0000 -7.5436
v  -21.3053 -0.0000 7.5436
v  -18.3593 15.0433 7.0503
v  -18.3595 15.0433 -7.0468
v  -17.5531 0.0000 20.4351
v  -14.8916 15.0433 19.0958
v  -14.8921 15.0433 -19.0923
v  -17.5536 0.0000 -20.4351
v  -9.9413 27.8143 -5.6272
v  -9.9410 27.8143 5.6406
v  -7.2867 0.0000 -15.2550
v  -7.2867 27.8143 -15.2550
v  4.0949 0.0000 9.5410
v  4.0949 36.3815 9.5410
v  -7.2861 0.0000 15.2684
v  -7.2861 27.8143 15.2684
# 24 vertices

vn -0.1965 0.9805 0.0094
vn -0.1965 0.9805 -0.0093
vn -0.3950 0.9174 -0.0485
vn -0.3950 0.9174 0.0485
vn 1.0000 -0.0000 -0.0001
vn 1.0000 -0.0000 -0.0001
vn 1.0000 -0.0000 -0.0001
vn 1.0000 -0.0000 -0.0001
vn 0.4505 0.0000 -0.8928
vn 0.4505 0.0000 -0.8928
vn 0.4505 0.0000 -0.8928
vn 0.4505 0.0000 -0.8928
vn -0.9712 0.1941 -0.1382
vn -0.9712 0.1941 0.1382
vn -0.9178 0.3754 0.1292
vn -0.9178 0.3755 -0.1291
vn -0.1965 0.9805 -0.0093
vn -0.4006 0.9104 -0.1029
vn -0.3950 0.9174 -0.0485
vn -0.9712 0.1941 0.1382
vn -0.9426 0.1923 0.2729
vn -0.8930 0.3703 0.2558
vn -0.9178 0.3754 0.1292
vn -0.9178 0.3755 -0.1291
vn -0.8930 0.3704 -0.2558
vn -0.9426 0.1924 -0.2729
vn -0.9712 0.1941 -0.1382
vn -0.3950 0.9174 -0.0485
vn -0.7109 0.6968 -0.0958
vn -0.7109 0.6967 0.0958
vn -0.3950 0.9174 0.0485
vn 0.4505 0.0000 -0.8928
vn 0.4505 -0.0000 -0.8928
vn 0.4505 -0.0000 -0.8928
vn 0.4505 0.0000 -0.8928
vn 0.4495 0.0000 0.8933
vn 0.4495 0.0000 0.8933
vn 0.4495 0.0000 0.8933
vn 0.4495 0.0000 0.8933
vn -0.4006 0.9104 -0.1029
vn -0.6984 0.6895 -0.1920
vn -0.7109 0.6968 -0.0958
vn -0.3950 0.9174 -0.0485
vn -0.4006 0.9105 0.1029
vn -0.1965 0.9805 0.0094
vn -0.3950 0.9174 0.0485
vn 0.4495 0.0000 0.8933
vn 0.4495 0.0000 0.8933
vn 0.4495 0.0000 0.8933
vn 0.4495 0.0000 0.8933
vn -0.6984 0.6895 0.1921
vn -0.4006 0.9105 0.1029
vn -0.3950 0.9174 0.0485
vn -0.7109 0.6967 0.0958
vn -0.7109 0.6968 -0.0958
vn -0.9178 0.3755 -0.1291
vn -0.9178 0.3754 0.1292
vn -0.7109 0.6967 0.0958
vn 0.4505 -0.0000 -0.8928
vn 0.4505 -0.0000 -0.8928
vn 0.4505 -0.0000 -0.8928
vn 0.4505 -0.0000 -0.8928
vn -0.6984 0.6895 -0.1920
vn -0.8930 0.3704 -0.2558
vn -0.9178 0.3755 -0.1291
vn -0.7109 0.6968 -0.0958
vn 0.4495 0.0000 0.8933
vn 0.4495 0.0000 0.8933
vn 0.4495 0.0000 0.8933
vn 0.4495 0.0000 0.8933
vn -0.8930 0.3703 0.2558
vn -0.6984 0.6895 0.1921
vn -0.7109 0.6967 0.0958
vn -0.9178 0.3754 0.1292
# 74 vertex normals

vt 0.3706 0.1064 1.0001
vt 0.3706 0.1795 1.0001
vt 0.3415 0.1565 1.0001
vt 0.3415 0.1295 1.0001
vt 0.0130 0.7343 0.0000
vt 0.0130 0.7054 0.0000
vt 0.2202 0.7054 1.0000
vt 0.2202 0.7343 1.0000
vt 0.4998 0.4736 0.0000
vt 0.4998 0.5015 0.0000
vt 0.4326 0.5015 1.0000
vt 0.4270 0.4736 1.0000
vt 0.2522 0.1565 0.0000
vt 0.2522 0.1295 0.0000
vt 0.2775 0.1295 1.0001
vt 0.2775 0.1565 1.0001
vt 0.3415 0.1795 1.0001
vt 0.2522 0.1064 0.0000
vt 0.2775 0.1064 1.0001
vt 0.2775 0.1795 1.0001
vt 0.2522 0.1795 0.0000
vt 0.3077 0.1565 1.0001
vt 0.3077 0.1295 1.0001
vt 0.4998 0.5250 0.0000
vt 0.4484 0.5250 1.0000
vt 0.4998 0.5185 0.0000
vt 0.4998 0.5463 0.0000
vt 0.4270 0.5463 1.0000
vt 0.4325 0.5185 1.0000
vt 0.3077 0.1795 1.0001
vt 0.3415 0.1064 1.0001
vt 0.4998 0.4949 0.0000
vt 0.4484 0.4949 1.0000
vt 0.3077 0.1064 1.0001
vt 0.4720 0.5408 1.0000
vt 0.4998 0.4737 0.0000
vt 0.4720 0.4792 1.0000
# 37 texture coords

o SlightCornerBevel
g SlightCornerBevel
s 1
f 302/297/1401 303/298/1402 304/299/1403 305/300/1404 
s 2
f 306/301/1405 307/302/1406 303/303/1407 302/304/1408 
s 4
f 307/305/1409 308/306/1410 309/307/1411 303/308/1412 
s 1
f 310/309/1413 311/310/1414 312/311/1415 313/312/1416 
f 303/298/1417 309/313/1418 304/299/1419 
f 311/310/1420 314/314/1421 315/315/1422 312/311/1423 
f 313/312/1424 316/316/1425 317/317/1426 310/309/1427 
f 304/299/1428 318/318/1429 319/319/1430 305/300/1431 
s 4
f 308/306/1432 320/320/1433 321/321/1434 309/307/1435 
f 322/322/1436 306/323/1437 302/324/1438 323/325/1439 
s 1
f 309/313/1440 321/326/1441 318/318/1442 304/299/1443 
f 323/327/1444 302/297/1445 305/300/1446 
s 4
f 324/328/1447 322/322/1448 323/325/1449 325/329/1450 
s 1
f 325/330/1451 323/327/1452 305/300/1453 319/319/1454 
f 318/318/1455 313/312/1456 312/311/1457 319/319/1458 
s 4
f 320/320/1459 317/323/1460 316/331/1461 321/321/1462 
s 1
f 321/326/1463 316/316/1464 313/312/1465 318/318/1466 
s 4
f 314/332/1467 324/328/1468 325/329/1469 315/333/1470 
s 1
f 315/315/1471 325/330/1472 319/319/1473 312/311/1474 
# 17 polygons - 2 triangles

#
# object HalfRoundRoofGlassR
#

v  -99.1231 -8.0210 -49.5010
v  -75.4273 -1.9953 -17.0159
v  -9.9279 -1.9952 -30.7668
v  -9.9279 -8.0209 -61.0600
v  -122.0010 -17.9492 -80.8649
v  -9.9279 -17.9492 -90.3076
v  -143.6695 -31.6100 -110.5707
v  -9.9279 -31.6100 -118.0090
v  -163.7578 -48.7697 -138.1102
v  -9.9280 -48.7697 -143.6904
v  -181.9223 -69.1347 -163.0123
v  -9.9280 -69.1347 -166.9122
v  -197.8521 -92.3566 -184.8510
v  -9.9280 -92.3566 -187.2772
v  -211.2747 -118.0380 -203.2523
v  -9.9280 -118.0380 -204.4370
v  -221.9604 -145.7394 -217.9016
v  -218.9108 -137.8336 -213.7208
v  -9.9281 -137.8336 -214.1991
v  -9.9281 -145.7394 -218.0978
v  -229.7265 -174.9870 -228.5482
v  -9.9281 -174.9869 -228.0260
v  -234.4398 -205.2802 -235.0099
v  -9.9280 -205.2802 -234.0517
v  -235.5724 -226.3809 -236.5627
v  -9.9279 -226.3808 -235.4997
v  -240.1197 -205.2802 -230.8669
v  -241.2523 -226.3808 -232.4197
v  -379.3033 -226.3809 -43.8253
v  -377.4532 -205.2802 -43.3263
v  -235.4063 -174.9869 -224.4051
v  -369.7542 -174.9870 -41.2499
v  -227.6404 -145.7394 -213.7585
v  -357.0690 -145.7394 -37.8289
v  -216.9546 -118.0380 -199.1093
v  -220.7905 -127.9820 -204.3679
v  -345.8803 -127.9820 -34.8114
v  -339.6147 -118.0380 -33.1216
v  -203.5320 -92.3566 -180.7079
v  -317.6899 -92.3566 -27.2088
v  -187.6021 -69.1347 -158.8693
v  -291.6697 -69.1347 -20.1913
v  -169.4377 -48.7697 -133.9672
v  -261.9994 -48.7697 -12.1896
v  -149.3494 -31.6100 -106.4276
v  -229.1866 -31.6100 -3.3403
v  -127.6809 -17.9492 -76.7218
v  -193.7928 -17.9492 6.2050
v  -104.8030 -8.0209 -45.3579
v  -156.4234 -8.0210 16.2831
v  -81.1072 -1.9952 -12.8728
v  -117.7180 -1.9953 26.7216
v  -379.2838 -205.2802 -36.5385
v  -381.1339 -226.3808 -37.0375
v  -319.3800 -226.2840 162.5113
v  -318.0406 -205.3220 162.0176
v  -371.5849 -174.9869 -34.4621
v  -312.3712 -174.9529 159.9484
v  -358.8997 -145.7394 -31.0410
v  -303.0493 -145.8770 156.5419
v  -341.4454 -118.0380 -26.3338
v  -347.7110 -127.9820 -28.0236
v  -294.7906 -128.0414 153.5237
v  -290.1657 -118.0536 151.8336
v  -319.5205 -92.3566 -20.4209
v  -274.0397 -92.3496 145.9384
v  -293.5003 -69.1347 -13.4035
v  -254.8886 -69.1340 138.9380
v  -263.8300 -48.7697 -5.4018
v  -233.0570 -48.7599 130.9573
v  -231.0172 -31.6100 3.4475
v  -208.8947 -31.6100 122.1294
v  -195.6234 -17.9492 12.9929
v  -182.8172 -17.9151 112.5979
v  -158.2541 -8.0209 23.0710
v  -155.3640 -7.9946 102.5565
v  -119.5487 -1.9952 33.5094
v  -126.8156 -2.0119 92.1263
v  -32.4854 -0.0248 -4.4319
v  -16.0828 -0.0248 -8.5372
v  -88.4756 -0.0248 34.4338
v  -77.0521 -0.0248 22.0195
v  -97.3467 -0.0248 47.9832
v  -92.6574 -0.0248 40.8210
v  -9.9278 -0.0265 -8.9333
v  -48.5067 -0.0248 2.2248
v  -57.3542 -0.0248 7.4758
v  -63.5528 -0.0248 11.1547
v  -105.6825 -0.0248 76.4402
v  -103.2346 -0.0248 62.2354
v  -105.4230 -0.0287 84.4476
v  -215.1105 -127.9820 -208.5109
v  -9.9281 -127.9820 -209.3408
v  -224.5907 -137.8336 -209.5777
v  -352.0877 -137.8336 -36.4855
v  -353.9184 -137.8336 -29.6976
v  -299.3723 -137.9364 155.1981
# 97 vertices

vn -0.0306 0.9654 -0.2588
vn -0.0277 0.9898 -0.1400
vn -0.0242 0.9898 -0.1406
vn -0.0304 0.9692 -0.2445
vn -0.0298 0.9240 -0.3812
vn -0.0306 0.9654 -0.2588
vn -0.0304 0.9692 -0.2445
vn -0.0301 0.9308 -0.3643
vn -0.0258 0.8667 -0.4981
vn -0.0298 0.9240 -0.3812
vn -0.0301 0.9308 -0.3643
vn -0.0265 0.8765 -0.4808
vn -0.0206 0.7944 -0.6071
vn -0.0258 0.8667 -0.4981
vn -0.0265 0.8765 -0.4808
vn -0.0214 0.8065 -0.5908
vn -0.0150 0.7082 -0.7059
vn -0.0206 0.7944 -0.6071
vn -0.0214 0.8065 -0.5908
vn -0.0158 0.7219 -0.6918
vn -0.0096 0.6096 -0.7926
vn -0.0150 0.7082 -0.7059
vn -0.0158 0.7219 -0.6918
vn -0.0103 0.6239 -0.7815
vn -0.0056 0.5006 -0.8656
vn -0.0096 0.6096 -0.7926
vn -0.0103 0.6239 -0.7815
vn -0.0060 0.5142 -0.8577
vn -0.0002 0.3828 -0.9238
vn -0.0014 0.4552 -0.8904
vn -0.0014 0.4552 -0.8904
vn -0.0004 0.3944 -0.9190
vn 0.0022 0.2588 -0.9659
vn -0.0002 0.3828 -0.9238
vn -0.0004 0.3944 -0.9190
vn 0.0020 0.2673 -0.9636
vn 0.0039 0.1321 -0.9912
vn 0.0022 0.2588 -0.9659
vn 0.0020 0.2673 -0.9636
vn 0.0039 0.1365 -0.9906
vn 0.0045 0.0708 -0.9975
vn 0.0039 0.1321 -0.9912
vn 0.0039 0.1365 -0.9906
vn 0.0045 0.0708 -0.9975
vn -0.7962 0.1612 -0.5832
vn -0.8039 0.0854 -0.5886
vn -0.8039 0.0854 -0.5886
vn -0.7962 0.1607 -0.5832
vn -0.7661 0.3119 -0.5620
vn -0.7962 0.1612 -0.5832
vn -0.7962 0.1607 -0.5832
vn -0.7663 0.3110 -0.5622
vn -0.7185 0.4525 -0.5282
vn -0.7661 0.3119 -0.5620
vn -0.7663 0.3110 -0.5622
vn -0.7190 0.4512 -0.5286
vn -0.6565 0.5773 -0.4855
vn -0.6849 0.5246 -0.5057
vn -0.6849 0.5246 -0.5057
vn -0.6574 0.5758 -0.4861
vn -0.5850 0.6846 -0.4349
vn -0.6565 0.5773 -0.4855
vn -0.6574 0.5758 -0.4861
vn -0.5863 0.6829 -0.4358
vn -0.5066 0.7740 -0.3799
vn -0.5850 0.6846 -0.4349
vn -0.5863 0.6829 -0.4358
vn -0.5083 0.7723 -0.3811
vn -0.4241 0.8465 -0.3220
vn -0.5066 0.7740 -0.3799
vn -0.5083 0.7723 -0.3811
vn -0.4263 0.8448 -0.3235
vn -0.3394 0.9033 -0.2624
vn -0.4241 0.8465 -0.3220
vn -0.4263 0.8448 -0.3235
vn -0.3422 0.9017 -0.2644
vn -0.2538 0.9460 -0.2017
vn -0.3394 0.9033 -0.2624
vn -0.3422 0.9017 -0.2644
vn -0.2575 0.9444 -0.2043
vn -0.1682 0.9758 -0.1399
vn -0.2538 0.9460 -0.2017
vn -0.2575 0.9444 -0.2043
vn -0.1732 0.9744 -0.1435
vn -0.0887 0.9928 -0.0806
vn -0.1682 0.9758 -0.1399
vn -0.1732 0.9744 -0.1435
vn -0.0968 0.9916 -0.0853
vn -0.9469 0.1355 0.2915
vn -0.9529 0.0722 0.2944
vn -0.9529 0.0722 0.2944
vn -0.9465 0.1392 0.2913
vn -0.9223 0.2658 0.2806
vn -0.9469 0.1355 0.2915
vn -0.9465 0.1392 0.2913
vn -0.9204 0.2730 0.2798
vn -0.8811 0.3925 0.2639
vn -0.9223 0.2658 0.2806
vn -0.9204 0.2730 0.2798
vn -0.8773 0.4018 0.2624
vn -0.8259 0.5117 0.2366
vn -0.8505 0.4647 0.2465
vn -0.8505 0.4647 0.2465
vn -0.8199 0.5225 0.2342
vn -0.7553 0.6217 0.2076
vn -0.8259 0.5117 0.2366
vn -0.8199 0.5225 0.2342
vn -0.7472 0.6325 0.2040
vn -0.6721 0.7202 0.1720
vn -0.7553 0.6217 0.2076
vn -0.7472 0.6325 0.2040
vn -0.6626 0.7299 0.1679
vn -0.5779 0.8052 0.1327
vn -0.6721 0.7202 0.1720
vn -0.6626 0.7299 0.1679
vn -0.5678 0.8131 0.1285
vn -0.4743 0.8756 0.0912
vn -0.5779 0.8052 0.1327
vn -0.5678 0.8131 0.1285
vn -0.4652 0.8808 0.0877
vn -0.3634 0.9303 0.0498
vn -0.4743 0.8756 0.0912
vn -0.4652 0.8808 0.0877
vn -0.3573 0.9328 0.0477
vn -0.2456 0.9693 0.0128
vn -0.3634 0.9303 0.0498
vn -0.3573 0.9328 0.0477
vn -0.2460 0.9692 0.0129
vn -0.1329 0.9910 -0.0139
vn -0.2456 0.9693 0.0128
vn -0.2460 0.9692 0.0129
vn -0.1488 0.9888 -0.0070
vn -0.0242 0.9898 -0.1406
vn -0.0216 0.9960 -0.0862
vn -0.0169 0.9955 -0.0929
vn -0.0968 0.9916 -0.0853
vn -0.0541 0.9973 -0.0498
vn -0.0502 0.9975 -0.0504
vn -0.0661 0.9972 -0.0344
vn -0.0620 0.9972 -0.0406
vn -0.1329 0.9910 -0.0139
vn -0.0169 0.9955 -0.0929
vn -0.0055 0.9959 -0.0898
vn -0.0242 0.9898 -0.1406
vn -0.0277 0.9898 -0.1400
vn -0.0291 0.9977 -0.0615
vn -0.0216 0.9960 -0.0862
vn -0.0216 0.9960 -0.0862
vn -0.0242 0.9898 -0.1406
vn -0.0277 0.9898 -0.1400
vn -0.0277 0.9898 -0.1400
vn -0.0331 0.9979 -0.0558
vn -0.0291 0.9977 -0.0615
vn -0.0502 0.9975 -0.0504
vn -0.0415 0.9978 -0.0515
vn -0.0887 0.9928 -0.0806
vn -0.0502 0.9975 -0.0504
vn -0.0887 0.9928 -0.0806
vn -0.0968 0.9916 -0.0853
vn -0.1488 0.9888 -0.0070
vn -0.1025 0.9947 -0.0121
vn -0.0923 0.9956 -0.0175
vn -0.0923 0.9956 -0.0175
vn -0.0661 0.9972 -0.0344
vn -0.1329 0.9910 -0.0139
vn -0.0923 0.9956 -0.0175
vn -0.1329 0.9910 -0.0139
vn -0.1488 0.9888 -0.0070
vn -0.1488 0.9888 -0.0070
vn -0.0911 0.9958 0.0034
vn -0.1025 0.9947 -0.0121
vn -0.0044 0.4557 -0.8901
vn -0.0056 0.5006 -0.8656
vn -0.0060 0.5142 -0.8577
vn -0.0044 0.4557 -0.8901
vn -0.6856 0.5246 -0.5047
vn -0.7185 0.4525 -0.5282
vn -0.7190 0.4512 -0.5286
vn -0.6856 0.5246 -0.5047
vn -0.8492 0.4640 0.2520
vn -0.8811 0.3925 0.2639
vn -0.8773 0.4018 0.2624
vn -0.8492 0.4640 0.2520
vn 0.0306 -0.9654 0.2588
vn 0.0304 -0.9692 0.2445
vn 0.0242 -0.9898 0.1406
vn 0.0277 -0.9898 0.1400
vn 0.0298 -0.9240 0.3812
vn 0.0301 -0.9308 0.3643
vn 0.0304 -0.9692 0.2445
vn 0.0306 -0.9654 0.2588
vn 0.0258 -0.8667 0.4981
vn 0.0265 -0.8765 0.4808
vn 0.0301 -0.9308 0.3643
vn 0.0298 -0.9240 0.3812
vn 0.0206 -0.7944 0.6071
vn 0.0214 -0.8065 0.5908
vn 0.0265 -0.8765 0.4808
vn 0.0258 -0.8667 0.4981
vn 0.0150 -0.7082 0.7059
vn 0.0158 -0.7219 0.6918
vn 0.0214 -0.8065 0.5908
vn 0.0206 -0.7944 0.6071
vn 0.0096 -0.6096 0.7926
vn 0.0103 -0.6239 0.7815
vn 0.0158 -0.7219 0.6918
vn 0.0150 -0.7082 0.7059
vn 0.0056 -0.5006 0.8656
vn 0.0060 -0.5142 0.8577
vn 0.0103 -0.6239 0.7815
vn 0.0096 -0.6096 0.7926
vn 0.0002 -0.3828 0.9238
vn 0.0004 -0.3944 0.9190
vn 0.0014 -0.4552 0.8904
vn 0.0014 -0.4552 0.8904
vn -0.0022 -0.2588 0.9659
vn -0.0020 -0.2673 0.9636
vn 0.0004 -0.3944 0.9190
vn 0.0002 -0.3828 0.9238
vn -0.0039 -0.1321 0.9912
vn -0.0039 -0.1365 0.9906
vn -0.0020 -0.2673 0.9636
vn -0.0022 -0.2588 0.9659
vn -0.0045 -0.0708 0.9975
vn -0.0045 -0.0708 0.9975
vn -0.0039 -0.1365 0.9906
vn -0.0039 -0.1321 0.9912
vn 0.7962 -0.1612 0.5832
vn 0.7962 -0.1607 0.5832
vn 0.8039 -0.0854 0.5886
vn 0.8039 -0.0854 0.5886
vn 0.7661 -0.3119 0.5620
vn 0.7663 -0.3110 0.5622
vn 0.7962 -0.1607 0.5832
vn 0.7962 -0.1612 0.5832
vn 0.7185 -0.4525 0.5282
vn 0.7190 -0.4512 0.5286
vn 0.7663 -0.3110 0.5622
vn 0.7661 -0.3119 0.5620
vn 0.6565 -0.5773 0.4855
vn 0.6574 -0.5758 0.4861
vn 0.6849 -0.5246 0.5057
vn 0.6849 -0.5246 0.5057
vn 0.5850 -0.6846 0.4349
vn 0.5863 -0.6829 0.4358
vn 0.6574 -0.5758 0.4861
vn 0.6565 -0.5773 0.4855
vn 0.5066 -0.7740 0.3799
vn 0.5083 -0.7723 0.3811
vn 0.5863 -0.6829 0.4358
vn 0.5850 -0.6846 0.4349
vn 0.4241 -0.8465 0.3220
vn 0.4263 -0.8448 0.3235
vn 0.5083 -0.7723 0.3811
vn 0.5066 -0.7740 0.3799
vn 0.3394 -0.9033 0.2624
vn 0.3422 -0.9017 0.2644
vn 0.4263 -0.8448 0.3235
vn 0.4241 -0.8465 0.3220
vn 0.2538 -0.9460 0.2017
vn 0.2575 -0.9444 0.2043
vn 0.3422 -0.9017 0.2644
vn 0.3394 -0.9033 0.2624
vn 0.1682 -0.9758 0.1399
vn 0.1732 -0.9744 0.1435
vn 0.2575 -0.9444 0.2043
vn 0.2538 -0.9460 0.2017
vn 0.0887 -0.9928 0.0806
vn 0.0968 -0.9916 0.0853
vn 0.1732 -0.9744 0.1435
vn 0.1682 -0.9758 0.1399
vn 0.9469 -0.1355 -0.2915
vn 0.9465 -0.1392 -0.2913
vn 0.9529 -0.0722 -0.2944
vn 0.9529 -0.0722 -0.2944
vn 0.9223 -0.2658 -0.2806
vn 0.9204 -0.2730 -0.2798
vn 0.9465 -0.1392 -0.2913
vn 0.9469 -0.1355 -0.2915
vn 0.8811 -0.3925 -0.2639
vn 0.8773 -0.4018 -0.2624
vn 0.9204 -0.2730 -0.2798
vn 0.9223 -0.2658 -0.2806
vn 0.8259 -0.5117 -0.2366
vn 0.8199 -0.5225 -0.2342
vn 0.8505 -0.4647 -0.2465
vn 0.8505 -0.4647 -0.2465
vn 0.7553 -0.6217 -0.2076
vn 0.7472 -0.6325 -0.2040
vn 0.8199 -0.5225 -0.2342
vn 0.8259 -0.5117 -0.2366
vn 0.6721 -0.7202 -0.1720
vn 0.6626 -0.7299 -0.1679
vn 0.7472 -0.6325 -0.2040
vn 0.7553 -0.6217 -0.2076
vn 0.5779 -0.8052 -0.1327
vn 0.5678 -0.8131 -0.1285
vn 0.6626 -0.7299 -0.1679
vn 0.6721 -0.7202 -0.1720
vn 0.4743 -0.8756 -0.0912
vn 0.4652 -0.8808 -0.0877
vn 0.5678 -0.8131 -0.1285
vn 0.5779 -0.8052 -0.1327
vn 0.3634 -0.9303 -0.0498
vn 0.3573 -0.9328 -0.0477
vn 0.4652 -0.8808 -0.0877
vn 0.4743 -0.8756 -0.0912
vn 0.2456 -0.9693 -0.0128
vn 0.2460 -0.9692 -0.0129
vn 0.3573 -0.9328 -0.0477
vn 0.3634 -0.9303 -0.0498
vn 0.1329 -0.9910 0.0139
vn 0.1488 -0.9888 0.0070
vn 0.2460 -0.9692 -0.0129
vn 0.2456 -0.9693 -0.0128
vn 0.0242 -0.9898 0.1406
vn 0.0169 -0.9955 0.0929
vn 0.0216 -0.9960 0.0862
vn 0.0968 -0.9916 0.0853
vn 0.0502 -0.9975 0.0504
vn 0.0541 -0.9973 0.0498
vn 0.0661 -0.9972 0.0344
vn 0.1329 -0.9910 0.0139
vn 0.0620 -0.9972 0.0406
vn 0.0169 -0.9955 0.0929
vn 0.0242 -0.9898 0.1406
vn 0.0055 -0.9959 0.0898
vn 0.0277 -0.9898 0.1400
vn 0.0216 -0.9960 0.0862
vn 0.0291 -0.9977 0.0615
vn 0.0216 -0.9960 0.0862
vn 0.0277 -0.9898 0.1400
vn 0.0242 -0.9898 0.1406
vn 0.0277 -0.9898 0.1400
vn 0.0291 -0.9977 0.0615
vn 0.0331 -0.9979 0.0558
vn 0.0502 -0.9975 0.0504
vn 0.0887 -0.9928 0.0806
vn 0.0415 -0.9978 0.0515
vn 0.0502 -0.9975 0.0504
vn 0.0968 -0.9916 0.0853
vn 0.0887 -0.9928 0.0806
vn 0.1488 -0.9888 0.0070
vn 0.0923 -0.9956 0.0175
vn 0.1025 -0.9947 0.0121
vn 0.0923 -0.9956 0.0175
vn 0.1329 -0.9910 0.0139
vn 0.0661 -0.9972 0.0344
vn 0.0923 -0.9956 0.0175
vn 0.1488 -0.9888 0.0070
vn 0.1329 -0.9910 0.0139
vn 0.1488 -0.9888 0.0070
vn 0.1025 -0.9947 0.0121
vn 0.0911 -0.9958 -0.0034
vn 0.0044 -0.4557 0.8901
vn 0.0044 -0.4557 0.8901
vn 0.0060 -0.5142 0.8577
vn 0.0056 -0.5006 0.8656
vn 0.6856 -0.5246 0.5047
vn 0.6856 -0.5246 0.5047
vn 0.7190 -0.4512 0.5286
vn 0.7185 -0.4525 0.5282
vn 0.8492 -0.4640 -0.2520
vn 0.8492 -0.4640 -0.2520
vn 0.8773 -0.4018 -0.2624
vn 0.8811 -0.3925 -0.2639
# 366 vertex normals

vt 0.6120 0.8680 0.2371
vt 0.5854 0.9177 0.2626
vt 0.5127 0.8968 0.2626
vt 0.5129 0.8500 0.2371
vt 0.6377 0.8185 0.1950
vt 0.5132 0.8032 0.1950
vt 0.6623 0.7694 0.1372
vt 0.5137 0.7566 0.1372
vt 0.6852 0.7205 0.0645
vt 0.5143 0.7101 0.0645
vt 0.7059 0.6721 -0.0217
vt 0.5148 0.6635 -0.0217
vt 0.7242 0.6243 -0.1201
vt 0.5154 0.6167 -0.1201
vt 0.7398 0.5768 -0.2288
vt 0.5161 0.5700 -0.2288
vt 0.5538 0.9351 0.1540
vt 0.5372 0.9296 0.1875
vt 0.5348 0.5434 0.1875
vt 0.5511 0.5432 0.1540
vt 0.6114 0.9491 0.0302
vt 0.6082 0.5428 0.0302
vt 0.6687 0.9573 -0.0981
vt 0.6653 0.5424 -0.0981
vt 0.7078 0.9591 -0.1875
vt 0.7043 0.5421 -0.1875
vt 0.6058 0.9530 -0.0981
vt 0.5688 0.9594 -0.1875
vt 0.5104 0.5492 -0.1875
vt 0.5477 0.5451 -0.0981
vt 0.6600 0.9410 0.0302
vt 0.6032 0.5423 0.0302
vt 0.7149 0.9260 0.1540
vt 0.6600 0.5427 0.1540
vt 0.5145 0.5691 -0.2288
vt 0.5127 0.5532 -0.2709
vt 0.7221 0.5553 -0.2709
vt 0.7196 0.5711 -0.2288
vt 0.5211 0.6147 -0.1201
vt 0.7112 0.6160 -0.1201
vt 0.5289 0.6618 -0.0217
vt 0.7012 0.6622 -0.0217
vt 0.5377 0.7103 0.0645
vt 0.6898 0.7097 0.0645
vt 0.5476 0.7602 0.1372
vt 0.6771 0.7583 0.1372
vt 0.5581 0.8113 0.1950
vt 0.6635 0.8079 0.1950
vt 0.5692 0.8634 0.2371
vt 0.6491 0.8583 0.2371
vt 0.5807 0.9162 0.2626
vt 0.6341 0.9092 0.2626
vt 0.5801 0.9544 -0.0981
vt 0.5391 0.9594 -0.1875
vt 0.5104 0.5528 -0.1871
vt 0.5513 0.5501 -0.0983
vt 0.6399 0.9419 0.0302
vt 0.6116 0.5464 0.0303
vt 0.6999 0.9239 0.1540
vt 0.6715 0.5431 0.1534
vt 0.5132 0.5583 -0.2287
vt 0.5151 0.5421 -0.2708
vt 0.7459 0.6452 -0.2710
vt 0.7396 0.6591 -0.2288
vt 0.5107 0.6055 -0.1199
vt 0.7220 0.6975 -0.1199
vt 0.5105 0.6545 -0.0216
vt 0.7041 0.7358 -0.0216
vt 0.5122 0.7053 0.0646
vt 0.6858 0.7740 0.0647
vt 0.5157 0.7572 0.1373
vt 0.6670 0.8123 0.1373
vt 0.5198 0.8104 0.1951
vt 0.6475 0.8505 0.1953
vt 0.5241 0.8651 0.2372
vt 0.6275 0.8879 0.2373
vt 0.5287 0.9208 0.2627
vt 0.6071 0.9250 0.2626
vt 0.5377 0.9368 0.2709
vt 0.5195 0.9306 0.2709
vt 0.6226 0.9471 0.2709
vt 0.6059 0.9493 0.2709
vt 0.5425 0.9545 0.2710
vt 0.5321 0.9591 0.2710
vt 0.5212 0.9300 0.2709
vt 0.5555 0.9469 0.2709
vt 0.5653 0.9549 0.2709
vt 0.5892 0.9549 0.2709
vt 0.5817 0.9501 0.2710
vt 0.5625 0.9499 0.2710
vt 0.5939 0.9419 0.2710
vt 0.7443 0.5599 -0.2709
vt 0.5163 0.5532 -0.2709
vt 0.7308 0.9209 0.1875
vt 0.6767 0.5437 0.1875
vt 0.7171 0.9174 0.1875
vt 0.6887 0.5423 0.1870
# 97 texture coords

o HalfRoundRoofGlassR
g HalfRoundRoofGlassR
s 1
f 326/334/1475 327/335/1476 328/336/1477 329/337/1478 
f 330/338/1479 326/334/1480 329/337/1481 331/339/1482 
f 332/340/1483 330/338/1484 331/339/1485 333/341/1486 
f 334/342/1487 332/340/1488 333/341/1489 335/343/1490 
f 336/344/1491 334/342/1492 335/343/1493 337/345/1494 
f 338/346/1495 336/344/1496 337/345/1497 339/347/1498 
f 340/348/1499 338/346/1500 339/347/1501 341/349/1502 
f 342/350/1503 343/351/1504 344/352/1505 345/353/1506 
f 346/354/1507 342/350/1508 345/353/1509 347/355/1510 
f 348/356/1511 346/354/1512 347/355/1513 349/357/1514 
f 350/358/1515 348/356/1516 349/357/1517 351/359/1518 
f 352/360/1519 353/361/1520 354/362/1521 355/363/1522 
f 356/364/1523 352/360/1524 355/363/1525 357/365/1526 
f 358/366/1527 356/364/1528 357/365/1529 359/367/1530 
f 360/368/1531 361/369/1532 362/370/1533 363/371/1534 
f 364/372/1535 360/368/1536 363/371/1537 365/373/1538 
f 366/374/1539 364/372/1540 365/373/1541 367/375/1542 
f 368/376/1543 366/374/1544 367/375/1545 369/377/1546 
f 370/378/1547 368/376/1548 369/377/1549 371/379/1550 
f 372/380/1551 370/378/1552 371/379/1553 373/381/1554 
f 374/382/1555 372/380/1556 373/381/1557 375/383/1558 
f 376/384/1559 374/382/1560 375/383/1561 377/385/1562 
f 378/386/1563 379/387/1564 380/388/1565 381/389/1566 
f 382/390/1567 378/386/1568 381/389/1569 383/391/1570 
f 384/392/1571 382/390/1572 383/391/1573 385/393/1574 
f 386/394/1575 387/395/1576 388/396/1577 389/397/1578 
f 390/398/1579 386/394/1580 389/397/1581 391/399/1582 
f 392/400/1583 390/398/1584 391/399/1585 393/401/1586 
f 394/402/1587 392/400/1588 393/401/1589 395/403/1590 
f 396/404/1591 394/402/1592 395/403/1593 397/405/1594 
f 398/406/1595 396/404/1596 397/405/1597 399/407/1598 
f 400/408/1599 398/406/1600 399/407/1601 401/409/1602 
f 402/410/1603 400/408/1604 401/409/1605 403/411/1606 
f 328/336/1607 404/412/1608 405/413/1609 
f 377/385/1610 406/414/1611 407/415/1612 
f 408/416/1613 409/417/1614 402/410/1615 
f 405/413/1616 410/418/1617 328/336/1618 
f 327/335/1619 411/419/1620 404/412/1621 
f 404/412/1622 328/336/1623 327/335/1624 
f 327/335/1625 412/420/1626 411/419/1627 
f 407/415/1628 413/421/1629 376/384/1630 
f 407/415/1631 376/384/1632 377/385/1633 
f 403/411/1634 414/422/1635 415/423/1636 
f 415/423/1637 408/416/1638 402/410/1639 
f 415/423/1640 402/410/1641 403/411/1642 
f 403/411/1643 416/424/1644 414/422/1645 
f 417/425/1646 340/348/1647 341/349/1648 418/426/1649 
f 419/427/1650 358/366/1651 359/367/1652 420/428/1653 
f 421/429/1654 384/392/1655 385/393/1656 422/430/1657 
f 326/334/1658 329/337/1659 328/336/1660 327/335/1661 
f 330/338/1662 331/339/1663 329/337/1664 326/334/1665 
f 332/340/1666 333/341/1667 331/339/1668 330/338/1669 
f 334/342/1670 335/343/1671 333/341/1672 332/340/1673 
f 336/344/1674 337/345/1675 335/343/1676 334/342/1677 
f 338/346/1678 339/347/1679 337/345/1680 336/344/1681 
f 340/348/1682 341/349/1683 339/347/1684 338/346/1685 
f 342/350/1686 345/353/1687 344/352/1688 343/351/1689 
f 346/354/1690 347/355/1691 345/353/1692 342/350/1693 
f 348/356/1694 349/357/1695 347/355/1696 346/354/1697 
f 350/358/1698 351/359/1699 349/357/1700 348/356/1701 
f 352/360/1702 355/363/1703 354/362/1704 353/361/1705 
f 356/364/1706 357/365/1707 355/363/1708 352/360/1709 
f 358/366/1710 359/367/1711 357/365/1712 356/364/1713 
f 360/368/1714 363/371/1715 362/370/1716 361/369/1717 
f 364/372/1718 365/373/1719 363/371/1720 360/368/1721 
f 366/374/1722 367/375/1723 365/373/1724 364/372/1725 
f 368/376/1726 369/377/1727 367/375/1728 366/374/1729 
f 370/378/1730 371/379/1731 369/377/1732 368/376/1733 
f 372/380/1734 373/381/1735 371/379/1736 370/378/1737 
f 374/382/1738 375/383/1739 373/381/1740 372/380/1741 
f 376/384/1742 377/385/1743 375/383/1744 374/382/1745 
f 378/386/1746 381/389/1747 380/388/1748 379/387/1749 
f 382/390/1750 383/391/1751 381/389/1752 378/386/1753 
f 384/392/1754 385/393/1755 383/391/1756 382/390/1757 
f 386/394/1758 389/397/1759 388/396/1760 387/395/1761 
f 390/398/1762 391/399/1763 389/397/1764 386/394/1765 
f 392/400/1766 393/401/1767 391/399/1768 390/398/1769 
f 394/402/1770 395/403/1771 393/401/1772 392/400/1773 
f 396/404/1774 397/405/1775 395/403/1776 394/402/1777 
f 398/406/1778 399/407/1779 397/405/1780 396/404/1781 
f 400/408/1782 401/409/1783 399/407/1784 398/406/1785 
f 402/410/1786 403/411/1787 401/409/1788 400/408/1789 
f 328/336/1790 405/413/1791 404/412/1792 
f 377/385/1793 407/415/1794 406/414/1795 
f 408/416/1796 402/410/1797 409/417/1798 
f 405/413/1799 328/336/1800 410/418/1801 
f 327/335/1802 404/412/1803 411/419/1804 
f 404/412/1805 327/335/1806 328/336/1807 
f 327/335/1808 411/419/1809 412/420/1810 
f 407/415/1811 376/384/1812 413/421/1813 
f 407/415/1814 377/385/1815 376/384/1816 
f 403/411/1817 415/423/1818 414/422/1819 
f 415/423/1820 402/410/1821 408/416/1822 
f 415/423/1823 403/411/1824 402/410/1825 
f 403/411/1826 414/422/1827 416/424/1828 
f 417/425/1829 418/426/1830 341/349/1831 340/348/1832 
f 419/427/1833 420/428/1834 359/367/1835 358/366/1836 
f 421/429/1837 422/430/1838 385/393/1839 384/392/1840 
# 72 polygons - 26 triangles

#
# object HalfRoundRoofFrameL
#

v  -0.0004 0.0000 -0.0001
v  14.4829 -0.0248 1.1413
v  16.0824 -0.0248 -8.5372
v  9.9274 -0.0265 -8.9333
v  29.4054 -0.0248 4.8761
v  32.4850 -0.0248 -4.4319
v  44.1134 -0.0248 10.9872
v  48.5062 -0.0248 2.2248
v  52.2579 -0.0248 15.8210
v  57.3538 -0.0248 7.4758
v  57.9641 -0.0248 19.2076
v  70.3519 -0.0248 29.1779
v  77.0517 -0.0248 22.0195
v  63.5524 -0.0248 11.1547
v  80.7358 -0.0248 40.4624
v  88.4752 -0.0248 34.4338
v  84.4720 -0.0248 46.1689
v  92.6570 -0.0248 40.8210
v  88.6617 -0.0248 52.5679
v  93.7833 -0.0248 64.9654
v  103.2341 -0.0248 62.2354
v  97.3463 -0.0248 47.9832
v  95.8766 -0.0248 77.1130
v  105.6821 -0.0248 76.4402
v  95.4301 -0.0267 89.5768
v  105.4226 -0.0287 84.4476
v  9.9275 -1.9952 -30.7668
v  0.0013 -1.9953 -30.7668
v  9.9275 -8.0209 -61.0600
v  0.0014 -8.0210 -61.0600
v  9.9275 -17.9492 -90.3076
v  0.0014 -17.9492 -90.3076
v  9.9276 -31.6100 -118.0090
v  0.0015 -31.6100 -118.0090
v  9.9276 -48.7697 -143.6904
v  0.0015 -48.7697 -143.6903
v  9.9276 -69.1347 -166.9122
v  0.0015 -69.1347 -166.9122
v  9.9276 -92.3566 -187.2772
v  0.0015 -92.3566 -187.2772
v  9.9276 -118.0380 -204.4370
v  0.0016 -118.0380 -204.4369
v  9.9277 -127.9820 -209.3408
v  0.0016 -127.9820 -209.3407
v  0.0016 -145.7394 -218.0977
v  9.9277 -145.7394 -218.0978
v  9.9277 -174.9869 -228.0260
v  0.0016 -174.9870 -228.0260
v  9.9276 -205.2802 -234.0517
v  0.0016 -205.2802 -234.0517
v  9.9275 -226.3808 -235.4997
v  0.0014 -226.3809 -235.4997
v  9.9274 -236.1007 -236.1667
v  0.0013 -236.1008 -236.1667
v  274.0393 -92.3496 145.9384
v  254.8882 -69.1340 138.9380
v  252.1740 -69.1340 147.8085
v  271.2958 -92.3513 154.9102
v  290.1653 -118.0536 151.8336
v  287.3932 -118.0515 160.8900
v  292.0110 -128.0402 162.6048
v  294.7902 -128.0414 153.5237
v  312.3708 -174.9529 159.9484
v  303.0489 -145.8770 156.5419
v  300.2574 -145.8775 165.6671
v  309.5634 -174.9496 169.1226
v  318.0402 -205.3220 162.0176
v  315.2244 -205.3213 171.2215
v  316.5616 -226.2831 171.7216
v  319.3796 -226.2840 162.5113
v  320.0266 -236.1546 162.7498
v  317.2078 -236.1536 171.9632
v  233.0566 -48.7599 130.9573
v  230.3770 -48.7597 139.7135
v  208.8943 -31.6100 122.1294
v  206.2554 -31.6105 130.7584
v  182.8168 -17.9151 112.5979
v  180.2208 -17.9153 121.0887
v  155.3635 -7.9946 102.5565
v  152.8091 -7.9946 110.9033
v  126.8152 -2.0119 92.1263
v  124.3075 -2.0118 100.3228
v  119.5483 -1.9952 33.5094
v  117.7177 -1.9953 26.7216
v  158.2537 -8.0209 23.0710
v  156.4230 -8.0210 16.2831
v  195.6230 -17.9492 12.9929
v  193.7924 -17.9492 6.2050
v  231.0168 -31.6100 3.4475
v  229.1862 -31.6100 -3.3403
v  263.8297 -48.7697 -5.4018
v  261.9990 -48.7697 -12.1896
v  293.4999 -69.1347 -13.4035
v  291.6693 -69.1347 -20.1913
v  319.5201 -92.3566 -20.4209
v  317.6895 -92.3566 -27.2088
v  341.4450 -118.0380 -26.3338
v  339.6143 -118.0380 -33.1216
v  347.7106 -127.9820 -28.0236
v  345.8799 -127.9820 -34.8114
v  357.0686 -145.7394 -37.8289
v  358.8993 -145.7394 -31.0410
v  371.5845 -174.9869 -34.4621
v  369.7538 -174.9870 -41.2499
v  379.2834 -205.2802 -36.5385
v  377.4528 -205.2802 -43.3263
v  381.1335 -226.3808 -37.0375
v  379.3029 -226.3809 -43.8253
v  381.9858 -236.1007 -37.2674
v  380.1552 -236.1008 -44.0553
v  81.1068 -1.9952 -12.8728
v  75.4269 -1.9953 -17.0159
v  104.8026 -8.0209 -45.3579
v  99.1227 -8.0210 -49.5010
v  127.6805 -17.9492 -76.7218
v  122.0006 -17.9492 -80.8649
v  149.3490 -31.6100 -106.4276
v  143.6691 -31.6100 -110.5707
v  169.4373 -48.7697 -133.9672
v  163.7574 -48.7697 -138.1102
v  187.6017 -69.1347 -158.8693
v  181.9219 -69.1347 -163.0123
v  203.5316 -92.3566 -180.7079
v  197.8517 -92.3566 -184.8510
v  216.9542 -118.0380 -199.1093
v  211.2743 -118.0380 -203.2523
v  220.7901 -127.9820 -204.3679
v  215.1101 -127.9820 -208.5109
v  221.9600 -145.7394 -217.9016
v  227.6400 -145.7394 -213.7585
v  235.4059 -174.9869 -224.4051
v  229.7261 -174.9870 -228.5482
v  240.1193 -205.2802 -230.8669
v  234.4394 -205.2802 -235.0099
v  241.2519 -226.3808 -232.4197
v  235.5720 -226.3809 -236.5627
v  241.7736 -236.1007 -233.1350
v  236.0936 -236.1008 -237.2781
v  9.9277 -137.8336 -214.1991
v  0.0016 -137.8336 -214.1990
v  296.5861 -137.9361 164.3037
v  299.3719 -137.9364 155.1981
v  353.9180 -137.8336 -29.6976
v  352.0873 -137.8336 -36.4855
v  224.5903 -137.8336 -209.5777
v  218.9104 -137.8336 -213.7208
# 146 vertices

vn -0.0159 0.9991 -0.0386
vn 0.0006 1.0000 -0.0003
vn 0.0006 1.0000 -0.0003
vn -0.0155 0.9992 -0.0376
vn 0.0006 1.0000 -0.0003
vn 0.0000 1.0000 -0.0000
vn 0.0000 1.0000 -0.0000
vn 0.0006 1.0000 -0.0003
vn 0.0000 1.0000 -0.0000
vn 0.0000 1.0000 -0.0000
vn 0.0000 1.0000 -0.0000
vn 0.0000 1.0000 -0.0000
vn 0.0000 1.0000 -0.0000
vn 0.0000 1.0000 -0.0000
vn 0.0115 0.9998 -0.0174
vn 0.0000 1.0000 -0.0000
vn 0.0000 1.0000 -0.0000
vn 0.0000 1.0000 -0.0000
vn 0.0000 1.0000 -0.0000
vn 0.0129 0.9997 -0.0195
vn 0.0000 1.0000 -0.0000
vn 0.0000 1.0000 -0.0000
vn 0.0185 0.9998 -0.0084
vn 0.0000 1.0000 -0.0000
vn 0.0000 1.0000 -0.0000
vn 0.0000 1.0000 -0.0000
vn 0.0234 0.9997 -0.0107
vn 0.0185 0.9998 -0.0084
vn 0.0000 1.0000 -0.0000
vn 0.0000 1.0000 -0.0000
vn 0.0000 1.0000 -0.0000
vn 0.0000 1.0000 -0.0000
vn 0.0000 1.0000 -0.0000
vn 0.0001 1.0000 0.0001
vn 0.0001 1.0000 0.0001
vn 0.0000 1.0000 -0.0000
vn 0.0001 1.0000 0.0001
vn 0.0259 0.9994 0.0243
vn 0.0310 0.9991 0.0291
vn 0.0001 1.0000 0.0001
vn -0.0159 0.9991 -0.0386
vn -0.0155 0.9992 -0.0376
vn -0.0163 0.9907 -0.1354
vn -0.0163 0.9907 -0.1354
vn -0.0163 0.9907 -0.1354
vn -0.0163 0.9907 -0.1354
vn -0.0000 0.9659 -0.2588
vn -0.0000 0.9659 -0.2588
vn -0.0000 0.9659 -0.2588
vn -0.0000 0.9659 -0.2588
vn -0.0000 0.9239 -0.3827
vn -0.0000 0.9239 -0.3827
vn -0.0000 0.9239 -0.3827
vn -0.0000 0.9239 -0.3827
vn -0.0000 0.8660 -0.5000
vn -0.0000 0.8660 -0.5000
vn -0.0000 0.8660 -0.5000
vn -0.0000 0.8660 -0.5000
vn -0.0000 0.7934 -0.6088
vn -0.0000 0.7934 -0.6088
vn -0.0000 0.7934 -0.6088
vn -0.0000 0.7934 -0.6088
vn -0.0000 0.7071 -0.7071
vn -0.0000 0.7071 -0.7071
vn -0.0000 0.7071 -0.7071
vn -0.0000 0.7071 -0.7071
vn -0.0000 0.6088 -0.7934
vn -0.0000 0.6088 -0.7934
vn -0.0000 0.6088 -0.7934
vn -0.0000 0.6088 -0.7934
vn -0.0000 0.5000 -0.8660
vn -0.0000 0.5000 -0.8660
vn -0.0000 0.5000 -0.8660
vn -0.0000 0.5000 -0.8660
vn 0.0009 0.4467 -0.8947
vn -0.0000 0.4423 -0.8969
vn -0.0000 0.3827 -0.9239
vn -0.0000 0.3827 -0.9239
vn -0.0000 0.2588 -0.9659
vn -0.0000 0.2588 -0.9659
vn -0.0000 0.2588 -0.9659
vn -0.0000 0.2588 -0.9659
vn -0.0000 0.1320 -0.9912
vn -0.0000 0.1320 -0.9912
vn -0.0000 0.1320 -0.9912
vn -0.0000 0.1320 -0.9912
vn -0.0016 0.0692 -0.9976
vn -0.0000 0.0685 -0.9977
vn -0.0000 0.0685 -0.9977
vn -0.0016 0.0692 -0.9976
vn -0.0024 0.0696 -0.9976
vn -0.0000 0.0685 -0.9977
vn 0.7581 0.6096 0.2319
vn 0.6752 0.7081 0.2066
vn 0.6775 0.7057 0.2073
vn 0.7597 0.6073 0.2324
vn 0.8280 0.5003 0.2533
vn 0.7581 0.6096 0.2319
vn 0.7597 0.6073 0.2324
vn 0.8291 0.4983 0.2537
vn 0.8291 0.4983 0.2537
vn 0.8579 0.4417 0.2625
vn 0.8553 0.4494 0.2581
vn 0.8280 0.5003 0.2533
vn 0.9234 0.2598 0.2825
vn 0.8830 0.3837 0.2701
vn 0.8837 0.3821 0.2703
vn 0.9237 0.2586 0.2826
vn 0.9479 0.1318 0.2900
vn 0.9234 0.2598 0.2825
vn 0.9237 0.2586 0.2826
vn 0.9480 0.1312 0.2900
vn 0.9479 0.1318 0.2900
vn 0.9480 0.1312 0.2900
vn 0.9540 0.0687 0.2919
vn 0.9536 0.0701 0.2929
vn 0.9533 0.0713 0.2934
vn 0.9536 0.0701 0.2929
vn 0.9540 0.0687 0.2919
vn 0.9539 0.0696 0.2918
vn 0.6752 0.7081 0.2066
vn 0.5808 0.7944 0.1777
vn 0.5836 0.7921 0.1786
vn 0.6775 0.7057 0.2073
vn 0.5808 0.7944 0.1777
vn 0.4767 0.8669 0.1458
vn 0.4800 0.8649 0.1468
vn 0.5836 0.7921 0.1786
vn 0.4767 0.8669 0.1458
vn 0.3646 0.9245 0.1115
vn 0.3684 0.9228 0.1127
vn 0.4800 0.8649 0.1468
vn 0.3646 0.9245 0.1115
vn 0.2448 0.9667 0.0749
vn 0.2491 0.9655 0.0762
vn 0.3684 0.9228 0.1127
vn 0.2448 0.9667 0.0749
vn 0.1200 0.9912 0.0558
vn 0.1244 0.9907 0.0558
vn 0.2491 0.9655 0.0762
vn 0.0259 0.9994 0.0243
vn 0.1244 0.9907 0.0558
vn 0.1200 0.9912 0.0558
vn 0.0310 0.9991 0.0291
vn 0.0185 0.9998 -0.0084
vn 0.0234 0.9997 -0.0107
vn 0.1030 0.9941 -0.0336
vn 0.1030 0.9941 -0.0336
vn 0.1030 0.9941 -0.0336
vn 0.1030 0.9941 -0.0336
vn 0.1920 0.9800 -0.0518
vn 0.1920 0.9800 -0.0518
vn 0.1920 0.9800 -0.0518
vn 0.1920 0.9800 -0.0518
vn 0.2889 0.9542 -0.0779
vn 0.2889 0.9542 -0.0779
vn 0.2889 0.9542 -0.0779
vn 0.2889 0.9542 -0.0779
vn 0.3868 0.9163 -0.1043
vn 0.3868 0.9163 -0.1043
vn 0.3868 0.9163 -0.1043
vn 0.3868 0.9163 -0.1043
vn 0.4851 0.8646 -0.1308
vn 0.4851 0.8646 -0.1308
vn 0.4851 0.8646 -0.1308
vn 0.4851 0.8646 -0.1308
vn 0.5830 0.7971 -0.1572
vn 0.5830 0.7971 -0.1572
vn 0.5830 0.7971 -0.1572
vn 0.5830 0.7971 -0.1572
vn 0.6783 0.7116 -0.1829
vn 0.6783 0.7116 -0.1829
vn 0.6783 0.7116 -0.1829
vn 0.6783 0.7116 -0.1829
vn 0.7680 0.6061 -0.2071
vn 0.7680 0.6061 -0.2071
vn 0.7680 0.6061 -0.2071
vn 0.7680 0.6061 -0.2071
vn 0.8466 0.5302 -0.0455
vn 0.7729 0.5448 -0.3253
vn 0.8472 0.4796 -0.2285
vn 0.8472 0.4796 -0.2285
vn 0.9103 0.3333 -0.2455
vn 0.9103 0.3333 -0.2455
vn 0.9103 0.3333 -0.2455
vn 0.9103 0.3333 -0.2455
vn 0.9509 0.1731 -0.2565
vn 0.9509 0.1731 -0.2565
vn 0.9509 0.1731 -0.2565
vn 0.9509 0.1731 -0.2565
vn 0.9935 0.0876 -0.0734
vn 0.9221 0.0901 -0.3762
vn 0.9221 0.0901 -0.3762
vn 0.9935 0.0876 -0.0734
vn 0.9963 0.0852 0.0141
vn 0.8987 0.0895 -0.4294
vn 0.0115 0.9998 -0.0174
vn 0.0129 0.9997 -0.0195
vn 0.0617 0.9943 -0.0873
vn 0.0617 0.9943 -0.0872
vn 0.0617 0.9943 -0.0872
vn 0.0617 0.9943 -0.0873
vn 0.1168 0.9802 -0.1602
vn 0.1168 0.9802 -0.1602
vn 0.1168 0.9802 -0.1602
vn 0.1168 0.9802 -0.1602
vn 0.1759 0.9544 -0.2411
vn 0.1759 0.9544 -0.2411
vn 0.1759 0.9544 -0.2411
vn 0.1759 0.9544 -0.2411
vn 0.2355 0.9167 -0.3228
vn 0.2355 0.9167 -0.3228
vn 0.2355 0.9167 -0.3228
vn 0.2355 0.9167 -0.3228
vn 0.2954 0.8653 -0.4050
vn 0.2954 0.8653 -0.4050
vn 0.2954 0.8653 -0.4050
vn 0.2954 0.8653 -0.4050
vn 0.3551 0.7980 -0.4869
vn 0.3551 0.7980 -0.4869
vn 0.3551 0.7980 -0.4869
vn 0.3551 0.7980 -0.4869
vn 0.4134 0.7127 -0.5668
vn 0.4134 0.7127 -0.5668
vn 0.4134 0.7127 -0.5668
vn 0.4134 0.7127 -0.5668
vn 0.4682 0.6072 -0.6419
vn 0.4682 0.6072 -0.6419
vn 0.4682 0.6072 -0.6419
vn 0.4682 0.6072 -0.6419
vn 0.5658 0.5436 -0.6199
vn 0.3197 0.5317 -0.7843
vn 0.5168 0.4807 -0.7084
vn 0.5168 0.4807 -0.7084
vn 0.5554 0.3342 -0.7615
vn 0.5554 0.3342 -0.7615
vn 0.5554 0.3342 -0.7615
vn 0.5554 0.3342 -0.7615
vn 0.5804 0.1736 -0.7956
vn 0.5804 0.1736 -0.7956
vn 0.5804 0.1736 -0.7956
vn 0.5804 0.1736 -0.7956
vn 0.6671 0.0899 -0.7395
vn 0.4032 0.0878 -0.9109
vn 0.4032 0.0878 -0.9109
vn 0.6671 0.0899 -0.7395
vn 0.7028 0.0891 -0.7058
vn 0.3117 0.0852 -0.9464
vn 0.0115 0.9998 -0.0174
vn 0.0000 1.0000 -0.0000
vn 0.0000 1.0000 -0.0000
vn 0.0129 0.9997 -0.0195
vn 0.0234 0.9997 -0.0107
vn 0.0000 1.0000 -0.0000
vn 0.0000 1.0000 -0.0000
vn 0.0000 1.0000 -0.0000
vn 0.3117 0.0852 -0.9464
vn -0.0024 0.0696 -0.9976
vn -0.0016 0.0692 -0.9976
vn 0.4032 0.0878 -0.9109
vn 0.6671 0.0899 -0.7395
vn 0.9221 0.0901 -0.3762
vn 0.8987 0.0895 -0.4294
vn 0.7028 0.0891 -0.7058
vn 0.9935 0.0876 -0.0734
vn 0.9536 0.0701 0.2929
vn 0.9533 0.0713 0.2934
vn 0.9963 0.0852 0.0141
vn -0.0000 0.4423 -0.8969
vn 0.0009 0.4467 -0.8947
vn 0.0009 0.4467 -0.8947
vn -0.0000 0.4423 -0.8969
vn 0.8553 0.4494 0.2581
vn 0.8579 0.4417 0.2625
vn 0.8579 0.4417 0.2625
vn 0.8553 0.4492 0.2582
vn 0.7729 0.5448 -0.3253
vn 0.8466 0.5302 -0.0455
vn 0.8404 0.5354 -0.0846
vn 0.7792 0.5455 -0.3085
vn 0.3197 0.5317 -0.7843
vn 0.5658 0.5436 -0.6199
vn 0.5564 0.5444 -0.6277
vn 0.3652 0.5379 -0.7598
vn 0.5658 0.5436 -0.6199
vn 0.7729 0.5448 -0.3253
vn 0.7792 0.5455 -0.3085
vn 0.5564 0.5444 -0.6277
vn 0.8466 0.5302 -0.0455
vn 0.8553 0.4494 0.2581
vn 0.8553 0.4492 0.2582
vn 0.8404 0.5354 -0.0846
vn 0.3652 0.5379 -0.7598
vn 0.0009 0.4467 -0.8947
vn 0.0009 0.4467 -0.8947
vn 0.3197 0.5317 -0.7843
vn -0.0000 0.4423 -0.8969
vn 0.0009 0.4467 -0.8947
vn -0.0000 0.3827 -0.9239
vn -0.0000 0.3827 -0.9239
vn 0.8553 0.4492 0.2582
vn 0.8579 0.4417 0.2625
vn 0.8837 0.3821 0.2703
vn 0.8830 0.3837 0.2701
vn 0.7792 0.5455 -0.3085
vn 0.8404 0.5354 -0.0846
vn 0.8472 0.4796 -0.2285
vn 0.8472 0.4796 -0.2285
vn 0.3652 0.5379 -0.7598
vn 0.5564 0.5444 -0.6277
vn 0.5168 0.4807 -0.7084
vn 0.5168 0.4807 -0.7084
vn 0.0159 -0.9991 0.0386
vn 0.0155 -0.9992 0.0376
vn -0.0006 -1.0000 0.0003
vn -0.0006 -1.0000 0.0003
vn -0.0006 -1.0000 0.0003
vn -0.0006 -1.0000 0.0003
vn 0.0000 -1.0000 -0.0000
vn 0.0000 -1.0000 -0.0000
vn 0.0000 -1.0000 -0.0000
vn 0.0000 -1.0000 -0.0000
vn 0.0000 -1.0000 -0.0000
vn 0.0000 -1.0000 -0.0000
vn 0.0000 -1.0000 -0.0000
vn 0.0000 -1.0000 -0.0000
vn -0.0115 -0.9998 0.0174
vn 0.0000 -1.0000 -0.0000
vn 0.0000 -1.0000 -0.0000
vn -0.0129 -0.9997 0.0195
vn 0.0000 -1.0000 -0.0000
vn 0.0000 -1.0000 -0.0000
vn 0.0000 -1.0000 -0.0000
vn 0.0000 -1.0000 -0.0000
vn -0.0185 -0.9998 0.0084
vn 0.0000 -1.0000 -0.0000
vn 0.0000 -1.0000 -0.0000
vn -0.0185 -0.9998 0.0084
vn -0.0234 -0.9997 0.0107
vn 0.0000 -1.0000 -0.0000
vn 0.0000 -1.0000 -0.0000
vn 0.0000 -1.0000 -0.0000
vn 0.0000 -1.0000 -0.0000
vn 0.0000 -1.0000 -0.0000
vn 0.0000 -1.0000 -0.0000
vn 0.0000 -1.0000 -0.0000
vn -0.0001 -1.0000 -0.0001
vn -0.0001 -1.0000 -0.0001
vn -0.0001 -1.0000 -0.0001
vn -0.0001 -1.0000 -0.0001
vn -0.0310 -0.9991 -0.0291
vn -0.0259 -0.9994 -0.0243
vn 0.0159 -0.9991 0.0386
vn 0.0163 -0.9907 0.1354
vn 0.0163 -0.9907 0.1354
vn 0.0155 -0.9992 0.0376
vn 0.0163 -0.9907 0.1354
vn 0.0000 -0.9659 0.2588
vn 0.0000 -0.9659 0.2588
vn 0.0163 -0.9907 0.1354
vn 0.0000 -0.9659 0.2588
vn 0.0000 -0.9239 0.3827
vn 0.0000 -0.9239 0.3827
vn 0.0000 -0.9659 0.2588
vn 0.0000 -0.9239 0.3827
vn 0.0000 -0.8660 0.5000
vn 0.0000 -0.8660 0.5000
vn 0.0000 -0.9239 0.3827
vn 0.0000 -0.8660 0.5000
vn 0.0000 -0.7934 0.6088
vn 0.0000 -0.7934 0.6088
vn 0.0000 -0.8660 0.5000
vn 0.0000 -0.7934 0.6088
vn 0.0000 -0.7071 0.7071
vn 0.0000 -0.7071 0.7071
vn 0.0000 -0.7934 0.6088
vn 0.0000 -0.7071 0.7071
vn 0.0000 -0.6088 0.7934
vn 0.0000 -0.6088 0.7934
vn 0.0000 -0.7071 0.7071
vn 0.0000 -0.6088 0.7934
vn 0.0000 -0.5000 0.8660
vn 0.0000 -0.5000 0.8660
vn 0.0000 -0.6088 0.7934
vn 0.0000 -0.5000 0.8660
vn 0.0000 -0.4423 0.8969
vn -0.0009 -0.4467 0.8947
vn 0.0000 -0.5000 0.8660
vn 0.0000 -0.3827 0.9239
vn 0.0000 -0.2588 0.9659
vn 0.0000 -0.2588 0.9659
vn 0.0000 -0.3827 0.9239
vn 0.0000 -0.2588 0.9659
vn 0.0000 -0.1320 0.9912
vn 0.0000 -0.1320 0.9912
vn 0.0000 -0.2588 0.9659
vn 0.0000 -0.1320 0.9912
vn 0.0000 -0.0685 0.9977
vn 0.0016 -0.0692 0.9976
vn 0.0000 -0.1320 0.9912
vn 0.0000 -0.0685 0.9977
vn 0.0000 -0.0685 0.9977
vn 0.0024 -0.0696 0.9976
vn 0.0016 -0.0692 0.9976
vn -0.7581 -0.6096 -0.2319
vn -0.7597 -0.6073 -0.2324
vn -0.6775 -0.7057 -0.2073
vn -0.6752 -0.7081 -0.2066
vn -0.8280 -0.5003 -0.2533
vn -0.8291 -0.4983 -0.2537
vn -0.7597 -0.6073 -0.2324
vn -0.7581 -0.6096 -0.2319
vn -0.8291 -0.4983 -0.2537
vn -0.8280 -0.5003 -0.2533
vn -0.8553 -0.4494 -0.2581
vn -0.8579 -0.4417 -0.2625
vn -0.9234 -0.2598 -0.2825
vn -0.9237 -0.2586 -0.2826
vn -0.8837 -0.3821 -0.2703
vn -0.8830 -0.3837 -0.2701
vn -0.9479 -0.1318 -0.2900
vn -0.9480 -0.1312 -0.2900
vn -0.9237 -0.2586 -0.2826
vn -0.9234 -0.2598 -0.2825
vn -0.9479 -0.1318 -0.2900
vn -0.9536 -0.0701 -0.2929
vn -0.9540 -0.0687 -0.2919
vn -0.9480 -0.1312 -0.2900
vn -0.9533 -0.0713 -0.2934
vn -0.9539 -0.0696 -0.2918
vn -0.9540 -0.0687 -0.2919
vn -0.9536 -0.0701 -0.2929
vn -0.6752 -0.7081 -0.2066
vn -0.6775 -0.7057 -0.2073
vn -0.5836 -0.7921 -0.1786
vn -0.5808 -0.7944 -0.1777
vn -0.5808 -0.7944 -0.1777
vn -0.5836 -0.7921 -0.1786
vn -0.4800 -0.8649 -0.1468
vn -0.4767 -0.8669 -0.1458
vn -0.4767 -0.8669 -0.1458
vn -0.4800 -0.8649 -0.1468
vn -0.3684 -0.9228 -0.1127
vn -0.3646 -0.9245 -0.1115
vn -0.3646 -0.9245 -0.1115
vn -0.3684 -0.9228 -0.1127
vn -0.2491 -0.9655 -0.0762
vn -0.2448 -0.9667 -0.0749
vn -0.2448 -0.9667 -0.0749
vn -0.2491 -0.9655 -0.0762
vn -0.1244 -0.9907 -0.0558
vn -0.1200 -0.9912 -0.0558
vn -0.0259 -0.9994 -0.0243
vn -0.0310 -0.9991 -0.0291
vn -0.1200 -0.9912 -0.0558
vn -0.1244 -0.9907 -0.0558
vn -0.0185 -0.9998 0.0084
vn -0.1030 -0.9941 0.0336
vn -0.1030 -0.9941 0.0336
vn -0.0234 -0.9997 0.0107
vn -0.1030 -0.9941 0.0336
vn -0.1920 -0.9800 0.0518
vn -0.1920 -0.9800 0.0518
vn -0.1030 -0.9941 0.0336
vn -0.1920 -0.9800 0.0518
vn -0.2889 -0.9542 0.0779
vn -0.2889 -0.9542 0.0779
vn -0.1920 -0.9800 0.0518
vn -0.2889 -0.9542 0.0779
vn -0.3868 -0.9163 0.1043
vn -0.3868 -0.9163 0.1043
vn -0.2889 -0.9542 0.0779
vn -0.3868 -0.9163 0.1043
vn -0.4851 -0.8646 0.1308
vn -0.4851 -0.8646 0.1308
vn -0.3868 -0.9163 0.1043
vn -0.4851 -0.8646 0.1308
vn -0.5830 -0.7971 0.1572
vn -0.5830 -0.7971 0.1572
vn -0.4851 -0.8646 0.1308
vn -0.5830 -0.7971 0.1572
vn -0.6783 -0.7116 0.1829
vn -0.6783 -0.7116 0.1829
vn -0.5830 -0.7971 0.1572
vn -0.6783 -0.7116 0.1829
vn -0.7680 -0.6061 0.2071
vn -0.7680 -0.6061 0.2071
vn -0.6783 -0.7116 0.1829
vn -0.7680 -0.6061 0.2071
vn -0.7729 -0.5448 0.3253
vn -0.8466 -0.5302 0.0455
vn -0.7680 -0.6061 0.2071
vn -0.8472 -0.4796 0.2285
vn -0.9103 -0.3333 0.2455
vn -0.9103 -0.3333 0.2455
vn -0.8472 -0.4796 0.2285
vn -0.9103 -0.3333 0.2455
vn -0.9509 -0.1731 0.2565
vn -0.9509 -0.1731 0.2565
vn -0.9103 -0.3333 0.2455
vn -0.9509 -0.1731 0.2565
vn -0.9221 -0.0901 0.3762
vn -0.9935 -0.0876 0.0734
vn -0.9509 -0.1731 0.2565
vn -0.9221 -0.0901 0.3762
vn -0.8987 -0.0895 0.4294
vn -0.9963 -0.0852 -0.0141
vn -0.9935 -0.0876 0.0734
vn -0.0115 -0.9998 0.0174
vn -0.0617 -0.9943 0.0872
vn -0.0617 -0.9943 0.0873
vn -0.0129 -0.9997 0.0195
vn -0.0617 -0.9943 0.0872
vn -0.1168 -0.9802 0.1602
vn -0.1168 -0.9802 0.1602
vn -0.0617 -0.9943 0.0873
vn -0.1168 -0.9802 0.1602
vn -0.1759 -0.9544 0.2411
vn -0.1759 -0.9544 0.2411
vn -0.1168 -0.9802 0.1602
vn -0.1759 -0.9544 0.2411
vn -0.2355 -0.9167 0.3228
vn -0.2355 -0.9167 0.3228
vn -0.1759 -0.9544 0.2411
vn -0.2355 -0.9167 0.3228
vn -0.2954 -0.8653 0.4050
vn -0.2954 -0.8653 0.4050
vn -0.2355 -0.9167 0.3228
vn -0.2954 -0.8653 0.4050
vn -0.3551 -0.7980 0.4869
vn -0.3551 -0.7980 0.4869
vn -0.2954 -0.8653 0.4050
vn -0.3551 -0.7980 0.4869
vn -0.4134 -0.7127 0.5668
vn -0.4134 -0.7127 0.5668
vn -0.3551 -0.7980 0.4869
vn -0.4134 -0.7127 0.5668
vn -0.4682 -0.6072 0.6419
vn -0.4682 -0.6072 0.6419
vn -0.4134 -0.7127 0.5668
vn -0.4682 -0.6072 0.6419
vn -0.3197 -0.5317 0.7843
vn -0.5658 -0.5436 0.6199
vn -0.4682 -0.6072 0.6419
vn -0.5168 -0.4807 0.7084
vn -0.5554 -0.3342 0.7615
vn -0.5554 -0.3342 0.7615
vn -0.5168 -0.4807 0.7084
vn -0.5554 -0.3342 0.7615
vn -0.5804 -0.1736 0.7956
vn -0.5804 -0.1736 0.7956
vn -0.5554 -0.3342 0.7615
vn -0.5804 -0.1736 0.7956
vn -0.4032 -0.0878 0.9109
vn -0.6671 -0.0899 0.7395
vn -0.5804 -0.1736 0.7956
vn -0.4032 -0.0878 0.9109
vn -0.3117 -0.0852 0.9464
vn -0.7028 -0.0891 0.7058
vn -0.6671 -0.0899 0.7395
vn -0.0115 -0.9998 0.0174
vn -0.0129 -0.9997 0.0195
vn 0.0000 -1.0000 -0.0000
vn 0.0000 -1.0000 -0.0000
vn -0.0234 -0.9997 0.0107
vn 0.0000 -1.0000 -0.0000
vn 0.0000 -1.0000 -0.0000
vn 0.0000 -1.0000 -0.0000
vn -0.3117 -0.0852 0.9464
vn -0.4032 -0.0878 0.9109
vn 0.0016 -0.0692 0.9976
vn 0.0024 -0.0696 0.9976
vn -0.6671 -0.0899 0.7395
vn -0.7028 -0.0891 0.7058
vn -0.8987 -0.0895 0.4294
vn -0.9221 -0.0901 0.3762
vn -0.9935 -0.0876 0.0734
vn -0.9963 -0.0852 -0.0141
vn -0.9533 -0.0713 -0.2934
vn -0.9536 -0.0701 -0.2929
vn 0.0000 -0.4423 0.8969
vn 0.0000 -0.4423 0.8969
vn -0.0009 -0.4467 0.8947
vn -0.0009 -0.4467 0.8947
vn -0.8553 -0.4494 -0.2581
vn -0.8553 -0.4492 -0.2582
vn -0.8579 -0.4417 -0.2625
vn -0.8579 -0.4417 -0.2625
vn -0.7729 -0.5448 0.3253
vn -0.7792 -0.5455 0.3085
vn -0.8404 -0.5354 0.0846
vn -0.8466 -0.5302 0.0455
vn -0.3197 -0.5317 0.7843
vn -0.3652 -0.5379 0.7598
vn -0.5564 -0.5444 0.6277
vn -0.5658 -0.5436 0.6199
vn -0.5658 -0.5436 0.6199
vn -0.5564 -0.5444 0.6277
vn -0.7792 -0.5455 0.3085
vn -0.7729 -0.5448 0.3253
vn -0.8466 -0.5302 0.0455
vn -0.8404 -0.5354 0.0846
vn -0.8553 -0.4492 -0.2582
vn -0.8553 -0.4494 -0.2581
vn -0.3652 -0.5379 0.7598
vn -0.3197 -0.5317 0.7843
vn -0.0009 -0.4467 0.8947
vn -0.0009 -0.4467 0.8947
vn 0.0000 -0.4423 0.8969
vn 0.0000 -0.3827 0.9239
vn 0.0000 -0.3827 0.9239
vn -0.0009 -0.4467 0.8947
vn -0.8553 -0.4492 -0.2582
vn -0.8830 -0.3837 -0.2701
vn -0.8837 -0.3821 -0.2703
vn -0.8579 -0.4417 -0.2625
vn -0.7792 -0.5455 0.3085
vn -0.8472 -0.4796 0.2285
vn -0.8472 -0.4796 0.2285
vn -0.8404 -0.5354 0.0846
vn -0.3652 -0.5379 0.7598
vn -0.5168 -0.4807 0.7084
vn -0.5168 -0.4807 0.7084
vn -0.5564 -0.5444 0.6277
# 624 vertex normals

vt 0.6350 0.0459 1.0000
vt 0.6350 0.0586 0.9999
vt 0.6489 0.0557 0.9999
vt 0.6489 0.0459 0.9999
vt 0.6350 0.0769 0.9999
vt 0.6489 0.0781 0.9999
vt 0.6350 0.0976 0.9999
vt 0.6489 0.0990 0.9999
vt 0.6350 0.1105 0.9999
vt 0.6489 0.1110 0.9999
vt 0.6350 0.1196 0.9999
vt 0.6350 0.1403 0.9999
vt 0.6489 0.1403 0.9999
vt 0.6489 0.1193 0.9999
vt 0.6350 0.1603 0.9999
vt 0.6489 0.1606 0.9999
vt 0.6350 0.1696 0.9999
vt 0.6489 0.1691 0.9999
vt 0.6350 0.1798 0.9999
vt 0.6350 0.1970 0.9999
vt 0.6489 0.1962 0.9999
vt 0.6489 0.1784 0.9999
vt 0.6350 0.2117 0.9999
vt 0.6489 0.2137 0.9999
vt 0.6350 0.2241 0.9999
vt 0.6489 0.2241 0.9999
vt 0.9733 0.0234 1.0000
vt 0.9586 0.0086 0.9999
vt 0.9082 0.0086 0.9916
vt 0.9076 0.0234 0.9916
vt 0.8450 0.0086 0.9660
vt 0.8447 0.0234 0.9660
vt 0.7818 0.0086 0.9240
vt 0.7817 0.0234 0.9240
vt 0.7186 0.0086 0.8661
vt 0.7188 0.0234 0.8661
vt 0.6555 0.0086 0.7935
vt 0.6558 0.0234 0.7935
vt 0.5889 0.0086 0.7072
vt 0.5889 0.0234 0.7072
vt 0.9733 0.0234 0.7072
vt 0.9733 0.0086 0.7072
vt 0.9088 0.0086 0.6089
vt 0.9088 0.0234 0.6089
vt 0.8469 0.0086 0.5002
vt 0.8468 0.0234 0.5002
vt 0.8231 0.0086 0.4581
vt 0.8229 0.0234 0.4581
vt 0.7797 0.0234 0.3829
vt 0.7799 0.0086 0.3829
vt 0.7178 0.0086 0.2590
vt 0.7179 0.0234 0.2590
vt 0.6558 0.0086 0.1307
vt 0.6561 0.0234 0.1307
vt 0.6125 0.0086 0.0414
vt 0.6130 0.0234 0.0414
vt 0.5889 0.0086 0.0002
vt 0.5889 0.0234 0.0002
vt 0.9090 0.0234 0.6089
vt 0.9733 0.0234 0.7073
vt 0.9733 0.0086 0.7073
vt 0.9087 0.0086 0.6089
vt 0.8470 0.0234 0.5001
vt 0.8467 0.0086 0.5001
vt 0.8228 0.0086 0.4578
vt 0.8230 0.0234 0.4578
vt 0.7182 0.0234 0.2592
vt 0.7797 0.0234 0.3823
vt 0.7794 0.0086 0.3823
vt 0.7178 0.0086 0.2592
vt 0.6562 0.0234 0.1306
vt 0.6556 0.0086 0.1306
vt 0.6126 0.0086 0.0418
vt 0.6134 0.0234 0.0418
vt 0.5889 0.0234 0.0000
vt 0.5889 0.0086 0.0000
vt 0.5889 0.0234 0.7073
vt 0.6557 0.0234 0.7935
vt 0.6550 0.0086 0.7935
vt 0.5889 0.0086 0.7073
vt 0.7187 0.0234 0.8661
vt 0.7179 0.0086 0.8661
vt 0.7818 0.0234 0.9241
vt 0.7809 0.0086 0.9241
vt 0.8447 0.0234 0.9661
vt 0.8438 0.0086 0.9661
vt 0.9077 0.0234 0.9915
vt 0.9069 0.0086 0.9915
vt 0.9733 0.0086 0.9999
vt 0.9586 0.0234 0.9999
vt 0.5889 0.0086 0.9999
vt 0.5889 0.0234 0.9999
vt 0.6326 0.0234 0.9916
vt 0.6342 0.0086 0.9916
vt 0.7051 0.0234 0.9660
vt 0.7059 0.0086 0.9660
vt 0.7766 0.0234 0.9240
vt 0.7767 0.0086 0.9240
vt 0.8464 0.0234 0.8661
vt 0.8461 0.0086 0.8661
vt 0.9140 0.0234 0.7935
vt 0.9135 0.0086 0.7935
vt 0.6583 0.0234 0.6089
vt 0.6582 0.0086 0.6089
vt 0.7246 0.0234 0.5002
vt 0.7246 0.0086 0.5002
vt 0.7480 0.0234 0.4581
vt 0.7479 0.0086 0.4581
vt 0.7896 0.0086 0.3829
vt 0.7896 0.0234 0.3829
vt 0.8517 0.0234 0.2590
vt 0.8517 0.0086 0.2590
vt 0.9124 0.0234 0.1307
vt 0.9125 0.0086 0.1307
vt 0.9535 0.0234 0.0414
vt 0.9537 0.0086 0.0414
vt 0.9733 0.0234 0.0002
vt 0.9733 0.0086 0.0002
vt 0.6345 0.0234 0.9916
vt 0.6350 0.0086 0.9916
vt 0.7067 0.0234 0.9660
vt 0.7069 0.0086 0.9660
vt 0.7778 0.0234 0.9240
vt 0.7778 0.0086 0.9240
vt 0.8472 0.0234 0.8661
vt 0.8471 0.0086 0.8661
vt 0.9145 0.0234 0.7935
vt 0.9143 0.0086 0.7935
vt 0.6583 0.0086 0.6089
vt 0.7248 0.0234 0.5002
vt 0.7247 0.0086 0.5002
vt 0.7481 0.0234 0.4581
vt 0.7480 0.0086 0.4581
vt 0.7897 0.0086 0.3829
vt 0.7897 0.0234 0.3829
vt 0.8518 0.0234 0.2590
vt 0.8518 0.0086 0.2590
vt 0.9536 0.0234 0.0414
vt 0.6489 0.2241 0.0002
vt 0.6489 0.0459 0.0002
vt 0.6350 0.0459 0.0414
vt 0.6350 0.2241 0.0414
vt 0.6489 0.2241 0.0414
vt 0.6489 0.0459 0.0418
vt 0.6350 0.0459 0.0000
vt 0.6350 0.2241 0.0002
vt 0.7995 0.0086 0.4163
vt 0.7992 0.0234 0.4163
vt 0.7990 0.0086 0.4159
vt 0.7993 0.0234 0.4159
vt 0.7710 0.0234 0.4163
vt 0.7710 0.0086 0.4163
vt 0.7711 0.0234 0.4163
vt 0.7711 0.0086 0.4163
vt 0.6350 0.0459 0.4581
vt 0.6350 0.2241 0.4581
vt 0.6489 0.2241 0.4163
vt 0.6489 0.0459 0.4163
vt 0.6489 0.2241 0.4581
vt 0.6489 0.0459 0.4578
vt 0.6350 0.0459 0.4159
vt 0.6350 0.2241 0.4163
# 162 texture coords

o HalfRoundRoofFrameL
g HalfRoundRoofFrameL
s 1
f 423/431/1841 424/432/1842 425/433/1843 426/434/1844 
f 424/432/1845 427/435/1846 428/436/1847 425/433/1848 
f 427/435/1849 429/437/1850 430/438/1851 428/436/1852 
f 429/437/1853 431/439/1854 432/440/1855 430/438/1856 
f 433/441/1857 434/442/1858 435/443/1859 436/444/1860 
f 434/442/1861 437/445/1862 438/446/1863 435/443/1864 
f 437/445/1865 439/447/1866 440/448/1867 438/446/1868 
f 441/449/1869 442/450/1870 443/451/1871 444/452/1872 
f 442/450/1873 445/453/1874 446/454/1875 443/451/1876 
f 445/453/1877 447/455/1878 448/456/1879 446/454/1880 
f 423/457/1881 426/458/1882 449/459/1883 450/460/1884 
f 450/460/1885 449/459/1886 451/461/1887 452/462/1888 
f 452/462/1889 451/461/1890 453/463/1891 454/464/1892 
f 454/464/1893 453/463/1894 455/465/1895 456/466/1896 
f 456/466/1897 455/465/1898 457/467/1899 458/468/1900 
f 458/468/1901 457/467/1902 459/469/1903 460/470/1904 
f 460/471/1905 459/472/1906 461/473/1907 462/474/1908 
f 462/474/1909 461/473/1910 463/475/1911 464/476/1912 
f 464/476/1913 463/475/1914 465/477/1915 466/478/1916 
f 467/479/1917 468/480/1918 469/481/1919 470/482/1920 
f 470/482/1921 469/481/1922 471/483/1923 472/484/1924 
f 472/484/1925 471/483/1926 473/485/1927 474/486/1928 
f 474/486/1929 473/485/1930 475/487/1931 476/488/1932 
f 477/489/1933 478/490/1934 479/491/1935 480/492/1936 
f 481/493/1937 477/489/1938 480/492/1939 482/494/1940 
f 482/494/1941 483/495/1942 484/496/1943 481/493/1944 
f 485/497/1945 486/498/1946 487/499/1947 488/500/1948 
f 489/501/1949 485/497/1950 488/500/1951 490/502/1952 
f 489/501/1953 490/502/1954 491/503/1955 492/504/1956 
f 493/505/1957 492/504/1958 491/503/1959 494/506/1960 
f 478/507/1961 495/508/1962 496/509/1963 479/510/1964 
f 495/508/1965 497/511/1966 498/512/1967 496/509/1968 
f 497/511/1969 499/513/1970 500/514/1971 498/512/1972 
f 499/513/1973 501/515/1974 502/516/1975 500/514/1976 
f 501/515/1977 503/517/1978 504/518/1979 502/516/1980 
f 447/519/1981 504/518/1982 503/517/1983 448/520/1984 
f 438/521/1985 440/522/1986 505/523/1987 506/524/1988 
f 506/524/1989 505/523/1990 507/525/1991 508/526/1992 
f 508/526/1993 507/525/1994 509/527/1995 510/528/1996 
f 510/528/1997 509/527/1998 511/529/1999 512/530/2000 
f 512/530/2001 511/529/2002 513/531/2003 514/532/2004 
f 514/532/2005 513/531/2006 515/471/2007 516/472/2008 
f 516/469/2009 515/470/2010 517/533/2011 518/534/2012 
f 518/534/2013 517/533/2014 519/535/2015 520/536/2016 
f 520/536/2017 519/535/2018 521/537/2019 522/538/2020 
f 523/539/2021 524/540/2022 525/541/2023 526/542/2024 
f 526/542/2025 525/541/2026 527/543/2027 528/544/2028 
f 528/544/2029 527/543/2030 529/545/2031 530/546/2032 
f 530/546/2033 529/545/2034 531/547/2035 532/548/2036 
f 432/521/2037 436/522/2038 533/549/2039 534/550/2040 
f 534/550/2041 533/549/2042 535/551/2043 536/552/2044 
f 536/552/2045 535/551/2046 537/553/2047 538/554/2048 
f 538/554/2049 537/553/2050 539/555/2051 540/556/2052 
f 540/556/2053 539/555/2054 541/557/2055 542/558/2056 
f 542/558/2057 541/557/2058 543/471/2059 544/472/2060 
f 544/469/2061 543/470/2062 545/533/2063 546/559/2064 
f 546/559/2065 545/533/2066 547/560/2067 548/561/2068 
f 548/561/2069 547/560/2070 549/562/2071 550/563/2072 
f 551/564/2073 552/565/2074 553/566/2075 554/567/2076 
f 554/567/2077 553/566/2078 555/543/2079 556/544/2080 
f 556/544/2081 555/543/2082 557/568/2083 558/546/2084 
f 558/546/2085 557/568/2086 559/547/2087 560/548/2088 
f 432/440/2089 431/439/2090 433/441/2091 436/444/2092 
f 440/448/2093 439/447/2094 441/449/2095 444/452/2096 
f 560/569/2097 475/570/2098 473/571/2099 558/572/2100 
f 557/571/2101 530/572/2102 532/569/2103 559/570/2104 
f 529/573/2105 492/574/2106 493/575/2107 531/576/2108 
f 466/478/2109 465/477/2110 561/577/2111 562/578/2112 
f 484/496/2113 483/495/2114 563/579/2115 564/580/2116 
f 522/538/2117 521/537/2118 565/581/2119 566/582/2120 
f 550/563/2121 549/562/2122 567/583/2123 568/584/2124 
f 549/585/2125 522/586/2126 566/587/2127 567/588/2128 
f 521/589/2129 484/590/2130 564/591/2131 565/592/2132 
f 568/587/2133 561/588/2134 465/585/2135 550/586/2136 
f 562/578/2137 561/577/2138 468/480/2139 467/479/2140 
f 564/580/2141 563/579/2142 487/499/2143 486/498/2144 
f 566/582/2145 565/581/2146 524/540/2147 523/539/2148 
f 568/584/2149 567/583/2150 552/565/2151 551/564/2152 
f 423/431/2153 426/434/2154 425/433/2155 424/432/2156 
f 424/432/2157 425/433/2158 428/436/2159 427/435/2160 
f 427/435/2161 428/436/2162 430/438/2163 429/437/2164 
f 429/437/2165 430/438/2166 432/440/2167 431/439/2168 
f 433/441/2169 436/444/2170 435/443/2171 434/442/2172 
f 434/442/2173 435/443/2174 438/446/2175 437/445/2176 
f 437/445/2177 438/446/2178 440/448/2179 439/447/2180 
f 441/449/2181 444/452/2182 443/451/2183 442/450/2184 
f 442/450/2185 443/451/2186 446/454/2187 445/453/2188 
f 445/453/2189 446/454/2190 448/456/2191 447/455/2192 
f 423/457/2193 450/460/2194 449/459/2195 426/458/2196 
f 450/460/2197 452/462/2198 451/461/2199 449/459/2200 
f 452/462/2201 454/464/2202 453/463/2203 451/461/2204 
f 454/464/2205 456/466/2206 455/465/2207 453/463/2208 
f 456/466/2209 458/468/2210 457/467/2211 455/465/2212 
f 458/468/2213 460/470/2214 459/469/2215 457/467/2216 
f 460/471/2217 462/474/2218 461/473/2219 459/472/2220 
f 462/474/2221 464/476/2222 463/475/2223 461/473/2224 
f 464/476/2225 466/478/2226 465/477/2227 463/475/2228 
f 467/479/2229 470/482/2230 469/481/2231 468/480/2232 
f 470/482/2233 472/484/2234 471/483/2235 469/481/2236 
f 472/484/2237 474/486/2238 473/485/2239 471/483/2240 
f 474/486/2241 476/488/2242 475/487/2243 473/485/2244 
f 477/489/2245 480/492/2246 479/491/2247 478/490/2248 
f 481/493/2249 482/494/2250 480/492/2251 477/489/2252 
f 482/494/2253 481/493/2254 484/496/2255 483/495/2256 
f 485/497/2257 488/500/2258 487/499/2259 486/498/2260 
f 489/501/2261 490/502/2262 488/500/2263 485/497/2264 
f 489/501/2265 492/504/2266 491/503/2267 490/502/2268 
f 493/505/2269 494/506/2270 491/503/2271 492/504/2272 
f 478/507/2273 479/510/2274 496/509/2275 495/508/2276 
f 495/508/2277 496/509/2278 498/512/2279 497/511/2280 
f 497/511/2281 498/512/2282 500/514/2283 499/513/2284 
f 499/513/2285 500/514/2286 502/516/2287 501/515/2288 
f 501/515/2289 502/516/2290 504/518/2291 503/517/2292 
f 447/519/2293 448/520/2294 503/517/2295 504/518/2296 
f 438/521/2297 506/524/2298 505/523/2299 440/522/2300 
f 506/524/2301 508/526/2302 507/525/2303 505/523/2304 
f 508/526/2305 510/528/2306 509/527/2307 507/525/2308 
f 510/528/2309 512/530/2310 511/529/2311 509/527/2312 
f 512/530/2313 514/532/2314 513/531/2315 511/529/2316 
f 514/532/2317 516/472/2318 515/471/2319 513/531/2320 
f 516/469/2321 518/534/2322 517/533/2323 515/470/2324 
f 518/534/2325 520/536/2326 519/535/2327 517/533/2328 
f 520/536/2329 522/538/2330 521/537/2331 519/535/2332 
f 523/539/2333 526/542/2334 525/541/2335 524/540/2336 
f 526/542/2337 528/544/2338 527/543/2339 525/541/2340 
f 528/544/2341 530/546/2342 529/545/2343 527/543/2344 
f 530/546/2345 532/548/2346 531/547/2347 529/545/2348 
f 432/521/2349 534/550/2350 533/549/2351 436/522/2352 
f 534/550/2353 536/552/2354 535/551/2355 533/549/2356 
f 536/552/2357 538/554/2358 537/553/2359 535/551/2360 
f 538/554/2361 540/556/2362 539/555/2363 537/553/2364 
f 540/556/2365 542/558/2366 541/557/2367 539/555/2368 
f 542/558/2369 544/472/2370 543/471/2371 541/557/2372 
f 544/469/2373 546/559/2374 545/533/2375 543/470/2376 
f 546/559/2377 548/561/2378 547/560/2379 545/533/2380 
f 548/561/2381 550/563/2382 549/562/2383 547/560/2384 
f 551/564/2385 554/567/2386 553/566/2387 552/565/2388 
f 554/567/2389 556/544/2390 555/543/2391 553/566/2392 
f 556/544/2393 558/546/2394 557/568/2395 555/543/2396 
f 558/546/2397 560/548/2398 559/547/2399 557/568/2400 
f 432/440/2401 436/444/2402 433/441/2403 431/439/2404 
f 440/448/2405 444/452/2406 441/449/2407 439/447/2408 
f 560/569/2409 558/572/2410 473/571/2411 475/570/2412 
f 557/571/2413 559/570/2414 532/569/2415 530/572/2416 
f 529/573/2417 531/576/2418 493/575/2419 492/574/2420 
f 466/478/2421 562/578/2422 561/577/2423 465/477/2424 
f 484/496/2425 564/580/2426 563/579/2427 483/495/2428 
f 522/538/2429 566/582/2430 565/581/2431 521/537/2432 
f 550/563/2433 568/584/2434 567/583/2435 549/562/2436 
f 549/585/2437 567/588/2438 566/587/2439 522/586/2440 
f 521/589/2441 565/592/2442 564/591/2443 484/590/2444 
f 568/587/2445 550/586/2446 465/585/2447 561/588/2448 
f 562/578/2449 467/479/2450 468/480/2451 561/577/2452 
f 564/580/2453 486/498/2454 487/499/2455 563/579/2456 
f 566/582/2457 523/539/2458 524/540/2459 565/581/2460 
f 568/584/2461 551/564/2462 552/565/2463 567/583/2464 
# 156 polygons

#
# object HalfRoundRoofGlassL
#

v  99.1227 -8.0210 -49.5010
v  9.9275 -8.0209 -61.0600
v  9.9275 -1.9952 -30.7668
v  75.4269 -1.9953 -17.0159
v  122.0006 -17.9492 -80.8649
v  9.9275 -17.9492 -90.3076
v  143.6691 -31.6100 -110.5707
v  9.9276 -31.6100 -118.0090
v  163.7574 -48.7697 -138.1102
v  9.9276 -48.7697 -143.6904
v  181.9219 -69.1347 -163.0123
v  9.9276 -69.1347 -166.9122
v  197.8517 -92.3566 -184.8510
v  9.9276 -92.3566 -187.2772
v  211.2743 -118.0380 -203.2523
v  9.9276 -118.0380 -204.4370
v  221.9600 -145.7394 -217.9016
v  9.9277 -145.7394 -218.0978
v  9.9277 -137.8336 -214.1991
v  218.9104 -137.8336 -213.7208
v  229.7261 -174.9870 -228.5482
v  9.9277 -174.9869 -228.0260
v  234.4394 -205.2802 -235.0099
v  9.9276 -205.2802 -234.0517
v  235.5720 -226.3809 -236.5627
v  9.9275 -226.3808 -235.4997
v  240.1193 -205.2802 -230.8669
v  377.4528 -205.2802 -43.3263
v  379.3029 -226.3809 -43.8253
v  241.2519 -226.3808 -232.4197
v  235.4059 -174.9869 -224.4051
v  369.7538 -174.9870 -41.2499
v  227.6400 -145.7394 -213.7585
v  357.0686 -145.7394 -37.8289
v  216.9542 -118.0380 -199.1093
v  339.6143 -118.0380 -33.1216
v  345.8799 -127.9820 -34.8114
v  220.7901 -127.9820 -204.3679
v  203.5316 -92.3566 -180.7079
v  317.6895 -92.3566 -27.2088
v  187.6017 -69.1347 -158.8693
v  291.6693 -69.1347 -20.1913
v  169.4373 -48.7697 -133.9672
v  261.9990 -48.7697 -12.1896
v  149.3490 -31.6100 -106.4276
v  229.1862 -31.6100 -3.3403
v  127.6805 -17.9492 -76.7218
v  193.7924 -17.9492 6.2050
v  104.8026 -8.0209 -45.3579
v  156.4230 -8.0210 16.2831
v  81.1068 -1.9952 -12.8728
v  117.7177 -1.9953 26.7216
v  379.2834 -205.2802 -36.5385
v  318.0402 -205.3220 162.0176
v  319.3796 -226.2840 162.5113
v  381.1335 -226.3808 -37.0375
v  371.5845 -174.9869 -34.4621
v  312.3708 -174.9529 159.9484
v  358.8993 -145.7394 -31.0410
v  303.0489 -145.8770 156.5419
v  341.4450 -118.0380 -26.3338
v  290.1653 -118.0536 151.8336
v  294.7902 -128.0414 153.5237
v  347.7106 -127.9820 -28.0236
v  319.5201 -92.3566 -20.4209
v  274.0393 -92.3496 145.9384
v  293.4999 -69.1347 -13.4035
v  254.8882 -69.1340 138.9380
v  263.8297 -48.7697 -5.4018
v  233.0566 -48.7599 130.9573
v  231.0168 -31.6100 3.4475
v  208.8943 -31.6100 122.1294
v  195.6230 -17.9492 12.9929
v  182.8168 -17.9151 112.5979
v  158.2537 -8.0209 23.0710
v  155.3635 -7.9946 102.5565
v  119.5483 -1.9952 33.5094
v  126.8152 -2.0119 92.1263
v  16.0824 -0.0248 -8.5372
v  32.4850 -0.0248 -4.4319
v  77.0517 -0.0248 22.0195
v  88.4752 -0.0248 34.4338
v  97.3463 -0.0248 47.9832
v  92.6570 -0.0248 40.8210
v  9.9274 -0.0265 -8.9333
v  48.5062 -0.0248 2.2248
v  57.3538 -0.0248 7.4758
v  63.5524 -0.0248 11.1547
v  103.2341 -0.0248 62.2354
v  105.6821 -0.0248 76.4402
v  105.4226 -0.0287 84.4476
v  215.1101 -127.9820 -208.5109
v  9.9277 -127.9820 -209.3408
v  224.5903 -137.8336 -209.5777
v  352.0873 -137.8336 -36.4855
v  353.9180 -137.8336 -29.6976
v  299.3719 -137.9364 155.1981
# 97 vertices

vn 0.0306 0.9654 -0.2588
vn 0.0304 0.9692 -0.2445
vn 0.0242 0.9898 -0.1406
vn 0.0277 0.9898 -0.1400
vn 0.0298 0.9240 -0.3812
vn 0.0301 0.9308 -0.3643
vn 0.0304 0.9692 -0.2445
vn 0.0306 0.9654 -0.2588
vn 0.0258 0.8667 -0.4981
vn 0.0265 0.8765 -0.4808
vn 0.0301 0.9308 -0.3643
vn 0.0298 0.9240 -0.3812
vn 0.0206 0.7944 -0.6071
vn 0.0214 0.8065 -0.5908
vn 0.0265 0.8765 -0.4808
vn 0.0258 0.8667 -0.4981
vn 0.0150 0.7082 -0.7059
vn 0.0158 0.7219 -0.6918
vn 0.0214 0.8065 -0.5908
vn 0.0206 0.7944 -0.6071
vn 0.0096 0.6096 -0.7926
vn 0.0103 0.6239 -0.7815
vn 0.0158 0.7219 -0.6918
vn 0.0150 0.7082 -0.7059
vn 0.0056 0.5006 -0.8656
vn 0.0060 0.5142 -0.8577
vn 0.0103 0.6239 -0.7815
vn 0.0096 0.6096 -0.7926
vn 0.0002 0.3828 -0.9238
vn 0.0004 0.3944 -0.9190
vn 0.0014 0.4552 -0.8904
vn 0.0014 0.4552 -0.8904
vn -0.0022 0.2588 -0.9659
vn -0.0020 0.2673 -0.9636
vn 0.0004 0.3944 -0.9190
vn 0.0002 0.3828 -0.9238
vn -0.0039 0.1321 -0.9912
vn -0.0039 0.1365 -0.9906
vn -0.0020 0.2673 -0.9636
vn -0.0022 0.2588 -0.9659
vn -0.0045 0.0708 -0.9975
vn -0.0045 0.0708 -0.9975
vn -0.0039 0.1365 -0.9906
vn -0.0039 0.1321 -0.9912
vn 0.7962 0.1612 -0.5832
vn 0.7962 0.1607 -0.5832
vn 0.8039 0.0854 -0.5886
vn 0.8039 0.0854 -0.5886
vn 0.7661 0.3119 -0.5620
vn 0.7663 0.3110 -0.5622
vn 0.7962 0.1607 -0.5832
vn 0.7962 0.1612 -0.5832
vn 0.7185 0.4525 -0.5282
vn 0.7190 0.4512 -0.5286
vn 0.7663 0.3110 -0.5622
vn 0.7661 0.3119 -0.5620
vn 0.6565 0.5773 -0.4855
vn 0.6574 0.5758 -0.4861
vn 0.6849 0.5246 -0.5057
vn 0.6849 0.5246 -0.5057
vn 0.5850 0.6846 -0.4349
vn 0.5863 0.6829 -0.4358
vn 0.6574 0.5758 -0.4861
vn 0.6565 0.5773 -0.4855
vn 0.5066 0.7740 -0.3799
vn 0.5083 0.7723 -0.3811
vn 0.5863 0.6829 -0.4358
vn 0.5850 0.6846 -0.4349
vn 0.4241 0.8465 -0.3220
vn 0.4263 0.8448 -0.3235
vn 0.5083 0.7723 -0.3811
vn 0.5066 0.7740 -0.3799
vn 0.3394 0.9033 -0.2624
vn 0.3422 0.9017 -0.2644
vn 0.4263 0.8448 -0.3235
vn 0.4241 0.8465 -0.3220
vn 0.2538 0.9460 -0.2017
vn 0.2575 0.9444 -0.2043
vn 0.3422 0.9017 -0.2644
vn 0.3394 0.9033 -0.2624
vn 0.1682 0.9758 -0.1399
vn 0.1732 0.9744 -0.1435
vn 0.2575 0.9444 -0.2043
vn 0.2538 0.9460 -0.2017
vn 0.0887 0.9928 -0.0806
vn 0.0968 0.9916 -0.0853
vn 0.1732 0.9744 -0.1435
vn 0.1682 0.9758 -0.1399
vn 0.9469 0.1355 0.2915
vn 0.9465 0.1392 0.2913
vn 0.9529 0.0722 0.2944
vn 0.9529 0.0722 0.2944
vn 0.9223 0.2658 0.2806
vn 0.9204 0.2730 0.2798
vn 0.9465 0.1392 0.2913
vn 0.9469 0.1355 0.2915
vn 0.8811 0.3925 0.2639
vn 0.8773 0.4018 0.2624
vn 0.9204 0.2730 0.2798
vn 0.9223 0.2658 0.2806
vn 0.8259 0.5117 0.2366
vn 0.8199 0.5225 0.2342
vn 0.8505 0.4647 0.2465
vn 0.8505 0.4647 0.2465
vn 0.7553 0.6217 0.2076
vn 0.7472 0.6325 0.2040
vn 0.8199 0.5225 0.2342
vn 0.8259 0.5117 0.2366
vn 0.6721 0.7202 0.1720
vn 0.6626 0.7299 0.1679
vn 0.7472 0.6325 0.2040
vn 0.7553 0.6217 0.2076
vn 0.5779 0.8052 0.1327
vn 0.5678 0.8131 0.1285
vn 0.6626 0.7299 0.1679
vn 0.6721 0.7202 0.1720
vn 0.4743 0.8756 0.0912
vn 0.4652 0.8808 0.0877
vn 0.5678 0.8131 0.1285
vn 0.5779 0.8052 0.1327
vn 0.3634 0.9303 0.0498
vn 0.3573 0.9328 0.0477
vn 0.4652 0.8808 0.0877
vn 0.4743 0.8756 0.0912
vn 0.2456 0.9693 0.0128
vn 0.2460 0.9692 0.0129
vn 0.3573 0.9328 0.0477
vn 0.3634 0.9303 0.0498
vn 0.1329 0.9910 -0.0139
vn 0.1488 0.9888 -0.0070
vn 0.2460 0.9692 0.0129
vn 0.2456 0.9693 0.0128
vn 0.0242 0.9898 -0.1406
vn 0.0169 0.9955 -0.0929
vn 0.0216 0.9960 -0.0862
vn 0.0968 0.9916 -0.0853
vn 0.0502 0.9975 -0.0504
vn 0.0541 0.9973 -0.0498
vn 0.0661 0.9972 -0.0344
vn 0.1329 0.9910 -0.0139
vn 0.0620 0.9972 -0.0406
vn 0.0169 0.9955 -0.0929
vn 0.0242 0.9898 -0.1406
vn 0.0055 0.9959 -0.0898
vn 0.0277 0.9898 -0.1400
vn 0.0216 0.9960 -0.0862
vn 0.0291 0.9977 -0.0615
vn 0.0216 0.9960 -0.0862
vn 0.0277 0.9898 -0.1400
vn 0.0242 0.9898 -0.1406
vn 0.0277 0.9898 -0.1400
vn 0.0291 0.9977 -0.0615
vn 0.0331 0.9979 -0.0558
vn 0.0502 0.9975 -0.0504
vn 0.0887 0.9928 -0.0806
vn 0.0415 0.9978 -0.0515
vn 0.0502 0.9975 -0.0504
vn 0.0968 0.9916 -0.0853
vn 0.0887 0.9928 -0.0806
vn 0.1488 0.9888 -0.0070
vn 0.0923 0.9956 -0.0175
vn 0.1025 0.9947 -0.0121
vn 0.0923 0.9956 -0.0175
vn 0.1329 0.9910 -0.0139
vn 0.0661 0.9972 -0.0344
vn 0.0923 0.9956 -0.0175
vn 0.1488 0.9888 -0.0070
vn 0.1329 0.9910 -0.0139
vn 0.1488 0.9888 -0.0070
vn 0.1025 0.9947 -0.0121
vn 0.0911 0.9958 0.0034
vn 0.0044 0.4557 -0.8901
vn 0.0044 0.4557 -0.8901
vn 0.0060 0.5142 -0.8577
vn 0.0056 0.5006 -0.8656
vn 0.6856 0.5246 -0.5047
vn 0.6856 0.5246 -0.5047
vn 0.7190 0.4512 -0.5286
vn 0.7185 0.4525 -0.5282
vn 0.8492 0.4640 0.2520
vn 0.8492 0.4640 0.2520
vn 0.8773 0.4018 0.2624
vn 0.8811 0.3925 0.2639
vn -0.0306 -0.9654 0.2588
vn -0.0277 -0.9898 0.1400
vn -0.0242 -0.9898 0.1406
vn -0.0304 -0.9692 0.2445
vn -0.0298 -0.9240 0.3812
vn -0.0306 -0.9654 0.2588
vn -0.0304 -0.9692 0.2445
vn -0.0301 -0.9308 0.3643
vn -0.0258 -0.8667 0.4981
vn -0.0298 -0.9240 0.3812
vn -0.0301 -0.9308 0.3643
vn -0.0265 -0.8765 0.4808
vn -0.0206 -0.7944 0.6071
vn -0.0258 -0.8667 0.4981
vn -0.0265 -0.8765 0.4808
vn -0.0214 -0.8065 0.5908
vn -0.0150 -0.7082 0.7059
vn -0.0206 -0.7944 0.6071
vn -0.0214 -0.8065 0.5908
vn -0.0158 -0.7219 0.6918
vn -0.0096 -0.6096 0.7926
vn -0.0150 -0.7082 0.7059
vn -0.0158 -0.7219 0.6918
vn -0.0103 -0.6239 0.7815
vn -0.0056 -0.5006 0.8656
vn -0.0096 -0.6096 0.7926
vn -0.0103 -0.6239 0.7815
vn -0.0060 -0.5142 0.8577
vn -0.0002 -0.3828 0.9238
vn -0.0014 -0.4552 0.8904
vn -0.0014 -0.4552 0.8904
vn -0.0004 -0.3944 0.9190
vn 0.0022 -0.2588 0.9659
vn -0.0002 -0.3828 0.9238
vn -0.0004 -0.3944 0.9190
vn 0.0020 -0.2673 0.9636
vn 0.0039 -0.1321 0.9912
vn 0.0022 -0.2588 0.9659
vn 0.0020 -0.2673 0.9636
vn 0.0039 -0.1365 0.9906
vn 0.0045 -0.0708 0.9975
vn 0.0039 -0.1321 0.9912
vn 0.0039 -0.1365 0.9906
vn 0.0045 -0.0708 0.9975
vn -0.7962 -0.1612 0.5832
vn -0.8039 -0.0854 0.5886
vn -0.8039 -0.0854 0.5886
vn -0.7962 -0.1607 0.5832
vn -0.7661 -0.3119 0.5620
vn -0.7962 -0.1612 0.5832
vn -0.7962 -0.1607 0.5832
vn -0.7663 -0.3110 0.5622
vn -0.7185 -0.4525 0.5282
vn -0.7661 -0.3119 0.5620
vn -0.7663 -0.3110 0.5622
vn -0.7190 -0.4512 0.5286
vn -0.6565 -0.5773 0.4855
vn -0.6849 -0.5246 0.5057
vn -0.6849 -0.5246 0.5057
vn -0.6574 -0.5758 0.4861
vn -0.5850 -0.6846 0.4349
vn -0.6565 -0.5773 0.4855
vn -0.6574 -0.5758 0.4861
vn -0.5863 -0.6829 0.4358
vn -0.5066 -0.7740 0.3799
vn -0.5850 -0.6846 0.4349
vn -0.5863 -0.6829 0.4358
vn -0.5083 -0.7723 0.3811
vn -0.4241 -0.8465 0.3220
vn -0.5066 -0.7740 0.3799
vn -0.5083 -0.7723 0.3811
vn -0.4263 -0.8448 0.3235
vn -0.3394 -0.9033 0.2624
vn -0.4241 -0.8465 0.3220
vn -0.4263 -0.8448 0.3235
vn -0.3422 -0.9017 0.2644
vn -0.2538 -0.9460 0.2017
vn -0.3394 -0.9033 0.2624
vn -0.3422 -0.9017 0.2644
vn -0.2575 -0.9444 0.2043
vn -0.1682 -0.9758 0.1399
vn -0.2538 -0.9460 0.2017
vn -0.2575 -0.9444 0.2043
vn -0.1732 -0.9744 0.1435
vn -0.0887 -0.9928 0.0806
vn -0.1682 -0.9758 0.1399
vn -0.1732 -0.9744 0.1435
vn -0.0968 -0.9916 0.0853
vn -0.9469 -0.1355 -0.2915
vn -0.9529 -0.0722 -0.2944
vn -0.9529 -0.0722 -0.2944
vn -0.9465 -0.1392 -0.2913
vn -0.9223 -0.2658 -0.2806
vn -0.9469 -0.1355 -0.2915
vn -0.9465 -0.1392 -0.2913
vn -0.9204 -0.2730 -0.2798
vn -0.8811 -0.3925 -0.2639
vn -0.9223 -0.2658 -0.2806
vn -0.9204 -0.2730 -0.2798
vn -0.8773 -0.4018 -0.2624
vn -0.8259 -0.5117 -0.2366
vn -0.8505 -0.4647 -0.2465
vn -0.8505 -0.4647 -0.2465
vn -0.8199 -0.5225 -0.2342
vn -0.7553 -0.6217 -0.2076
vn -0.8259 -0.5117 -0.2366
vn -0.8199 -0.5225 -0.2342
vn -0.7472 -0.6325 -0.2040
vn -0.6721 -0.7202 -0.1720
vn -0.7553 -0.6217 -0.2076
vn -0.7472 -0.6325 -0.2040
vn -0.6626 -0.7299 -0.1679
vn -0.5779 -0.8052 -0.1327
vn -0.6721 -0.7202 -0.1720
vn -0.6626 -0.7299 -0.1679
vn -0.5678 -0.8131 -0.1285
vn -0.4743 -0.8756 -0.0912
vn -0.5779 -0.8052 -0.1327
vn -0.5678 -0.8131 -0.1285
vn -0.4652 -0.8808 -0.0877
vn -0.3634 -0.9303 -0.0498
vn -0.4743 -0.8756 -0.0912
vn -0.4652 -0.8808 -0.0877
vn -0.3573 -0.9328 -0.0477
vn -0.2456 -0.9693 -0.0128
vn -0.3634 -0.9303 -0.0498
vn -0.3573 -0.9328 -0.0477
vn -0.2460 -0.9692 -0.0129
vn -0.1329 -0.9910 0.0139
vn -0.2456 -0.9693 -0.0128
vn -0.2460 -0.9692 -0.0129
vn -0.1488 -0.9888 0.0070
vn -0.0242 -0.9898 0.1406
vn -0.0216 -0.9960 0.0862
vn -0.0169 -0.9955 0.0929
vn -0.0968 -0.9916 0.0853
vn -0.0541 -0.9973 0.0498
vn -0.0502 -0.9975 0.0504
vn -0.0661 -0.9972 0.0344
vn -0.0620 -0.9972 0.0406
vn -0.1329 -0.9910 0.0139
vn -0.0169 -0.9955 0.0929
vn -0.0055 -0.9959 0.0898
vn -0.0242 -0.9898 0.1406
vn -0.0277 -0.9898 0.1400
vn -0.0291 -0.9977 0.0615
vn -0.0216 -0.9960 0.0862
vn -0.0216 -0.9960 0.0862
vn -0.0242 -0.9898 0.1406
vn -0.0277 -0.9898 0.1400
vn -0.0277 -0.9898 0.1400
vn -0.0331 -0.9979 0.0558
vn -0.0291 -0.9977 0.0615
vn -0.0502 -0.9975 0.0504
vn -0.0415 -0.9978 0.0515
vn -0.0887 -0.9928 0.0806
vn -0.0502 -0.9975 0.0504
vn -0.0887 -0.9928 0.0806
vn -0.0968 -0.9916 0.0853
vn -0.1488 -0.9888 0.0070
vn -0.1025 -0.9947 0.0121
vn -0.0923 -0.9956 0.0175
vn -0.0923 -0.9956 0.0175
vn -0.0661 -0.9972 0.0344
vn -0.1329 -0.9910 0.0139
vn -0.0923 -0.9956 0.0175
vn -0.1329 -0.9910 0.0139
vn -0.1488 -0.9888 0.0070
vn -0.1488 -0.9888 0.0070
vn -0.0911 -0.9958 -0.0034
vn -0.1025 -0.9947 0.0121
vn -0.0044 -0.4557 0.8901
vn -0.0056 -0.5006 0.8656
vn -0.0060 -0.5142 0.8577
vn -0.0044 -0.4557 0.8901
vn -0.6856 -0.5246 0.5047
vn -0.7185 -0.4525 0.5282
vn -0.7190 -0.4512 0.5286
vn -0.6856 -0.5246 0.5047
vn -0.8492 -0.4640 -0.2520
vn -0.8811 -0.3925 -0.2639
vn -0.8773 -0.4018 -0.2624
vn -0.8492 -0.4640 -0.2520
# 366 vertex normals

vt 0.6120 0.8680 0.2371
vt 0.5129 0.8500 0.2371
vt 0.5127 0.8968 0.2626
vt 0.5854 0.9177 0.2626
vt 0.6377 0.8185 0.1950
vt 0.5132 0.8032 0.1950
vt 0.6623 0.7694 0.1372
vt 0.5137 0.7566 0.1372
vt 0.6852 0.7205 0.0645
vt 0.5143 0.7101 0.0645
vt 0.7059 0.6721 -0.0217
vt 0.5148 0.6635 -0.0217
vt 0.7242 0.6243 -0.1201
vt 0.5154 0.6167 -0.1201
vt 0.7398 0.5768 -0.2288
vt 0.5161 0.5700 -0.2288
vt 0.5538 0.9351 0.1540
vt 0.5511 0.5432 0.1540
vt 0.5348 0.5434 0.1875
vt 0.5372 0.9296 0.1875
vt 0.6114 0.9491 0.0302
vt 0.6082 0.5428 0.0302
vt 0.6687 0.9573 -0.0981
vt 0.6653 0.5424 -0.0981
vt 0.7078 0.9591 -0.1875
vt 0.7043 0.5421 -0.1875
vt 0.6058 0.9530 -0.0981
vt 0.5477 0.5451 -0.0981
vt 0.5104 0.5492 -0.1875
vt 0.5688 0.9594 -0.1875
vt 0.6600 0.9410 0.0302
vt 0.6032 0.5423 0.0302
vt 0.7149 0.9260 0.1540
vt 0.6600 0.5427 0.1540
vt 0.5145 0.5691 -0.2288
vt 0.7196 0.5711 -0.2288
vt 0.7221 0.5553 -0.2709
vt 0.5127 0.5532 -0.2709
vt 0.5211 0.6147 -0.1201
vt 0.7112 0.6160 -0.1201
vt 0.5289 0.6618 -0.0217
vt 0.7012 0.6622 -0.0217
vt 0.5377 0.7103 0.0645
vt 0.6898 0.7097 0.0645
vt 0.5476 0.7602 0.1372
vt 0.6771 0.7583 0.1372
vt 0.5581 0.8113 0.1950
vt 0.6635 0.8079 0.1950
vt 0.5692 0.8634 0.2371
vt 0.6491 0.8583 0.2371
vt 0.5807 0.9162 0.2626
vt 0.6341 0.9092 0.2626
vt 0.5801 0.9544 -0.0981
vt 0.5513 0.5501 -0.0983
vt 0.5104 0.5528 -0.1871
vt 0.5391 0.9594 -0.1875
vt 0.6399 0.9419 0.0302
vt 0.6116 0.5464 0.0303
vt 0.6999 0.9239 0.1540
vt 0.6715 0.5431 0.1534
vt 0.5132 0.5583 -0.2287
vt 0.7396 0.6591 -0.2288
vt 0.7459 0.6452 -0.2710
vt 0.5151 0.5421 -0.2708
vt 0.5107 0.6055 -0.1199
vt 0.7220 0.6975 -0.1199
vt 0.5105 0.6545 -0.0216
vt 0.7041 0.7358 -0.0216
vt 0.5122 0.7053 0.0646
vt 0.6858 0.7740 0.0647
vt 0.5157 0.7572 0.1373
vt 0.6670 0.8123 0.1373
vt 0.5198 0.8104 0.1951
vt 0.6475 0.8505 0.1953
vt 0.5241 0.8651 0.2372
vt 0.6275 0.8879 0.2373
vt 0.5287 0.9208 0.2627
vt 0.6071 0.9250 0.2626
vt 0.5195 0.9306 0.2709
vt 0.5377 0.9368 0.2709
vt 0.6059 0.9493 0.2709
vt 0.6226 0.9471 0.2709
vt 0.5425 0.9545 0.2710
vt 0.5321 0.9591 0.2710
vt 0.5212 0.9300 0.2709
vt 0.5555 0.9469 0.2709
vt 0.5653 0.9549 0.2709
vt 0.5892 0.9549 0.2709
vt 0.5625 0.9499 0.2710
vt 0.5817 0.9501 0.2710
vt 0.5939 0.9419 0.2710
vt 0.7443 0.5599 -0.2709
vt 0.5163 0.5532 -0.2709
vt 0.7308 0.9209 0.1875
vt 0.6767 0.5437 0.1875
vt 0.7171 0.9174 0.1875
vt 0.6887 0.5423 0.1870
# 97 texture coords

o HalfRoundRoofGlassL
g HalfRoundRoofGlassL
s 1
f 569/593/2465 570/594/2466 571/595/2467 572/596/2468 
f 573/597/2469 574/598/2470 570/594/2471 569/593/2472 
f 575/599/2473 576/600/2474 574/598/2475 573/597/2476 
f 577/601/2477 578/602/2478 576/600/2479 575/599/2480 
f 579/603/2481 580/604/2482 578/602/2483 577/601/2484 
f 581/605/2485 582/606/2486 580/604/2487 579/603/2488 
f 583/607/2489 584/608/2490 582/606/2491 581/605/2492 
f 585/609/2493 586/610/2494 587/611/2495 588/612/2496 
f 589/613/2497 590/614/2498 586/610/2499 585/609/2500 
f 591/615/2501 592/616/2502 590/614/2503 589/613/2504 
f 593/617/2505 594/618/2506 592/616/2507 591/615/2508 
f 595/619/2509 596/620/2510 597/621/2511 598/622/2512 
f 599/623/2513 600/624/2514 596/620/2515 595/619/2516 
f 601/625/2517 602/626/2518 600/624/2519 599/623/2520 
f 603/627/2521 604/628/2522 605/629/2523 606/630/2524 
f 607/631/2525 608/632/2526 604/628/2527 603/627/2528 
f 609/633/2529 610/634/2530 608/632/2531 607/631/2532 
f 611/635/2533 612/636/2534 610/634/2535 609/633/2536 
f 613/637/2537 614/638/2538 612/636/2539 611/635/2540 
f 615/639/2541 616/640/2542 614/638/2543 613/637/2544 
f 617/641/2545 618/642/2546 616/640/2547 615/639/2548 
f 619/643/2549 620/644/2550 618/642/2551 617/641/2552 
f 621/645/2553 622/646/2554 623/647/2555 624/648/2556 
f 625/649/2557 626/650/2558 622/646/2559 621/645/2560 
f 627/651/2561 628/652/2562 626/650/2563 625/649/2564 
f 629/653/2565 630/654/2566 631/655/2567 632/656/2568 
f 633/657/2569 634/658/2570 630/654/2571 629/653/2572 
f 635/659/2573 636/660/2574 634/658/2575 633/657/2576 
f 637/661/2577 638/662/2578 636/660/2579 635/659/2580 
f 639/663/2581 640/664/2582 638/662/2583 637/661/2584 
f 641/665/2585 642/666/2586 640/664/2587 639/663/2588 
f 643/667/2589 644/668/2590 642/666/2591 641/665/2592 
f 645/669/2593 646/670/2594 644/668/2595 643/667/2596 
f 571/595/2597 647/671/2598 648/672/2599 
f 620/644/2600 649/673/2601 650/674/2602 
f 651/675/2603 645/669/2604 652/676/2605 
f 647/671/2606 571/595/2607 653/677/2608 
f 572/596/2609 648/672/2610 654/678/2611 
f 648/672/2612 572/596/2613 571/595/2614 
f 572/596/2615 654/678/2616 655/679/2617 
f 649/673/2618 619/643/2619 656/680/2620 
f 649/673/2621 620/644/2622 619/643/2623 
f 646/670/2624 657/681/2625 658/682/2626 
f 657/681/2627 645/669/2628 651/675/2629 
f 657/681/2630 646/670/2631 645/669/2632 
f 646/670/2633 658/682/2634 659/683/2635 
f 660/684/2636 661/685/2637 584/608/2638 583/607/2639 
f 662/686/2640 663/687/2641 602/626/2642 601/625/2643 
f 664/688/2644 665/689/2645 628/652/2646 627/651/2647 
f 569/593/2648 572/596/2649 571/595/2650 570/594/2651 
f 573/597/2652 569/593/2653 570/594/2654 574/598/2655 
f 575/599/2656 573/597/2657 574/598/2658 576/600/2659 
f 577/601/2660 575/599/2661 576/600/2662 578/602/2663 
f 579/603/2664 577/601/2665 578/602/2666 580/604/2667 
f 581/605/2668 579/603/2669 580/604/2670 582/606/2671 
f 583/607/2672 581/605/2673 582/606/2674 584/608/2675 
f 585/609/2676 588/612/2677 587/611/2678 586/610/2679 
f 589/613/2680 585/609/2681 586/610/2682 590/614/2683 
f 591/615/2684 589/613/2685 590/614/2686 592/616/2687 
f 593/617/2688 591/615/2689 592/616/2690 594/618/2691 
f 595/619/2692 598/622/2693 597/621/2694 596/620/2695 
f 599/623/2696 595/619/2697 596/620/2698 600/624/2699 
f 601/625/2700 599/623/2701 600/624/2702 602/626/2703 
f 603/627/2704 606/630/2705 605/629/2706 604/628/2707 
f 607/631/2708 603/627/2709 604/628/2710 608/632/2711 
f 609/633/2712 607/631/2713 608/632/2714 610/634/2715 
f 611/635/2716 609/633/2717 610/634/2718 612/636/2719 
f 613/637/2720 611/635/2721 612/636/2722 614/638/2723 
f 615/639/2724 613/637/2725 614/638/2726 616/640/2727 
f 617/641/2728 615/639/2729 616/640/2730 618/642/2731 
f 619/643/2732 617/641/2733 618/642/2734 620/644/2735 
f 621/645/2736 624/648/2737 623/647/2738 622/646/2739 
f 625/649/2740 621/645/2741 622/646/2742 626/650/2743 
f 627/651/2744 625/649/2745 626/650/2746 628/652/2747 
f 629/653/2748 632/656/2749 631/655/2750 630/654/2751 
f 633/657/2752 629/653/2753 630/654/2754 634/658/2755 
f 635/659/2756 633/657/2757 634/658/2758 636/660/2759 
f 637/661/2760 635/659/2761 636/660/2762 638/662/2763 
f 639/663/2764 637/661/2765 638/662/2766 640/664/2767 
f 641/665/2768 639/663/2769 640/664/2770 642/666/2771 
f 643/667/2772 641/665/2773 642/666/2774 644/668/2775 
f 645/669/2776 643/667/2777 644/668/2778 646/670/2779 
f 571/595/2780 648/672/2781 647/671/2782 
f 620/644/2783 650/674/2784 649/673/2785 
f 651/675/2786 652/676/2787 645/669/2788 
f 647/671/2789 653/677/2790 571/595/2791 
f 572/596/2792 654/678/2793 648/672/2794 
f 648/672/2795 571/595/2796 572/596/2797 
f 572/596/2798 655/679/2799 654/678/2800 
f 649/673/2801 656/680/2802 619/643/2803 
f 649/673/2804 619/643/2805 620/644/2806 
f 646/670/2807 658/682/2808 657/681/2809 
f 657/681/2810 651/675/2811 645/669/2812 
f 657/681/2813 645/669/2814 646/670/2815 
f 646/670/2816 659/683/2817 658/682/2818 
f 660/684/2819 583/607/2820 584/608/2821 661/685/2822 
f 662/686/2823 601/625/2824 602/626/2825 663/687/2826 
f 664/688/2827 627/651/2828 628/652/2829 665/689/2830 
# 72 polygons - 26 triangles

#
# object DoorTopBevel
#

v  -0.0003 0.0043 -118.1098
v  -0.0003 39.3756 -118.1098
v  -0.0003 39.3756 118.1107
v  -0.0003 0.0044 118.1107
v  -15.1219 36.3787 -118.1102
v  -15.1219 36.3788 118.1103
v  -36.3736 15.0147 -118.1107
v  -39.3697 0.0046 -118.1108
v  -39.3697 0.0047 118.1097
v  -36.3736 15.0148 118.1098
v  -27.8732 27.7813 -118.1105
v  -27.8732 27.7813 118.1100
# 12 vertices

vn 1.0000 -0.0000 -0.0000
vn 1.0000 -0.0000 -0.0000
vn 1.0000 -0.0000 -0.0000
vn 1.0000 -0.0000 -0.0000
vn -0.1944 0.9809 -0.0000
vn -0.1944 0.9809 -0.0000
vn -0.3843 0.9232 -0.0000
vn -0.3843 0.9232 -0.0000
vn -0.9241 0.3822 -0.0000
vn -0.9807 0.1957 -0.0000
vn -0.9807 0.1957 -0.0000
vn -0.9241 0.3822 -0.0000
vn -0.7092 0.7051 -0.0000
vn -0.9241 0.3822 -0.0000
vn -0.9241 0.3822 -0.0000
vn -0.7092 0.7051 -0.0000
vn -0.3843 0.9232 -0.0000
vn -0.7092 0.7051 -0.0000
vn -0.7092 0.7051 -0.0000
vn -0.3843 0.9232 -0.0000
# 20 vertex normals

vt 0.4996 0.5504 0.2188
vt 0.4996 0.6247 0.0000
vt 0.0133 0.6247 0.7188
vt 0.0133 0.5504 0.9375
vt 0.0129 0.1067 0.7188
vt 0.2487 0.1067 0.0000
vt 0.2487 0.1249 0.0000
vt 0.0129 0.1249 0.7188
vt 0.2487 0.1613 0.0000
vt 0.2487 0.1794 0.0000
vt 0.0129 0.1794 0.7188
vt 0.0129 0.1613 0.7188
vt 0.2487 0.1431 0.0000
vt 0.0129 0.1431 0.7188
# 14 texture coords

o DoorTopBevel
g DoorTopBevel
s 1
f 666/690/2831 667/691/2832 668/692/2833 669/693/2834 
s 2
f 668/694/2835 667/695/2836 670/696/2837 671/697/2838 
f 672/698/2839 673/699/2840 674/700/2841 675/701/2842 
f 676/702/2843 672/698/2844 675/701/2845 677/703/2846 
f 670/696/2847 676/702/2848 677/703/2849 671/697/2850 
# 5 polygons

#
# object FlatTriRoofGlass
#

v  -14.4440 -0.0001 -183.8174
v  -134.7844 -0.0001 -277.7270
v  -261.9693 -0.0001 -227.2868
v  -157.3307 -0.0001 -90.4180
v  134.7844 -0.0001 -277.7270
v  14.4440 -0.0001 -183.8174
v  157.3307 -0.0001 -90.4180
v  261.9693 -0.0001 -227.2868
v  -133.8064 -0.0001 -437.2562
v  -359.4002 -0.0001 -389.8094
v  -271.8141 -0.0001 -241.4753
v  -141.5170 -0.0001 -293.1497
v  141.5170 -0.0001 -293.1497
v  271.8141 -0.0001 -241.4753
v  359.4002 -0.0001 -389.8094
v  133.8064 -0.0001 -437.2562
v  -116.1453 -0.0001 -456.1477
v  116.1453 -0.0001 -456.1477
v  109.9651 -0.0001 -651.8604
v  -109.9650 -0.0001 -651.8604
v  -124.7761 -0.0001 -291.2502
v  0.0000 -0.0001 -193.8792
v  124.7761 -0.0001 -291.2502
v  0.0000 -0.0000 -331.0117
v  116.8530 -0.0001 -439.3292
v  -116.8529 -0.0001 -439.3292
v  -367.4478 -0.0001 -650.7500
v  -381.0974 -0.0001 -647.3338
v  -367.0213 0.0002 -594.8973
v  -394.6759 -0.0001 -641.6920
v  -407.4984 -0.0001 -634.0819
v  -418.9304 -0.0001 -624.8809
v  -428.4201 -0.0001 -614.5681
v  -435.5329 -0.0001 -603.7044
v  -439.9954 -0.0001 -592.9022
v  -441.7839 -0.0001 -582.5239
v  -441.4478 -0.0001 -572.5361
v  -367.6587 -0.0001 -405.2589
v  -133.0207 -0.0001 -454.6078
v  -126.7918 -0.0001 -651.8604
v  -353.9923 -0.0001 -651.8604
v  353.9923 -0.0001 -651.8604
v  126.7919 -0.0001 -651.8604
v  367.0207 0.0002 -594.8970
v  133.0207 -0.0001 -454.6078
v  367.6587 -0.0001 -405.2589
v  441.4478 -0.0001 -572.5361
v  441.7839 -0.0001 -582.5239
v  439.9954 -0.0001 -592.9022
v  435.5329 -0.0001 -603.7044
v  428.4201 -0.0001 -614.5681
v  418.9304 -0.0001 -624.8809
v  407.4984 -0.0001 -634.0819
v  394.6759 -0.0001 -641.6920
v  381.0974 -0.0001 -647.3338
v  367.4478 -0.0001 -650.7500
v  -20.8645 -0.0001 51.2454
v  -13.3351 -0.0001 55.3856
v  0.0006 -0.0002 0.0006
v  -4.5403 -0.0001 57.6384
v  4.5403 -0.0001 57.6384
v  13.3351 -0.0001 55.3856
v  20.8645 -0.0001 51.2454
v  146.1261 -0.0001 -77.6492
v  0.0000 -0.0001 -173.1661
v  -146.1261 -0.0001 -77.6492
# 66 vertices

vn 0.0000 1.0000 -0.0000
vn 0.0000 1.0000 -0.0000
vn 0.0000 1.0000 -0.0000
vn 0.0000 1.0000 -0.0000
vn 0.0000 1.0000 -0.0000
vn 0.0000 1.0000 -0.0000
vn 0.0000 1.0000 -0.0000
vn 0.0000 1.0000 -0.0000
vn 0.0000 1.0000 -0.0000
vn 0.0000 1.0000 -0.0000
vn 0.0000 1.0000 -0.0000
vn 0.0000 1.0000 -0.0000
vn 0.0000 1.0000 -0.0000
vn 0.0000 1.0000 -0.0000
vn 0.0000 1.0000 -0.0000
vn 0.0000 1.0000 -0.0000
vn 0.0000 1.0000 -0.0000
vn 0.0000 1.0000 -0.0000
vn 0.0000 1.0000 -0.0000
vn 0.0000 1.0000 -0.0000
vn -0.0000 1.0000 0.0000
vn 0.0000 1.0000 0.0000
vn 0.0000 1.0000 0.0000
vn 0.0000 1.0000 0.0000
vn 0.0000 1.0000 0.0000
vn 0.0000 1.0000 -0.0000
vn 0.0000 1.0000 0.0000
vn 0.0000 1.0000 -0.0000
vn -0.0000 1.0000 -0.0000
vn 0.0000 1.0000 0.0000
vn -0.0000 1.0000 -0.0000
vn -0.0000 1.0000 0.0000
vn 0.0000 1.0000 0.0000
vn -0.0000 1.0000 -0.0000
vn -0.0000 1.0000 -0.0000
vn -0.0000 1.0000 -0.0000
vn -0.0000 1.0000 -0.0000
vn -0.0000 1.0000 -0.0000
vn -0.0000 1.0000 -0.0000
vn -0.0000 1.0000 -0.0000
vn -0.0000 1.0000 -0.0000
vn -0.0000 1.0000 -0.0000
vn -0.0000 1.0000 -0.0000
vn -0.0000 1.0000 -0.0000
vn -0.0000 1.0000 -0.0000
vn -0.0000 1.0000 -0.0000
vn -0.0000 1.0000 -0.0000
vn -0.0000 1.0000 -0.0000
vn -0.0000 1.0000 -0.0000
vn -0.0000 1.0000 -0.0000
vn -0.0000 1.0000 -0.0000
vn -0.0000 1.0000 -0.0000
vn -0.0000 1.0000 -0.0000
vn -0.0000 1.0000 -0.0000
vn -0.0000 1.0000 -0.0000
vn -0.0000 1.0000 -0.0000
vn -0.0000 1.0000 -0.0000
vn -0.0000 1.0000 -0.0000
vn -0.0000 1.0000 0.0000
vn -0.0000 1.0000 -0.0000
vn -0.0000 1.0000 0.0000
vn -0.0000 1.0000 0.0000
vn -0.0000 1.0000 -0.0000
vn -0.0000 1.0000 0.0000
vn 0.0000 1.0000 0.0000
vn 0.0000 1.0000 -0.0000
vn -0.0000 1.0000 -0.0000
vn 0.0000 1.0000 -0.0000
vn -0.0000 1.0000 -0.0000
vn -0.0000 1.0000 -0.0000
vn -0.0000 1.0000 -0.0000
vn -0.0000 1.0000 -0.0000
vn -0.0000 1.0000 -0.0000
vn 0.0000 1.0000 -0.0000
vn -0.0000 1.0000 -0.0000
vn 0.0000 1.0000 -0.0000
vn -0.0000 1.0000 -0.0000
vn -0.0000 1.0000 0.0000
vn 0.0000 1.0000 0.0000
vn 0.0000 1.0000 -0.0000
vn 0.0000 1.0000 0.0000
vn 0.0000 1.0000 0.0000
vn 0.0000 1.0000 -0.0000
vn 0.0000 1.0000 0.0000
vn 0.0000 1.0000 -0.0000
vn 0.0000 1.0000 -0.0000
vn 0.0000 1.0000 -0.0000
vn 0.0000 1.0000 -0.0000
vn 0.0000 1.0000 -0.0000
vn 0.0000 1.0000 -0.0000
vn 0.0000 1.0000 -0.0000
vn 0.0000 1.0000 -0.0000
vn 0.0000 1.0000 -0.0000
vn 0.0000 1.0000 -0.0000
vn 0.0000 1.0000 -0.0000
vn 0.0000 1.0000 -0.0000
vn 0.0000 1.0000 -0.0000
vn 0.0000 1.0000 -0.0000
vn 0.0000 1.0000 -0.0000
vn 0.0000 1.0000 -0.0000
vn 0.0000 1.0000 -0.0000
vn 0.0000 1.0000 -0.0000
vn 0.0000 1.0000 -0.0000
vn 0.0000 1.0000 -0.0000
vn 0.0000 1.0000 -0.0000
vn 0.0000 1.0000 -0.0000
vn 0.0000 1.0000 -0.0000
vn 0.0000 1.0000 -0.0000
vn 0.0000 1.0000 -0.0000
vn 0.0000 1.0000 -0.0000
vn 0.0000 1.0000 -0.0000
vn 0.0000 1.0000 -0.0000
vn 0.0000 1.0000 -0.0000
vn 0.0000 1.0000 -0.0000
vn 0.0000 1.0000 -0.0000
vn -0.0000 1.0000 -0.0000
vn 0.0000 1.0000 -0.0000
vn 0.0000 1.0000 -0.0000
vn -0.0000 1.0000 -0.0000
vn 0.0000 1.0000 -0.0000
vn -0.0000 1.0000 -0.0000
vn -0.0000 1.0000 -0.0000
vn -0.0000 1.0000 -0.0000
vn -0.0000 1.0000 -0.0000
vn -0.0000 1.0000 -0.0000
vn -0.0000 1.0000 -0.0000
vn -0.0000 1.0000 -0.0000
vn -0.0000 1.0000 -0.0000
vn -0.0000 1.0000 -0.0000
vn -0.0000 1.0000 0.0000
vn -0.0000 1.0000 -0.0000
vn -0.0000 1.0000 0.0000
vn 0.0000 1.0000 0.0000
vn 0.0000 1.0000 0.0000
vn -0.0000 1.0000 -0.0000
vn 0.0000 1.0000 0.0000
vn 0.0000 1.0000 -0.0000
vn -0.0000 1.0000 -0.0000
vn 0.0000 -1.0000 -0.0000
vn 0.0000 -1.0000 -0.0000
vn 0.0000 -1.0000 -0.0000
vn 0.0000 -1.0000 -0.0000
vn 0.0000 -1.0000 -0.0000
vn 0.0000 -1.0000 -0.0000
vn 0.0000 -1.0000 -0.0000
vn 0.0000 -1.0000 -0.0000
vn 0.0000 -1.0000 -0.0000
vn 0.0000 -1.0000 -0.0000
vn 0.0000 -1.0000 -0.0000
vn 0.0000 -1.0000 -0.0000
vn 0.0000 -1.0000 -0.0000
vn 0.0000 -1.0000 -0.0000
vn 0.0000 -1.0000 -0.0000
vn 0.0000 -1.0000 -0.0000
vn 0.0000 -1.0000 -0.0000
vn 0.0000 -1.0000 -0.0000
vn 0.0000 -1.0000 -0.0000
vn 0.0000 -1.0000 -0.0000
vn 0.0000 -1.0000 -0.0000
vn -0.0000 -1.0000 -0.0000
vn -0.0000 -1.0000 -0.0000
vn 0.0000 -1.0000 -0.0000
vn -0.0000 -1.0000 -0.0000
vn -0.0000 -1.0000 -0.0000
vn -0.0000 -1.0000 0.0000
vn -0.0000 -1.0000 0.0000
vn -0.0000 -1.0000 -0.0000
vn 0.0000 -1.0000 0.0000
vn 0.0000 -1.0000 0.0000
vn -0.0000 -1.0000 -0.0000
vn 0.0000 -1.0000 -0.0000
vn 0.0000 -1.0000 0.0000
vn 0.0000 -1.0000 0.0000
vn 0.0000 -1.0000 0.0000
vn 0.0000 -1.0000 0.0000
vn 0.0000 -1.0000 0.0000
vn 0.0000 -1.0000 0.0000
vn 0.0000 -1.0000 0.0000
vn 0.0000 -1.0000 0.0000
vn 0.0000 -1.0000 0.0000
vn 0.0000 -1.0000 0.0000
vn 0.0000 -1.0000 0.0000
vn 0.0000 -1.0000 0.0000
vn 0.0000 -1.0000 0.0000
vn 0.0000 -1.0000 0.0000
vn 0.0000 -1.0000 0.0000
vn 0.0000 -1.0000 0.0000
vn 0.0000 -1.0000 0.0000
vn 0.0000 -1.0000 0.0000
vn 0.0000 -1.0000 0.0000
vn 0.0000 -1.0000 0.0000
vn 0.0000 -1.0000 0.0000
vn 0.0000 -1.0000 0.0000
vn 0.0000 -1.0000 0.0000
vn 0.0000 -1.0000 0.0000
vn 0.0000 -1.0000 0.0000
vn 0.0000 -1.0000 0.0000
vn 0.0000 -1.0000 -0.0000
vn 0.0000 -1.0000 -0.0000
vn 0.0000 -1.0000 0.0000
vn 0.0000 -1.0000 -0.0000
vn 0.0000 -1.0000 -0.0000
vn 0.0000 -1.0000 0.0000
vn -0.0000 -1.0000 0.0000
vn -0.0000 -1.0000 -0.0000
vn -0.0000 -1.0000 0.0000
vn 0.0000 -1.0000 0.0000
vn 0.0000 -1.0000 0.0000
vn 0.0000 -1.0000 0.0000
vn 0.0000 -1.0000 0.0000
vn 0.0000 -1.0000 0.0000
vn -0.0000 -1.0000 0.0000
vn -0.0000 -1.0000 0.0000
vn 0.0000 -1.0000 0.0000
vn 0.0000 -1.0000 0.0000
vn -0.0000 -1.0000 0.0000
vn -0.0000 -1.0000 -0.0000
vn 0.0000 -1.0000 -0.0000
vn -0.0000 -1.0000 -0.0000
vn -0.0000 -1.0000 0.0000
vn -0.0000 -1.0000 -0.0000
vn -0.0000 -1.0000 -0.0000
vn -0.0000 -1.0000 0.0000
vn -0.0000 -1.0000 0.0000
vn -0.0000 -1.0000 0.0000
vn -0.0000 -1.0000 0.0000
vn -0.0000 -1.0000 0.0000
vn -0.0000 -1.0000 0.0000
vn -0.0000 -1.0000 0.0000
vn -0.0000 -1.0000 0.0000
vn -0.0000 -1.0000 0.0000
vn -0.0000 -1.0000 0.0000
vn -0.0000 -1.0000 0.0000
vn -0.0000 -1.0000 0.0000
vn -0.0000 -1.0000 0.0000
vn -0.0000 -1.0000 0.0000
vn -0.0000 -1.0000 0.0000
vn -0.0000 -1.0000 0.0000
vn -0.0000 -1.0000 0.0000
vn -0.0000 -1.0000 0.0000
vn -0.0000 -1.0000 0.0000
vn -0.0000 -1.0000 0.0000
vn -0.0000 -1.0000 0.0000
vn -0.0000 -1.0000 0.0000
vn -0.0000 -1.0000 0.0000
vn -0.0000 -1.0000 0.0000
vn -0.0000 -1.0000 0.0000
vn -0.0000 -1.0000 0.0000
vn -0.0000 -1.0000 0.0000
vn -0.0000 -1.0000 0.0000
vn -0.0000 -1.0000 0.0000
vn -0.0000 -1.0000 0.0000
vn 0.0000 -1.0000 0.0000
vn -0.0000 -1.0000 0.0000
vn -0.0000 -1.0000 0.0000
vn 0.0000 -1.0000 0.0000
vn -0.0000 -1.0000 0.0000
vn -0.0000 -1.0000 0.0000
vn 0.0000 -1.0000 0.0000
vn 0.0000 -1.0000 0.0000
vn 0.0000 -1.0000 0.0000
vn 0.0000 -1.0000 0.0000
vn 0.0000 -1.0000 0.0000
vn 0.0000 -1.0000 0.0000
vn 0.0000 -1.0000 0.0000
vn 0.0000 -1.0000 0.0000
vn 0.0000 -1.0000 0.0000
vn 0.0000 -1.0000 0.0000
vn 0.0000 -1.0000 -0.0000
vn 0.0000 -1.0000 -0.0000
vn 0.0000 -1.0000 0.0000
vn -0.0000 -1.0000 -0.0000
vn 0.0000 -1.0000 -0.0000
vn -0.0000 -1.0000 -0.0000
vn 0.0000 -1.0000 0.0000
vn -0.0000 -1.0000 0.0000
# 276 vertex normals

vt 0.6251 0.5746 0.0000
vt 0.7153 0.6902 0.0000
vt 0.6668 0.8124 0.0000
vt 0.5354 0.7119 0.0000
vt 0.7153 0.6968 0.0000
vt 0.6251 0.8124 0.0000
vt 0.5354 0.6752 0.0000
vt 0.6668 0.5746 0.0000
vt 0.7330 0.5852 0.0000
vt 0.6875 0.8018 0.0000
vt 0.5450 0.7177 0.0000
vt 0.5946 0.5926 0.0000
vt 0.5946 0.7944 0.0000
vt 0.5450 0.6693 0.0000
vt 0.6875 0.5852 0.0000
vt 0.7330 0.8018 0.0000
vt 0.5419 0.8051 0.0000
vt 0.5419 0.5820 0.0000
vt 0.7299 0.5879 0.0000
vt 0.7299 0.7991 0.0000
vt 0.6039 0.8134 -0.0607
vt 0.5104 0.6935 -0.0607
vt 0.6039 0.5737 -0.0607
vt 0.6421 0.6935 0.0607
vt 0.7461 0.5813 -0.0607
vt 0.7461 0.8057 -0.0607
vt 0.5112 0.6137 -0.3831
vt 0.5144 0.6006 -0.3831
vt 0.5648 0.6141 0.3831
vt 0.5199 0.5875 -0.3831
vt 0.5272 0.5752 -0.3831
vt 0.5360 0.5642 -0.3831
vt 0.5459 0.5551 -0.3831
vt 0.5563 0.5483 -0.3831
vt 0.5667 0.5440 -0.3831
vt 0.5767 0.5422 -0.3831
vt 0.5863 0.5426 -0.3831
vt 0.7470 0.6134 -0.3831
vt 0.6996 0.8388 -0.3831
vt 0.5101 0.8448 -0.3831
vt 0.5101 0.6266 -0.3831
vt 0.5101 0.7605 -0.3831
vt 0.5101 0.5422 -0.3831
vt 0.5648 0.7729 0.3831
vt 0.6996 0.5482 -0.3831
vt 0.7470 0.7736 -0.3831
vt 0.5863 0.8445 -0.3831
vt 0.5767 0.8448 -0.3831
vt 0.5667 0.8431 -0.3831
vt 0.5563 0.8388 -0.3831
vt 0.5459 0.8319 -0.3831
vt 0.5360 0.8228 -0.3831
vt 0.5272 0.8118 -0.3831
vt 0.5199 0.7995 -0.3831
vt 0.5144 0.7865 -0.3831
vt 0.5112 0.7734 -0.3831
vt 0.5247 0.7136 0.2133
vt 0.5207 0.7063 0.2133
vt 0.5739 0.6935 -0.2133
vt 0.5185 0.6979 0.2133
vt 0.5185 0.6892 0.2133
vt 0.5207 0.6807 0.2133
vt 0.5247 0.6735 0.2133
vt 0.6485 0.5532 0.2133
vt 0.7402 0.6935 0.2133
vt 0.6485 0.8339 0.2133
# 66 texture coords

o FlatTriRoofGlass
g FlatTriRoofGlass
s 1
f 678/704/2851 679/705/2852 680/706/2853 681/707/2854 
f 682/708/2855 683/709/2856 684/710/2857 685/711/2858 
f 686/712/2859 687/713/2860 688/714/2861 689/715/2862 
f 690/716/2863 691/717/2864 692/718/2865 693/719/2866 
f 694/720/2867 695/721/2868 696/722/2869 697/723/2870 
f 698/724/2871 699/725/2872 700/726/2873 701/727/2874 
f 700/726/2875 702/728/2876 701/727/2877 
f 702/728/2878 703/729/2879 701/727/2880 
f 703/729/2881 698/724/2882 701/727/2883 
f 704/730/2884 705/731/2885 706/732/2886 
f 705/731/2887 707/733/2888 706/732/2889 
f 707/733/2890 708/734/2891 706/732/2892 
f 708/734/2893 709/735/2894 706/732/2895 
f 709/735/2896 710/736/2897 706/732/2898 
f 710/736/2899 711/737/2900 706/732/2901 
f 711/737/2902 712/738/2903 706/732/2904 
f 712/738/2905 713/739/2906 706/732/2907 
f 713/739/2908 714/740/2909 706/732/2910 
f 714/740/2911 715/741/2912 706/732/2913 
f 715/741/2914 716/742/2915 717/743/2916 706/732/2917 
f 717/743/2918 718/744/2919 706/732/2920 
f 718/744/2921 704/730/2922 706/732/2923 
f 719/745/2924 720/746/2925 721/747/2926 
f 720/746/2927 722/748/2928 723/749/2929 721/747/2930 
f 723/749/2931 724/750/2932 721/747/2933 
f 724/750/2934 725/751/2935 721/747/2936 
f 725/751/2937 726/752/2938 721/747/2939 
f 726/752/2940 727/753/2941 721/747/2942 
f 727/753/2943 728/754/2944 721/747/2945 
f 728/754/2946 729/755/2947 721/747/2948 
f 729/755/2949 730/756/2950 721/747/2951 
f 730/756/2952 731/757/2953 721/747/2954 
f 731/757/2955 732/758/2956 721/747/2957 
f 732/758/2958 733/759/2959 721/747/2960 
f 733/759/2961 719/745/2962 721/747/2963 
f 734/760/2964 735/761/2965 736/762/2966 
f 735/761/2967 737/763/2968 736/762/2969 
f 737/763/2970 738/764/2971 736/762/2972 
f 738/764/2973 739/765/2974 736/762/2975 
f 739/765/2976 740/766/2977 736/762/2978 
f 740/766/2979 741/767/2980 736/762/2981 
f 741/767/2982 742/768/2983 743/769/2984 736/762/2985 
f 743/769/2986 734/760/2987 736/762/2988 
f 678/704/2989 681/707/2990 680/706/2991 679/705/2992 
f 682/708/2993 685/711/2994 684/710/2995 683/709/2996 
f 686/712/2997 689/715/2998 688/714/2999 687/713/3000 
f 690/716/3001 693/719/3002 692/718/3003 691/717/3004 
f 694/720/3005 697/723/3006 696/722/3007 695/721/3008 
f 698/724/3009 701/727/3010 700/726/3011 699/725/3012 
f 700/726/3013 701/727/3014 702/728/3015 
f 702/728/3016 701/727/3017 703/729/3018 
f 703/729/3019 701/727/3020 698/724/3021 
f 704/730/3022 706/732/3023 705/731/3024 
f 705/731/3025 706/732/3026 707/733/3027 
f 707/733/3028 706/732/3029 708/734/3030 
f 708/734/3031 706/732/3032 709/735/3033 
f 709/735/3034 706/732/3035 710/736/3036 
f 710/736/3037 706/732/3038 711/737/3039 
f 711/737/3040 706/732/3041 712/738/3042 
f 712/738/3043 706/732/3044 713/739/3045 
f 713/739/3046 706/732/3047 714/740/3048 
f 714/740/3049 706/732/3050 715/741/3051 
f 715/741/3052 706/732/3053 717/743/3054 716/742/3055 
f 717/743/3056 706/732/3057 718/744/3058 
f 718/744/3059 706/732/3060 704/730/3061 
f 719/745/3062 721/747/3063 720/746/3064 
f 720/746/3065 721/747/3066 723/749/3067 722/748/3068 
f 723/749/3069 721/747/3070 724/750/3071 
f 724/750/3072 721/747/3073 725/751/3074 
f 725/751/3075 721/747/3076 726/752/3077 
f 726/752/3078 721/747/3079 727/753/3080 
f 727/753/3081 721/747/3082 728/754/3083 
f 728/754/3084 721/747/3085 729/755/3086 
f 729/755/3087 721/747/3088 730/756/3089 
f 730/756/3090 721/747/3091 731/757/3092 
f 731/757/3093 721/747/3094 732/758/3095 
f 732/758/3096 721/747/3097 733/759/3098 
f 733/759/3099 721/747/3100 719/745/3101 
f 734/760/3102 736/762/3103 735/761/3104 
f 735/761/3105 736/762/3106 737/763/3107 
f 737/763/3108 736/762/3109 738/764/3110 
f 738/764/3111 736/762/3112 739/765/3113 
f 739/765/3114 736/762/3115 740/766/3116 
f 740/766/3117 736/762/3118 741/767/3119 
f 741/767/3120 736/762/3121 743/769/3122 742/768/3123 
f 743/769/3124 736/762/3125 734/760/3126 
# 18 polygons - 68 triangles

